Frontend-Node:  =======================================================================
                FPBA has been activated in order to calculate connectivity information.
                =======================================================================

==============================================================================================
[Boundaries] - MCalc
open-add-space, open-add-space, open-add-space, open-add-space, open-add-space, open-add-space
==============================================================================================

========================================
[Mesh] Matrix calculation - NO ACIS mode
========================================

=============================
[Mesh] Expansion: 0 0 0 0 0 0
=============================

=================================================================================
 - hardware info
   + cpu name                    : Intel(R) Core(TM) 5 120U
   + sockets                     : 1
   + cores per socket            : 2
   + hyperthreading              : on
   + ht-units                    : 2
   + efficiency cores            : 8, not used
   + max cpuid level             : 32
   + max cpuid ext. level        : 8
   + numa nodes                  : 1
   + Numa Memory Info
     numa node     installed     available    (MByte)
       0                 0          6803
   + internal cpu info           : CPUID: selected engine is 'Leaf 0xB detection'
performance cores:
apic ids           : 0, 1, 8, 9
apic ids (fallback): 0, 1, 8, 9
from cpu registers: 0, 1, 8, 9
fallback: 0, 1, 8, 9
combined: 0, 1, 8, 9
core 0 type: Intel Core
core 1 type: Intel Core
core 2 type: Intel Core
core 3 type: Intel Core
max id per cpu: 64
SMT mask: 1
Core mask: 3e
Package mask: ffffffc0
set results:
  - packages: 1
  - cores: 2
  - smts: 2
generate core map, new implementation
0, 1, 2, 3
packages: 1
cores   : 2
ht units: 2
efficiency cores:
apic ids           : 16, 18, 20, 22, 24, 26, 28, 30
apic ids (fallback): 16, 18, 20, 22, 24, 26, 28, 30
from cpu registers: 16, 18, 20, 22, 24, 26, 28, 30
fallback: 16, 18, 20, 22, 24, 26, 28, 30
combined: 16, 18, 20, 22, 24, 26, 28, 30
core 0 type: Intel Atom
core 1 type: Intel Atom
core 2 type: Intel Atom
core 3 type: Intel Atom
core 4 type: Intel Atom
core 5 type: Intel Atom
core 6 type: Intel Atom
core 7 type: Intel Atom
max id per cpu: 64
SMT mask: 1
Core mask: 3e
Package mask: ffffffc0
set results:
  - packages: 1
  - cores: 8
  - smts: 1
generate core map, new implementation
0, 1, 2, 3, 4, 5, 6, 7
packages: 1
cores   : 8
ht units: 1
CPU sockets: 1 != 3
 - pinning rule in use   : PINNING_RULE_MCALC_SKIP_ALL
 - desired group         : 0
 - num cores available   : 12
 - efficiency cores      : 8, not used
 - active core list from affinity: 
   + num accessible procs          : 12
   + num logical procs             : 12
   + current affinity (env)        : 0,1,2,3,4,5,6,7,8,9,10,11
   + sockets ids in                : 0
   + core list                  (1): 0,2,4,5,6,7,8,9,10,11
 - active cores          : 0,2,4,5,6,7,8,9,10,11
 - hyperthreading        : on
 - allowed core ids      : 0,2
 - allowed core ids (aff): 10 10 00 00 
00 00 
 - used mask (string)    : 10 10 00 00 
00 00 
=================================================================================

===================================================================================================
Version: 2025.0 Release from 2024-08-30 (change 1315043) [Release]
Workflow: PBA matrix coefficients
Operation: [acis, fpba, meshfill, bg, port-path, port-domain, tst, tst-nextgen, coeff, surface-imp]
Architecture: Windows, ID: AMD64
System Windows-64bit
Using processor group 0/1
Matrix calculation information:
# of Nodes: 0
Concurrency: 0
Start ID: 0
Node ID: 0
HEX Mesh information:
Hex mesh: global: [hxr o(0 | 0 | 0) s(4 | 36 | 15) np (no TSTs): 2160] 
===================================================================================================

>>>>>>>>>>>>>>>>>>>>>>>>>>>>>>>>>>>>>>>>
Tue Tue Aug 11 20:13:15 2026
started: calculating matrix coefficients
>>>>>>>>>>>>>>>>>>>>>>>>>>>>>>>>>>>>>>>>

============================================================
Matrix computation (PBA)
	[Perfect Boundary Approximation (PBA), version: default]
	[GPU acceleration: off (by user)]
Version: 2025.0 Release from 2024-08-30 (change 1315043)
PBA version: default, 2.20240218
Model compatibility: 2025.20240830
Sub-Workflow: FARM-1x1-TST2
Workflow updated: -
Tue Tue Aug 11 20:13:15 2026
============================================================

----------------------------------------------
Used point accuracy enhancement value: 75.00%.
----------------------------------------------

========================================================================
The maximum supported number of mesh cells without MPI is: 2,147,483,647
========================================================================

------------------------------------------------------------------------------------------------
Geometry processing log
	PEC background is represented by CAD geometry: false
	Background shape: added
	Multithread portion: 100.00
	Number of CAD shapes: 2
	Number of lumps: 1
------------------------------------------------------------------------------------------------
=========================================
== CST Matrix Calculation Priority Log ==
=========================================
Priorities are sorted in ascending order beginning with the lowest priority
 
Group | Shape-ID | ShapeName | Material | User-priority | 2D/3D-Geometry | Material-attributes | Shape-attributes | Feature-ID | Schemetype
1 | 4 | </cst/Boundaries/> Low^X | $NFSMaterial$ | n/a | no | normal.vacuum. | boundary. | n/a | FIT_TD
1 | 5 | </cst/Boundaries/> Low^Y | $NFSMaterial$ | n/a | no | normal.vacuum. | boundary. | n/a | FIT_TD
1 | 6 | </cst/Boundaries/> Low^Z | $NFSMaterial$ | n/a | no | normal.vacuum. | boundary. | n/a | FIT_TD
1 | 7 | </cst/Boundaries/> Up^X | $NFSMaterial$ | n/a | no | normal.vacuum. | boundary. | n/a | FIT_TD
1 | 8 | </cst/Boundaries/> Up^Y | $NFSMaterial$ | n/a | no | normal.vacuum. | boundary. | n/a | FIT_TD
1 | 9 | </cst/Boundaries/> Up^Z | $NFSMaterial$ | n/a | no | normal.vacuum. | boundary. | n/a | FIT_TD
2 | 1 | component1:Substrate__1_0 | FR-4 (lossy) | n/a | yes | dispersive-mue.normal. | solid. | n/a | FIT_TD
3 | 2 | component1:gnd__1_0 | Copper (annealed) | n/a | yes | pec.rho.surface-impedance. | solid. | n/a | FIT_TD
3 | 3 | component1:gnd__1_0 (Lump 2) | Copper (annealed) | n/a | yes | pec.rho.surface-impedance. | solid. | n/a | FIT_TD
=========================================
************************************************************************************************
General settings
	PBA version: default, 2.20240218, potentials: not required
	Model compatibility: 2025.20240830
	Software version: 2025.0 Release from 2024-08-30 (change 1315043)
------------------------------------------------------------------------------------------------
Geometry processor: default
	Geo accuracy: 75.000000
	Watertightness check: true
	Self intersection check: false
	Inheritance (all): false
	Normal dominance (all): false
	Normal dominance (ports): false
	Flanges hollow: true
	One shape per flange: false
	Multi threading: true
		max # of threads used: 4
		requested max # of threads: 4
		representation: indexed
		method: multi thread
		retry: no
------------------------------------------------------------------------------------------------
CAD processing settings are set to default
------------------------------------------------------------------------------------------------
Connectivity settings
	Workflow selection: 0
	Workflow version: 20180101
	Gap detection: true
	Gap detection version: 2
	TST version: default, 2.20240218, potentials: not required
	QQ workflow: true
	CoCo workflow: true
	Legacy topology: false
	Connectivity check: false
------------------------------------------------------------------------------------------------
------------------------------------------------------------------------------------------------
CAD Processing Version Info
	ACIS version installed:	34.0.1
	ACIS version used:	34.0.1
------------------------------------------------------------------------------------------------
Success method:	multi-thread-22
************************************************************************************************

-------------------------------------------------
Geometry representation: extended-edge
Shared memory: none
FARM allocation scheme: PA
Parallelization: off
Gap-Detection activated for FARM-topology. Gaps are resolved, even partially.: gap tolerance value is 0.001000 and mesh geometry scale is 0.001000

----------------------
Acceleration mode: CPU
----------------------

Port homogenization method: M2H point index deviation
ccccccccccccccccccccccccccccccccccccccccccccccccccccccccccccccccccccc
FARM/Meshfill cache is set to 8 (local FI domains: 1, dynamic: false)
ccccccccccccccccccccccccccccccccccccccccccccccccccccccccccccccccccccc

=============================================================
Hex cell analyzer settings:
	max number of E fields per mesh edge: 2
	max number of H fields per mesh face: 4
	supporting dual grid: false
	performance improvement: ROI limit: true
	performance improvement: ROI threshold: 2
	performance improvement: single topology extraction: true
	performance improvement: pre-categorize cell volume: true
	periodic align: 0
	periodic cells: true
	homogenization version: pid
=============================================================

-------------------
TST Statistics:
E Split (0 | 0 | 0)
E Adapt (0 | 0 | 0)
B Split (0 | 0 | 0)
B Adapt (0 | 0 | 0)
-------------------

-------------------------------------------------------------
TST Version 2.20240218, tst tiny faces fix: on, TST1 BWC: off
-------------------------------------------------------------

------------------------------------------------------------------------------
+++++++++++++++++++++++++++++++++++++++++++++++++++++
settings for port mode calculation
+++++++++++++++++++++++++++++++++++++++++++++++++++++
PBA fill limit is applied in inverse mode.
PBA fill limit is applied on faces filled with at least 99.00% metal material.
--------------------------------------------------------------
detailed accuracy settings:
--------------------------------------------------------------
augmented fill limit:       true
augmented fill limit value: 99.00
automatic fill limit:       true
early fill limit:           true
inverse fill limit:         true
model complexity:           0.00
legacy 2015:                false
fixed point accuracy:       false
minimum point accuracy:     0
mesh step inheritance:      false
accuracy mode:              
------------------------------------------------------------------------------

--------------------------------------
Glued 0 metal grid points in port area
--------------------------------------

-------------------------------------------------------------------------------
TST aware field source monitor processing forced by environment variable: false
No TST aware field source monitors to be processed
-------------------------------------------------------------------------------

=================================
Finished matrix computation (PBA)
=================================

<<<<<<<<<<<<<<<<<<<<<<<<<<<<<<<<<<<<<<<<<<<<<<<<<<<<<
Tue Tue Aug 11 20:13:35 2026
Resource usage for calculating matrix coefficients:
	Runtime                          00:00:19.00675 s
	Peak Memory Usage:                        47 MB
<<<<<<<<<<<<<<<<<<<<<<<<<<<<<<<<<<<<<<<<<<<<<<<<<<<<<

--------------------------------
# of staircase filled cells: 0
# of staircase filled areas: 0
# of staircase filled edges: 0
# of faces above fill limit: 0
# of edges with FPBA topology: 0
--------------------------------

Frontend-Node:  =======================================================================
                FPBA has been activated in order to calculate connectivity information.
                =======================================================================

==============================================================================================
[Boundaries] - MCalc
open-add-space, open-add-space, open-add-space, open-add-space, open-add-space, open-add-space
==============================================================================================

========================================
[Mesh] Matrix calculation - NO ACIS mode
========================================

=============================
[Mesh] Expansion: 0 0 0 0 0 0
=============================

=================================================================================
 - hardware info
   + cpu name                    : Intel(R) Core(TM) 5 120U
   + sockets                     : 1
   + cores per socket            : 2
   + hyperthreading              : on
   + ht-units                    : 2
   + efficiency cores            : 8, not used
   + max cpuid level             : 32
   + max cpuid ext. level        : 8
   + numa nodes                  : 1
   + Numa Memory Info
     numa node     installed     available    (MByte)
       0                 0          6810
   + internal cpu info           : CPUID: selected engine is 'Leaf 0xB detection'
performance cores:
apic ids           : 0, 1, 8, 9
apic ids (fallback): 0, 1, 8, 9
from cpu registers: 0, 1, 8, 9
fallback: 0, 1, 8, 9
combined: 0, 1, 8, 9
core 0 type: Intel Core
core 1 type: Intel Core
core 2 type: Intel Core
core 3 type: Intel Core
max id per cpu: 64
SMT mask: 1
Core mask: 3e
Package mask: ffffffc0
set results:
  - packages: 1
  - cores: 2
  - smts: 2
generate core map, new implementation
0, 1, 2, 3
packages: 1
cores   : 2
ht units: 2
efficiency cores:
apic ids           : 16, 18, 20, 22, 24, 26, 28, 30
apic ids (fallback): 16, 18, 20, 22, 24, 26, 28, 30
from cpu registers: 16, 18, 20, 22, 24, 26, 28, 30
fallback: 16, 18, 20, 22, 24, 26, 28, 30
combined: 16, 18, 20, 22, 24, 26, 28, 30
core 0 type: Intel Atom
core 1 type: Intel Atom
core 2 type: Intel Atom
core 3 type: Intel Atom
core 4 type: Intel Atom
core 5 type: Intel Atom
core 6 type: Intel Atom
core 7 type: Intel Atom
max id per cpu: 64
SMT mask: 1
Core mask: 3e
Package mask: ffffffc0
set results:
  - packages: 1
  - cores: 8
  - smts: 1
generate core map, new implementation
0, 1, 2, 3, 4, 5, 6, 7
packages: 1
cores   : 8
ht units: 1
CPU sockets: 1 != 3
 - pinning rule in use   : PINNING_RULE_MCALC_SKIP_ALL
 - desired group         : 0
 - num cores available   : 12
 - efficiency cores      : 8, not used
 - active core list from affinity: 
   + num accessible procs          : 12
   + num logical procs             : 12
   + current affinity (env)        : 0,1,2,3,4,5,6,7,8,9,10,11
   + sockets ids in                : 0
   + core list                  (1): 0,2,4,5,6,7,8,9,10,11
 - active cores          : 0,2,4,5,6,7,8,9,10,11
 - hyperthreading        : on
 - allowed core ids      : 0,2
 - allowed core ids (aff): 10 10 00 00 
00 00 
 - used mask (string)    : 10 10 00 00 
00 00 
=================================================================================

===================================================================================================
Version: 2025.0 Release from 2024-08-30 (change 1315043) [Release]
Workflow: PBA matrix coefficients
Operation: [acis, fpba, meshfill, bg, port-path, port-domain, tst, tst-nextgen, coeff, surface-imp]
Architecture: Windows, ID: AMD64
System Windows-64bit
Using processor group 0/1
Matrix calculation information:
# of Nodes: 0
Concurrency: 0
Start ID: 0
Node ID: 0
HEX Mesh information:
Hex mesh: global: [hxr o(0 | 0 | 0) s(4 | 46 | 24) np (no TSTs): 4416] 
===================================================================================================

>>>>>>>>>>>>>>>>>>>>>>>>>>>>>>>>>>>>>>>>
Tue Tue Aug 11 20:13:36 2026
started: calculating matrix coefficients
>>>>>>>>>>>>>>>>>>>>>>>>>>>>>>>>>>>>>>>>

============================================================
Matrix computation (PBA)
	[Perfect Boundary Approximation (PBA), version: default]
	[GPU acceleration: off (by user)]
Version: 2025.0 Release from 2024-08-30 (change 1315043)
PBA version: default, 2.20240218
Model compatibility: 2025.20240830
Sub-Workflow: FARM-1x1-TST2
Workflow updated: -
Tue Tue Aug 11 20:13:36 2026
============================================================

----------------------------------------------
Used point accuracy enhancement value: 75.00%.
----------------------------------------------

========================================================================
The maximum supported number of mesh cells without MPI is: 2,147,483,647
========================================================================

------------------------------------------------------------------------------------------------
Geometry processing log
	PEC background is represented by CAD geometry: false
	Background shape: added
	Multithread portion: 100.00
	Number of CAD shapes: 2
	Number of lumps: 1
------------------------------------------------------------------------------------------------
=========================================
== CST Matrix Calculation Priority Log ==
=========================================
Priorities are sorted in ascending order beginning with the lowest priority
 
Group | Shape-ID | ShapeName | Material | User-priority | 2D/3D-Geometry | Material-attributes | Shape-attributes | Feature-ID | Schemetype
1 | 4 | </cst/Boundaries/> Low^X | $NFSMaterial$ | n/a | no | normal.vacuum. | boundary. | n/a | FIT_TD
1 | 5 | </cst/Boundaries/> Low^Y | $NFSMaterial$ | n/a | no | normal.vacuum. | boundary. | n/a | FIT_TD
1 | 6 | </cst/Boundaries/> Low^Z | $NFSMaterial$ | n/a | no | normal.vacuum. | boundary. | n/a | FIT_TD
1 | 7 | </cst/Boundaries/> Up^X | $NFSMaterial$ | n/a | no | normal.vacuum. | boundary. | n/a | FIT_TD
1 | 8 | </cst/Boundaries/> Up^Y | $NFSMaterial$ | n/a | no | normal.vacuum. | boundary. | n/a | FIT_TD
1 | 9 | </cst/Boundaries/> Up^Z | $NFSMaterial$ | n/a | no | normal.vacuum. | boundary. | n/a | FIT_TD
2 | 1 | component1:Substrate__1_0 | FR-4 (lossy) | n/a | yes | dispersive-mue.normal. | solid. | n/a | FIT_TD
3 | 2 | component1:gnd__1_0 | Copper (annealed) | n/a | yes | pec.rho.surface-impedance. | solid. | n/a | FIT_TD
3 | 3 | component1:gnd__1_0 (Lump 2) | Copper (annealed) | n/a | yes | pec.rho.surface-impedance. | solid. | n/a | FIT_TD
=========================================
************************************************************************************************
General settings
	PBA version: default, 2.20240218, potentials: not required
	Model compatibility: 2025.20240830
	Software version: 2025.0 Release from 2024-08-30 (change 1315043)
------------------------------------------------------------------------------------------------
Geometry processor: default
	Geo accuracy: 75.000000
	Watertightness check: true
	Self intersection check: false
	Inheritance (all): false
	Normal dominance (all): false
	Normal dominance (ports): false
	Flanges hollow: true
	One shape per flange: false
	Multi threading: true
		max # of threads used: 4
		requested max # of threads: 4
		representation: indexed
		method: multi thread
		retry: no
------------------------------------------------------------------------------------------------
CAD processing settings are set to default
------------------------------------------------------------------------------------------------
Connectivity settings
	Workflow selection: 0
	Workflow version: 20180101
	Gap detection: true
	Gap detection version: 2
	TST version: default, 2.20240218, potentials: not required
	QQ workflow: true
	CoCo workflow: true
	Legacy topology: false
	Connectivity check: false
------------------------------------------------------------------------------------------------
------------------------------------------------------------------------------------------------
CAD Processing Version Info
	ACIS version installed:	34.0.1
	ACIS version used:	34.0.1
------------------------------------------------------------------------------------------------
Success method:	multi-thread-22
************************************************************************************************

>2026-08-11 20:43:36.00580< matrixcalc_AMD64 @ Adi:  !!!!!!!!!!!!!!!!!!!!!!!!!!!!!!!!!!!!!!!
                                                     current system memory usage reached 60%
                                                     !!!!!!!!!!!!!!!!!!!!!!!!!!!!!!!!!!!!!!!

-------------------------------------------------
Geometry representation: extended-edge
Shared memory: none
FARM allocation scheme: PA
Parallelization: off
Gap-Detection activated for FARM-topology. Gaps are resolved, even partially.: gap tolerance value is 0.001000 and mesh geometry scale is 0.001000

----------------------
Acceleration mode: CPU
----------------------

Port homogenization method: M2H point index deviation
ccccccccccccccccccccccccccccccccccccccccccccccccccccccccccccccccccccc
FARM/Meshfill cache is set to 8 (local FI domains: 1, dynamic: false)
ccccccccccccccccccccccccccccccccccccccccccccccccccccccccccccccccccccc

=============================================================
Hex cell analyzer settings:
	max number of E fields per mesh edge: 2
	max number of H fields per mesh face: 4
	supporting dual grid: false
	performance improvement: ROI limit: true
	performance improvement: ROI threshold: 2
	performance improvement: single topology extraction: true
	performance improvement: pre-categorize cell volume: true
	periodic align: 0
	periodic cells: true
	homogenization version: pid
=============================================================

-------------------
TST Statistics:
E Split (0 | 0 | 0)
E Adapt (0 | 0 | 0)
B Split (0 | 0 | 0)
B Adapt (0 | 0 | 0)
-------------------

-------------------------------------------------------------
TST Version 2.20240218, tst tiny faces fix: on, TST1 BWC: off
-------------------------------------------------------------

------------------------------------------------------------------------------
+++++++++++++++++++++++++++++++++++++++++++++++++++++
settings for port mode calculation
+++++++++++++++++++++++++++++++++++++++++++++++++++++
PBA fill limit is applied in inverse mode.
PBA fill limit is applied on faces filled with at least 99.00% metal material.
--------------------------------------------------------------
detailed accuracy settings:
--------------------------------------------------------------
augmented fill limit:       true
augmented fill limit value: 99.00
automatic fill limit:       true
early fill limit:           true
inverse fill limit:         true
model complexity:           0.00
legacy 2015:                false
fixed point accuracy:       false
minimum point accuracy:     0
mesh step inheritance:      false
accuracy mode:              
------------------------------------------------------------------------------

--------------------------------------
Glued 0 metal grid points in port area
--------------------------------------

-------------------------------------------------------------------------------
TST aware field source monitor processing forced by environment variable: false
No TST aware field source monitors to be processed
-------------------------------------------------------------------------------

=================================
Finished matrix computation (PBA)
=================================

<<<<<<<<<<<<<<<<<<<<<<<<<<<<<<<<<<<<<<<<<<<<<<<<<<<<<
Tue Tue Aug 11 20:13:56 2026
Resource usage for calculating matrix coefficients:
	Runtime                          00:00:19.00906 s
	Peak Memory Usage:                        71 MB
<<<<<<<<<<<<<<<<<<<<<<<<<<<<<<<<<<<<<<<<<<<<<<<<<<<<<

--------------------------------
# of staircase filled cells: 0
# of staircase filled areas: 0
# of staircase filled edges: 0
# of faces above fill limit: 0
# of edges with FPBA topology: 0
--------------------------------

Frontend-Node:  =======================================================================
                FPBA has been activated in order to calculate connectivity information.
                =======================================================================

==============================================================================================
[Boundaries] - MCalc
open-add-space, open-add-space, open-add-space, open-add-space, open-add-space, open-add-space
==============================================================================================

========================================
[Mesh] Matrix calculation - NO ACIS mode
========================================

=============================
[Mesh] Expansion: 0 0 0 0 0 0
=============================

=================================================================================
 - hardware info
   + cpu name                    : Intel(R) Core(TM) 5 120U
   + sockets                     : 1
   + cores per socket            : 2
   + hyperthreading              : on
   + ht-units                    : 2
   + efficiency cores            : 8, not used
   + max cpuid level             : 32
   + max cpuid ext. level        : 8
   + numa nodes                  : 1
   + Numa Memory Info
     numa node     installed     available    (MByte)
       0                 0          6828
   + internal cpu info           : CPUID: selected engine is 'Leaf 0xB detection'
performance cores:
apic ids           : 0, 1, 8, 9
apic ids (fallback): 0, 1, 8, 9
from cpu registers: 0, 1, 8, 9
fallback: 0, 1, 8, 9
combined: 0, 1, 8, 9
core 0 type: Intel Core
core 1 type: Intel Core
core 2 type: Intel Core
core 3 type: Intel Core
max id per cpu: 64
SMT mask: 1
Core mask: 3e
Package mask: ffffffc0
set results:
  - packages: 1
  - cores: 2
  - smts: 2
generate core map, new implementation
0, 1, 2, 3
packages: 1
cores   : 2
ht units: 2
efficiency cores:
apic ids           : 16, 18, 20, 22, 24, 26, 28, 30
apic ids (fallback): 16, 18, 20, 22, 24, 26, 28, 30
from cpu registers: 16, 18, 20, 22, 24, 26, 28, 30
fallback: 16, 18, 20, 22, 24, 26, 28, 30
combined: 16, 18, 20, 22, 24, 26, 28, 30
core 0 type: Intel Atom
core 1 type: Intel Atom
core 2 type: Intel Atom
core 3 type: Intel Atom
core 4 type: Intel Atom
core 5 type: Intel Atom
core 6 type: Intel Atom
core 7 type: Intel Atom
max id per cpu: 64
SMT mask: 1
Core mask: 3e
Package mask: ffffffc0
set results:
  - packages: 1
  - cores: 8
  - smts: 1
generate core map, new implementation
0, 1, 2, 3, 4, 5, 6, 7
packages: 1
cores   : 8
ht units: 1
CPU sockets: 1 != 3
 - pinning rule in use   : PINNING_RULE_MCALC_SKIP_ALL
 - desired group         : 0
 - num cores available   : 12
 - efficiency cores      : 8, not used
 - active core list from affinity: 
   + num accessible procs          : 12
   + num logical procs             : 12
   + current affinity (env)        : 0,1,2,3,4,5,6,7,8,9,10,11
   + sockets ids in                : 0
   + core list                  (1): 0,2,4,5,6,7,8,9,10,11
 - active cores          : 0,2,4,5,6,7,8,9,10,11
 - hyperthreading        : on
 - allowed core ids      : 0,2
 - allowed core ids (aff): 10 10 00 00 
00 00 
 - used mask (string)    : 10 10 00 00 
00 00 
=================================================================================

===================================================================================================
Version: 2025.0 Release from 2024-08-30 (change 1315043) [Release]
Workflow: PBA matrix coefficients
Operation: [acis, fpba, meshfill, bg, port-path, port-domain, tst, tst-nextgen, coeff, surface-imp]
Architecture: Windows, ID: AMD64
System Windows-64bit
Using processor group 0/1
Matrix calculation information:
# of Nodes: 0
Concurrency: 0
Start ID: 0
Node ID: 0
HEX Mesh information:
Hex mesh: global: [hxr o(0 | 0 | 0) s(4 | 58 | 39) np (no TSTs): 9048] 
===================================================================================================

>>>>>>>>>>>>>>>>>>>>>>>>>>>>>>>>>>>>>>>>
Tue Tue Aug 11 20:13:57 2026
started: calculating matrix coefficients
>>>>>>>>>>>>>>>>>>>>>>>>>>>>>>>>>>>>>>>>

============================================================
Matrix computation (PBA)
	[Perfect Boundary Approximation (PBA), version: default]
	[GPU acceleration: off (by user)]
Version: 2025.0 Release from 2024-08-30 (change 1315043)
PBA version: default, 2.20240218
Model compatibility: 2025.20240830
Sub-Workflow: FARM-1x1-TST2
Workflow updated: -
Tue Tue Aug 11 20:13:57 2026
============================================================

----------------------------------------------
Used point accuracy enhancement value: 75.00%.
----------------------------------------------

========================================================================
The maximum supported number of mesh cells without MPI is: 2,147,483,647
========================================================================

------------------------------------------------------------------------------------------------
Geometry processing log
	PEC background is represented by CAD geometry: false
	Background shape: added
	Multithread portion: 100.00
	Number of CAD shapes: 2
	Number of lumps: 1
------------------------------------------------------------------------------------------------
=========================================
== CST Matrix Calculation Priority Log ==
=========================================
Priorities are sorted in ascending order beginning with the lowest priority
 
Group | Shape-ID | ShapeName | Material | User-priority | 2D/3D-Geometry | Material-attributes | Shape-attributes | Feature-ID | Schemetype
1 | 4 | </cst/Boundaries/> Low^X | $NFSMaterial$ | n/a | no | normal.vacuum. | boundary. | n/a | FIT_TD
1 | 5 | </cst/Boundaries/> Low^Y | $NFSMaterial$ | n/a | no | normal.vacuum. | boundary. | n/a | FIT_TD
1 | 6 | </cst/Boundaries/> Low^Z | $NFSMaterial$ | n/a | no | normal.vacuum. | boundary. | n/a | FIT_TD
1 | 7 | </cst/Boundaries/> Up^X | $NFSMaterial$ | n/a | no | normal.vacuum. | boundary. | n/a | FIT_TD
1 | 8 | </cst/Boundaries/> Up^Y | $NFSMaterial$ | n/a | no | normal.vacuum. | boundary. | n/a | FIT_TD
1 | 9 | </cst/Boundaries/> Up^Z | $NFSMaterial$ | n/a | no | normal.vacuum. | boundary. | n/a | FIT_TD
2 | 1 | component1:Substrate__1_0 | FR-4 (lossy) | n/a | yes | dispersive-mue.normal. | solid. | n/a | FIT_TD
3 | 2 | component1:gnd__1_0 | Copper (annealed) | n/a | yes | pec.rho.surface-impedance. | solid. | n/a | FIT_TD
3 | 3 | component1:gnd__1_0 (Lump 2) | Copper (annealed) | n/a | yes | pec.rho.surface-impedance. | solid. | n/a | FIT_TD
=========================================
>2026-08-11 20:43:57.00548< matrixcalc_AMD64 @ Adi:  !!!!!!!!!!!!!!!!!!!!!!!!!!!!!!!!!!!!!!!
                                                     current system memory usage reached 60%
                                                     !!!!!!!!!!!!!!!!!!!!!!!!!!!!!!!!!!!!!!!

************************************************************************************************
General settings
	PBA version: default, 2.20240218, potentials: not required
	Model compatibility: 2025.20240830
	Software version: 2025.0 Release from 2024-08-30 (change 1315043)
------------------------------------------------------------------------------------------------
Geometry processor: default
	Geo accuracy: 75.000000
	Watertightness check: true
	Self intersection check: false
	Inheritance (all): false
	Normal dominance (all): false
	Normal dominance (ports): false
	Flanges hollow: true
	One shape per flange: false
	Multi threading: true
		max # of threads used: 4
		requested max # of threads: 4
		representation: indexed
		method: multi thread
		retry: no
------------------------------------------------------------------------------------------------
CAD processing settings are set to default
------------------------------------------------------------------------------------------------
Connectivity settings
	Workflow selection: 0
	Workflow version: 20180101
	Gap detection: true
	Gap detection version: 2
	TST version: default, 2.20240218, potentials: not required
	QQ workflow: true
	CoCo workflow: true
	Legacy topology: false
	Connectivity check: false
------------------------------------------------------------------------------------------------
------------------------------------------------------------------------------------------------
CAD Processing Version Info
	ACIS version installed:	34.0.1
	ACIS version used:	34.0.1
------------------------------------------------------------------------------------------------
Success method:	multi-thread-22
************************************************************************************************

-------------------------------------------------
Geometry representation: extended-edge
Shared memory: none
FARM allocation scheme: PA
Parallelization: off
Gap-Detection activated for FARM-topology. Gaps are resolved, even partially.: gap tolerance value is 0.001000 and mesh geometry scale is 0.001000

----------------------
Acceleration mode: CPU
----------------------

Port homogenization method: M2H point index deviation
ccccccccccccccccccccccccccccccccccccccccccccccccccccccccccccccccccccc
FARM/Meshfill cache is set to 8 (local FI domains: 1, dynamic: false)
ccccccccccccccccccccccccccccccccccccccccccccccccccccccccccccccccccccc

=============================================================
Hex cell analyzer settings:
	max number of E fields per mesh edge: 2
	max number of H fields per mesh face: 4
	supporting dual grid: false
	performance improvement: ROI limit: true
	performance improvement: ROI threshold: 2
	performance improvement: single topology extraction: true
	performance improvement: pre-categorize cell volume: true
	periodic align: 0
	periodic cells: true
	homogenization version: pid
=============================================================

-------------------
TST Statistics:
E Split (0 | 0 | 0)
E Adapt (0 | 0 | 0)
B Split (0 | 0 | 0)
B Adapt (0 | 0 | 0)
-------------------

-------------------------------------------------------------
TST Version 2.20240218, tst tiny faces fix: on, TST1 BWC: off
-------------------------------------------------------------

------------------------------------------------------------------------------
+++++++++++++++++++++++++++++++++++++++++++++++++++++
settings for port mode calculation
+++++++++++++++++++++++++++++++++++++++++++++++++++++
PBA fill limit is applied in inverse mode.
PBA fill limit is applied on faces filled with at least 99.00% metal material.
--------------------------------------------------------------
detailed accuracy settings:
--------------------------------------------------------------
augmented fill limit:       true
augmented fill limit value: 99.00
automatic fill limit:       true
early fill limit:           true
inverse fill limit:         true
model complexity:           0.00
legacy 2015:                false
fixed point accuracy:       false
minimum point accuracy:     0
mesh step inheritance:      false
accuracy mode:              
------------------------------------------------------------------------------

--------------------------------------
Glued 0 metal grid points in port area
--------------------------------------

-------------------------------------------------------------------------------
TST aware field source monitor processing forced by environment variable: false
No TST aware field source monitors to be processed
-------------------------------------------------------------------------------

=================================
Finished matrix computation (PBA)
=================================

<<<<<<<<<<<<<<<<<<<<<<<<<<<<<<<<<<<<<<<<<<<<<<<<<<<<<
Tue Tue Aug 11 20:14:18 2026
Resource usage for calculating matrix coefficients:
	Runtime                          00:00:20.00554 s
	Peak Memory Usage:                       113 MB
<<<<<<<<<<<<<<<<<<<<<<<<<<<<<<<<<<<<<<<<<<<<<<<<<<<<<

--------------------------------
# of staircase filled cells: 0
# of staircase filled areas: 0
# of staircase filled edges: 0
# of faces above fill limit: 0
# of edges with FPBA topology: 0
--------------------------------

Frontend-Node:  =======================================================================
                FPBA has been activated in order to calculate connectivity information.
                =======================================================================

>>>>>>>>>>>>>>>>>>>>>>>>>>>>>>>>
Tue Tue Aug 11 20:14:19 2026
started: parallelization control
>>>>>>>>>>>>>>>>>>>>>>>>>>>>>>>>

=============================================================================================================
Access to CPU cores has been restricted for this process, reduce number of parallel matrixcalcs from 2 to 10.
=============================================================================================================

=================================================================================
 - hardware info
   + cpu name                    : Intel(R) Core(TM) 5 120U
   + sockets                     : 1
   + cores per socket            : 2
   + hyperthreading              : on
   + ht-units                    : 2
   + efficiency cores            : 8, not used
   + max cpuid level             : 32
   + max cpuid ext. level        : 8
   + numa nodes                  : 1
   + Numa Memory Info
     numa node     installed     available    (MByte)
       0                 0          6762
   + internal cpu info           : CPUID: selected engine is 'Leaf 0xB detection'
performance cores:
apic ids           : 0, 1, 8, 9
apic ids (fallback): 0, 1, 8, 9
from cpu registers: 0, 1, 8, 9
fallback: 0, 1, 8, 9
combined: 0, 1, 8, 9
core 0 type: Intel Core
core 1 type: Intel Core
core 2 type: Intel Core
core 3 type: Intel Core
max id per cpu: 64
SMT mask: 1
Core mask: 3e
Package mask: ffffffc0
set results:
  - packages: 1
  - cores: 2
  - smts: 2
generate core map, new implementation
0, 1, 2, 3
packages: 1
cores   : 2
ht units: 2
efficiency cores:
apic ids           : 16, 18, 20, 22, 24, 26, 28, 30
apic ids (fallback): 16, 18, 20, 22, 24, 26, 28, 30
from cpu registers: 16, 18, 20, 22, 24, 26, 28, 30
fallback: 16, 18, 20, 22, 24, 26, 28, 30
combined: 16, 18, 20, 22, 24, 26, 28, 30
core 0 type: Intel Atom
core 1 type: Intel Atom
core 2 type: Intel Atom
core 3 type: Intel Atom
core 4 type: Intel Atom
core 5 type: Intel Atom
core 6 type: Intel Atom
core 7 type: Intel Atom
max id per cpu: 64
SMT mask: 1
Core mask: 3e
Package mask: ffffffc0
set results:
  - packages: 1
  - cores: 8
  - smts: 1
generate core map, new implementation
0, 1, 2, 3, 4, 5, 6, 7
packages: 1
cores   : 8
ht units: 1
CPU sockets: 1 != 3
 - pinning rule in use   : PINNING_RULE_MCALC_SKIP_ALL
 - desired group         : 0
 - num cores available   : 12
 - efficiency cores      : 8, not used
 - active core list from affinity: 
   + num accessible procs          : 12
   + num logical procs             : 12
   + current affinity (env)        : 0,1,2,3,4,5,6,7,8,9,10,11
   + sockets ids in                : 0
   + core list                  (1): 0,2,4,5,6,7,8,9,10,11
 - active cores          : 0,2,4,5,6,7,8,9,10,11
 - hyperthreading        : on
 - allowed core ids      : 0,2
 - allowed core ids (aff): 10 10 00 00 
00 00 
 - used mask (string)    : 10 10 00 00 
00 00 
=================================================================================

===========================================================================
Version: 2025.0 Release from 2024-08-30 (change 1315043) [Release]
Workflow: QQ-Facets
Operation: [acis, fpba, bg]
Architecture: Windows, ID: AMD64
System Windows-64bit
Using processor group 0/1
Matrix calculation information:
# of Nodes: 0
Concurrency: 0
Start ID: 0
Node ID: 0
HEX Mesh information:
Hex mesh: global: [hxr o(0 | 0 | 0) s(73 | 114 | 34) np (no TSTs): 282948] 
===========================================================================

>>>>>>>>>>>>>>>>>>>>>>>>>>>>>
Tue Tue Aug 11 20:14:19 2026
started: processing CAD model
>>>>>>>>>>>>>>>>>>>>>>>>>>>>>

========================================================================
Processing CAD model
	[Improved internal geometry representation]
	[Accuracy improvement for long shapes in inhomogeneous mesh regions]
Version: 2025.0 Release from 2024-08-30 (change 1315043)
PBA version: default, 2.20240218
Model compatibility: 2025.20240830
Sub-Workflow: Facets-QQ
Workflow updated: -
Tue Tue Aug 11 20:14:19 2026
========================================================================

---------------------------------------------
Used point accuracy enhancement value: 0.00%.
---------------------------------------------

=============================================================================
Mesh statistics:
-----------------------------------------------------------------------------
Minimum edge length (x): 0.31 @ mesh line 54 (x)
Maximum edge length (x): 7.68 @ mesh line 71 (x)
Minimum face area (x): 0.0767 @ mesh lines 61 | 13 (y | z)
Maximum face area (x): 48.1 @ mesh lines 0 | 0 (y | z)
Minimum edge length (y): 0.307 @ mesh line 61 (y)
Maximum edge length (y): 6.89 @ mesh line 0 (y)
Minimum face area (y): 0.0774 @ mesh lines 13 | 54 (z | x)
Maximum face area (y): 53.7 @ mesh lines 0 | 71 (z | x)
Minimum edge length (z): 0.25 @ mesh line 13 (z)
Maximum edge length (z): 6.99 @ mesh line 0 (z)
Minimum face area (z): 0.095 @ mesh lines 54 | 61 (x | y)
Maximum face area (z): 52.9 @ mesh lines 71 | 0 (x | y)
Maximum mesh face aspect ratio (x): 27.5 : 1.0  @ mesh lines 0 | 13 (y | z)
Maximum mesh face aspect ratio (y): 30.7 : 1.0  @ mesh lines 13 | 71 (z | x)
Maximum mesh face aspect ratio (z): 25 : 1.0  @ mesh lines 71 | 61 (x | y)
=============================================================================

============================================================================
Available resources to store TST cells: 2147200699 (758867.60% of mesh size)
============================================================================

========================================================================
The maximum supported number of mesh cells without MPI is: 2,147,483,647
========================================================================

------------------------------------------------------------------------------------------------
Geometry processing log
	PEC background is represented by CAD geometry: false
	Background shape: added
	Multithread portion: 100.00
	Number of CAD shapes: 3
	Number of lumps: 0
------------------------------------------------------------------------------------------------
=========================================
== CST Matrix Calculation Priority Log ==
=========================================
Priorities are sorted in ascending order beginning with the lowest priority
 
Group | Shape-ID | ShapeName | Material | User-priority | 2D/3D-Geometry | Material-attributes | Shape-attributes | Feature-ID | Schemetype
1 | 4 | </cst/Boundaries/> Low^X | $NFSMaterial$ | n/a | no | normal.vacuum. | boundary. | n/a | FIT_TD
1 | 5 | </cst/Boundaries/> Low^Y | $NFSMaterial$ | n/a | no | normal.vacuum. | boundary. | n/a | FIT_TD
1 | 6 | </cst/Boundaries/> Low^Z | $NFSMaterial$ | n/a | no | normal.vacuum. | boundary. | n/a | FIT_TD
1 | 7 | </cst/Boundaries/> Up^X | $NFSMaterial$ | n/a | no | normal.vacuum. | boundary. | n/a | FIT_TD
1 | 8 | </cst/Boundaries/> Up^Y | $NFSMaterial$ | n/a | no | normal.vacuum. | boundary. | n/a | FIT_TD
1 | 9 | </cst/Boundaries/> Up^Z | $NFSMaterial$ | n/a | no | normal.vacuum. | boundary. | n/a | FIT_TD
2 | 1 | component1:Substrate | FR-4 (lossy) | n/a | yes | dispersive-mue.normal. | solid. | n/a | FIT_TD
3 | 2 | component1:gnd | Copper (annealed) | n/a | yes | pec.rho.surface-impedance. | solid. | n/a | FIT_TD
3 | 3 | component1:micro_strip | Copper (annealed) | n/a | yes | pec.rho.surface-impedance. | solid. | n/a | FIT_TD
=========================================
************************************************************************************************
General settings
	PBA version: default, 2.20240218, potentials: not required
	Model compatibility: 2025.20240830
	Software version: 2025.0 Release from 2024-08-30 (change 1315043)
------------------------------------------------------------------------------------------------
Geometry processor: default
	Geo accuracy: 0.000000
	Watertightness check: true
	Self intersection check: false
	Inheritance (all): false
	Normal dominance (all): false
	Normal dominance (ports): false
	Flanges hollow: true
	One shape per flange: false
	Multi threading: true
		max # of threads used: 4
		requested max # of threads: 4
		representation: indexed
		method: multi thread
		retry: no
------------------------------------------------------------------------------------------------
CAD processing settings are set to default
------------------------------------------------------------------------------------------------
Connectivity settings
	Workflow selection: 0
	Workflow version: 20190101
	Gap detection: true
	Gap detection version: 2
	TST version: default, 2.20240218, potentials: not required
	QQ workflow: true
	CoCo workflow: true
	Legacy topology: false
	Connectivity check: true
------------------------------------------------------------------------------------------------
------------------------------------------------------------------------------------------------
CAD Processing Version Info
	ACIS version installed:	34.0.1
	ACIS version used:	34.0.1
------------------------------------------------------------------------------------------------
Success method:	multi-thread-22
************************************************************************************************

-------------------------------------------------------------------------------
TST aware field source monitor processing forced by environment variable: false
No TST aware field source monitors to be processed
-------------------------------------------------------------------------------

=======================
Finished CAD processing
=======================

<<<<<<<<<<<<<<<<<<<<<<<<<<<<<<<<<<<<<<<<<<<<
Tue Tue Aug 11 20:14:19 2026
Resource usage for processing CAD model:
	Runtime                 00:00:00.00060 s
	Peak Memory Usage:               19 MB
<<<<<<<<<<<<<<<<<<<<<<<<<<<<<<<<<<<<<<<<<<<<

=============================================================================================================
Access to CPU cores has been restricted for this process, reduce number of parallel matrixcalcs from 2 to 10.
=============================================================================================================

------------------------------------------------------------
Parallelization Info
------------------------------------------------------------
Hyperthreading active: true
Hyperthreading used: false
Number of concurrent threads: 2
Number of concurrent threads using GPU: 0
Number of node domains: 8
Domains-to-threads scaling: 2
Average FI domain size: 2e+04
Nice mode: true
Delayed matrix calculation start: false
Load balancing: Version 20090403
Number of mesh fill domains: 12
Memory downscale: 1
Shared memory representation: read/write
CPU load: 20.00%
Emptiness: 0.00%
Hex mesh complexity: 0.26849
Geometric complexity: 0.00088
lower size limit of domain (1D): 60
------------------------------------------------------------
Node order
1, 3, 5, 6, 4, 7, 2, 0
------------------------------------------------------------

------------------------------------------------------------------
Matrix calculation job submit section 0
Currently running jobs: 0
Waiting jobs: 8
Concurrency for section: 2/2
Memory physically installed: 16.8062 GB
Memory currently available: 7.072 GB
Memory already used: 9.73425 GB
Matrix calculation @ 1xN-Node 0001
	Mesh coverage: 2376000.00 %
	Estimated peak memory usage per node: 60 MB, tightness: 0.84 %
	GPU acceleration: off
	Processor group: 0
Matrix calculation @ 1xN-Node 0003
	Mesh coverage: 2442000.00 %
	Estimated peak memory usage per node: 59 MB, tightness: 0.84 %
	GPU acceleration: off
	Processor group: 0
Node distribution on 1 processor group: 2
------------------------------------------------------------------

------------------------------------------------------------------
Matrix calculation job submit section 1
Currently running jobs: 1
Waiting jobs: 6
Concurrency for section: 1/2
Memory physically installed: 16.8062 GB
Memory currently available: 7.04326 GB
Memory already used: 9.76298 GB
Matrix calculation @ 1xN-Node 0005
	Mesh coverage: 4761900.00 %
	Estimated peak memory usage per node: 74 MB, tightness: 1.05 %
	GPU acceleration: off
	Processor group: 0
Node distribution on 1 processor group: 2
------------------------------------------------------------------

------------------------------------------------------------------
Matrix calculation job submit section 2
Currently running jobs: 1
Waiting jobs: 5
Concurrency for section: 1/2
Memory physically installed: 16.8062 GB
Memory currently available: 7.07895 GB
Memory already used: 9.7273 GB
Matrix calculation @ 1xN-Node 0006
	Mesh coverage: 4514400.00 %
	Estimated peak memory usage per node: 57 MB, tightness: 0.80 %
	GPU acceleration: off
	Processor group: 0
Node distribution on 1 processor group: 2
------------------------------------------------------------------

------------------------------------------------------------------
Matrix calculation job submit section 3
Currently running jobs: 1
Waiting jobs: 4
Concurrency for section: 1/2
Memory physically installed: 16.8062 GB
Memory currently available: 6.99797 GB
Memory already used: 9.80828 GB
Matrix calculation @ 1xN-Node 0004
	Mesh coverage: 4633200.00 %
	Estimated peak memory usage per node: 75 MB, tightness: 1.07 %
	GPU acceleration: off
	Processor group: 0
Node distribution on 1 processor group: 2
------------------------------------------------------------------

------------------------------------------------------------------
Matrix calculation job submit section 4
Currently running jobs: 1
Waiting jobs: 3
Concurrency for section: 1/2
Memory physically installed: 16.8062 GB
Memory currently available: 6.95672 GB
Memory already used: 9.84952 GB
Matrix calculation @ 1xN-Node 0007
	Mesh coverage: 4639800.00 %
	Estimated peak memory usage per node: 56 MB, tightness: 0.81 %
	GPU acceleration: off
	Processor group: 0
Node distribution on 1 processor group: 2
------------------------------------------------------------------

------------------------------------------------------------------
Matrix calculation job submit section 5
Currently running jobs: 1
Waiting jobs: 2
Concurrency for section: 1/2
Memory physically installed: 16.8062 GB
Memory currently available: 6.9186 GB
Memory already used: 9.88764 GB
Matrix calculation @ 1xN-Node 0002
	Mesh coverage: 2319900.00 %
	Estimated peak memory usage per node: 41 MB, tightness: 0.59 %
	GPU acceleration: off
	Processor group: 0
Node distribution on 1 processor group: 2
------------------------------------------------------------------

------------------------------------------------------------------
Matrix calculation job submit section 6
Currently running jobs: 1
Waiting jobs: 1
Concurrency for section: 1/2
Memory physically installed: 16.8062 GB
Memory currently available: 6.89103 GB
Memory already used: 9.91522 GB
Matrix calculation @ 1xN-Node 0000
	Mesh coverage: 2257200.00 %
	Estimated peak memory usage per node: 41 MB, tightness: 0.60 %
	GPU acceleration: off
	Processor group: 0
Node distribution on 1 processor group: 2
------------------------------------------------------------------

------------------------------------
Mesh: # of points excl. TSTs: 282948
      # of points incl. TSTs: 282948
------------------------------------

===========================================
Data rearrangement statistics:
Disk IO directories:	00:00:00.0003
Disk IO node domain files:	00:00:00.0066
Disk IO FI domain files:	00:00:00.0000
Disk IO meta information:	00:00:00.0011
Sequential merge (TST):	00:00:00.0000
===========================================

1xN000:  ========================================================================
         [Boundaries] - MCalc
         open-add-space, mpi, open-add-space, mpi, open-add-space, open-add-space
         ========================================================================

1xN000:  ========================================
         [Mesh] Matrix calculation - NO ACIS mode
         [Mesh] 1xN MPI or parallelization mode
         ========================================

1xN000:  =============================
         [Mesh] Expansion: 0 2 0 2 0 0
         =============================

1xN000:  ==================================================
         [Mesh] world: o(0000,0000,0000) e(0073,0114,0034)
         [Mesh] l-1xN: o(0000,0000,0000) e(0037,0020,0034)
         [Mesh] e-1xN: o(0000,0000,0000) e(0039,0022,0034)
         [Mesh] g-MPI: not available
         [Mesh] bound offset: (0 | 2 | 0)
         ==================================================

1xN000:  =================================================================================
          - hardware info
            + cpu name                    : Intel(R) Core(TM) 5 120U
            + sockets                     : 1
            + cores per socket            : 2
            + hyperthreading              : on
            + ht-units                    : 2
            + efficiency cores            : 8, not used
            + max cpuid level             : 32
            + max cpuid ext. level        : 8
            + numa nodes                  : 1
            + Numa Memory Info
              numa node     installed     available    (MByte)
                0                 0          6571
            + internal cpu info           : CPUID: selected engine is 'Leaf 0xB detection'
         performance cores:
         apic ids           : 0, 1, 8, 9
         apic ids (fallback): 0, 1, 8, 9
         from cpu registers: 0, 1, 8, 9
         fallback: 0, 1, 8, 9
         combined: 0, 1, 8, 9
         core 0 type: Intel Core
         core 1 type: Intel Core
         core 2 type: Intel Core
         core 3 type: Intel Core
         max id per cpu: 64
         SMT mask: 1
         Core mask: 3e
         Package mask: ffffffc0
         set results:
           - packages: 1
           - cores: 2
           - smts: 2
         generate core map, new implementation
         0, 1, 2, 3
         packages: 1
         cores   : 2
         ht units: 2
         efficiency cores:
         apic ids           : 16, 18, 20, 22, 24, 26, 28, 30
         apic ids (fallback): 16, 18, 20, 22, 24, 26, 28, 30
         from cpu registers: 16, 18, 20, 22, 24, 26, 28, 30
         fallback: 16, 18, 20, 22, 24, 26, 28, 30
         combined: 16, 18, 20, 22, 24, 26, 28, 30
         core 0 type: Intel Atom
         core 1 type: Intel Atom
         core 2 type: Intel Atom
         core 3 type: Intel Atom
         core 4 type: Intel Atom
         core 5 type: Intel Atom
         core 6 type: Intel Atom
         core 7 type: Intel Atom
         max id per cpu: 64
         SMT mask: 1
         Core mask: 3e
         Package mask: ffffffc0
         set results:
           - packages: 1
           - cores: 8
           - smts: 1
         generate core map, new implementation
         0, 1, 2, 3, 4, 5, 6, 7
         packages: 1
         cores   : 8
         ht units: 1
         CPU sockets: 1 != 3
          - pinning rule in use   : PINNING_RULE_MCALC_SKIP_ALL
          - desired group         : 0
          - num cores available   : 12
          - efficiency cores      : 8, not used
          - active core list from affinity:
            + num accessible procs          : 12
            + num logical procs             : 12
            + current affinity (env)        : 0,1,2,3,4,5,6,7,8,9,10,11
            + sockets ids in                : 0
            + core list                  (1): 0,1,2,3,4,5,6,7,8,9,10,11
          - active cores          : 0,1,2,3,4,5,6,7,8,9,10,11
          - hyperthreading        : on
          - skip pinning: + allowed number of sockets = available number of sockets
                          + hyperthreading allowed by solver
         =================================================================================

1xN000:  ===================================================================================================
         Version: 2025.0 Release from 2024-08-30 (change 1315043) [Release]
         Workflow: PBA matrix coefficients
         Operation: [fpba, meshfill, bg, port-path, tst, tst-nextgen, coeff, surface-imp, connectivity-tree]
         Architecture: Windows, ID: AMD64
         System Windows-64bit
         Using processor group 0/1
         Matrix calculation information:
         # of Nodes: 8
         Concurrency: 2
         Start ID: 7
         Node ID: 0
         HEX Mesh information:
         Hex mesh: node: [hxr o(0 | 0 | 0) s(37 | 20 | 34) np (no TSTs): 25160]
         Hex mesh: extended: [hxr o(0 | 0 | 0) s(39 | 22 | 34) np (no TSTs): 29172]
         ===================================================================================================

1xN000:  -----------------------------------------------------
         Memory status on node "1xN000" for matrix calculation
         	Estimated memory consumption: 0.0410018 GB
         	Physical memory installed: 16.8062 GB
         	Available physical memory: 7.0699 GB
         	Available relative memory: 42.0671 %
         -----------------------------------------------------

1xN000:  >>>>>>>>>>>>>>>>>>>>>>>>>>>>>>>>>>>>>>>>>>>>>>>>>
         Tue Tue Aug 11 20:14:28 2026
         started: calculating matrix coefficients per node
         >>>>>>>>>>>>>>>>>>>>>>>>>>>>>>>>>>>>>>>>>>>>>>>>>

1xN000:  ============================================================
         Matrix computation (PBA)
         	[Perfect Boundary Approximation (PBA), version: default]
         	[GPU acceleration: off (by user)]
         Version: 2025.0 Release from 2024-08-30 (change 1315043)
         PBA version: default, 2.20240218
         Model compatibility: 2025.20240830
         Sub-Workflow: FARM-1xN-TST2-Node
         Workflow updated: -
         Tue Tue Aug 11 20:14:28 2026
         ============================================================

1xN000:  ---------------------------------------------
         Used point accuracy enhancement value: 0.00%.
         ---------------------------------------------

1xN000:  -------------------------------------------------
         Geometry representation: shared-attached
         Shared memory: read-only
         FARM allocation scheme: PA
         Parallelization: on, used

1xN000:  Gap-Detection activated for FARM-topology. Gaps are resolved, even partially.: gap tolerance value is 0.001000 and mesh geometry scale is 0.001000
1xN000:
1xN000:



1xN000:  ----------------------
         Acceleration mode: CPU
         ----------------------

1xN000:  Port homogenization method: M2H point index deviation
1xN000:  cccccccccccccccccccccccccccccccccccccccccccccccccccccccccccccccccccc
         FARM/Meshfill cache is set to 8 (local FI domains: 4, dynamic: true)
         cccccccccccccccccccccccccccccccccccccccccccccccccccccccccccccccccccc

1xN000:  =============================================================
         Hex cell analyzer settings:
         	max number of E fields per mesh edge: 2
         	max number of H fields per mesh face: 4
         	supporting dual grid: false
         	performance improvement: ROI limit: true
         	performance improvement: ROI threshold: 2
         	performance improvement: single topology extraction: true
         	performance improvement: pre-categorize cell volume: true
         	periodic align: 0
         	periodic cells: true
         	homogenization version: pid
         =============================================================

1xN000:  -------------------
         TST Statistics:
         E Split (0 | 0 | 0)
         E Adapt (0 | 0 | 0)
         B Split (0 | 0 | 0)
         B Adapt (0 | 0 | 0)
         -------------------

1xN000:  -------------------------------------------------------------
         TST Version 2.20240218, tst tiny faces fix: on, TST1 BWC: off
         -------------------------------------------------------------

1xN000:  ssssssssssssssssssssssssssssssssssssssssss
         # of curls with SI accuracy enhancement: 0
         ssssssssssssssssssssssssssssssssssssssssss

1xN000:  ------------------------------------------------------------------------------
         PBA fill limit is applied in inverse mode.
         PBA fill limit is applied on faces filled with at least 97.13% metal material.
         --------------------------------------------------------------
         detailed accuracy settings:
         --------------------------------------------------------------
         augmented fill limit:       true
         augmented fill limit value: 97.13
         automatic fill limit:       true
         early fill limit:           true
         inverse fill limit:         true
         model complexity:           0.00
         legacy 2015:                false
         fixed point accuracy:       false
         minimum point accuracy:     0
         mesh step inheritance:      false
         accuracy mode:
         ------------------------------------------------------------------------------

1xN000:  -------------------------------------------------------------------------------
         TST aware field source monitor processing forced by environment variable: false
         No TST aware field source monitors to be processed
         -------------------------------------------------------------------------------

1xN000:  =================================
         Finished matrix computation (PBA)
         =================================

1xN000:  <<<<<<<<<<<<<<<<<<<<<<<<<<<<<<<<<<<<<<<<<<<<<<<<<<<<<<<<<<<<
         Tue Tue Aug 11 20:14:29 2026
         Resource usage for calculating matrix coefficients per node:
         	Runtime                          00:00:00.00842 s
         	Peak Memory Estimation:                   41 MB
         	Peak Memory Usage:                        26 MB
         <<<<<<<<<<<<<<<<<<<<<<<<<<<<<<<<<<<<<<<<<<<<<<<<<<<<<<<<<<<<



1xN001:  =============================================================
         [Boundaries] - MCalc
         open-add-space, mpi, mpi, mpi, open-add-space, open-add-space
         =============================================================

1xN001:  ========================================
         [Mesh] Matrix calculation - NO ACIS mode
         [Mesh] 1xN MPI or parallelization mode
         ========================================

1xN001:  ==============================
         [Mesh] Expansion: 0 2 -2 2 0 0
         ==============================

1xN001:  ==================================================
         [Mesh] world: o(0000,0000,0000) e(0073,0114,0034)
         [Mesh] l-1xN: o(0000,0018,0000) e(0037,0039,0034)
         [Mesh] e-1xN: o(0000,0016,0000) e(0039,0041,0034)
         [Mesh] g-MPI: not available
         [Mesh] bound offset: (0 | 2 | -2)
         ==================================================

1xN001:  =================================================================================
          - hardware info
            + cpu name                    : Intel(R) Core(TM) 5 120U
            + sockets                     : 1
            + cores per socket            : 2
            + hyperthreading              : on
            + ht-units                    : 2
            + efficiency cores            : 8, not used
            + max cpuid level             : 32
            + max cpuid ext. level        : 8
            + numa nodes                  : 1
            + Numa Memory Info
              numa node     installed     available    (MByte)
                0                 0          6739
            + internal cpu info           : CPUID: selected engine is 'Leaf 0xB detection'
         performance cores:
         apic ids           : 0, 1, 8, 9
         apic ids (fallback): 0, 1, 8, 9
         from cpu registers: 0, 1, 8, 9
         fallback: 0, 1, 8, 9
         combined: 0, 1, 8, 9
         core 0 type: Intel Core
         core 1 type: Intel Core
         core 2 type: Intel Core
         core 3 type: Intel Core
         max id per cpu: 64
         SMT mask: 1
         Core mask: 3e
         Package mask: ffffffc0
         set results:
           - packages: 1
           - cores: 2
           - smts: 2
         generate core map, new implementation
         0, 1, 2, 3
         packages: 1
         cores   : 2
         ht units: 2
         efficiency cores:
         apic ids           : 16, 18, 20, 22, 24, 26, 28, 30
         apic ids (fallback): 16, 18, 20, 22, 24, 26, 28, 30
         from cpu registers: 16, 18, 20, 22, 24, 26, 28, 30
         fallback: 16, 18, 20, 22, 24, 26, 28, 30
         combined: 16, 18, 20, 22, 24, 26, 28, 30
         core 0 type: Intel Atom
         core 1 type: Intel Atom
         core 2 type: Intel Atom
         core 3 type: Intel Atom
         core 4 type: Intel Atom
         core 5 type: Intel Atom
         core 6 type: Intel Atom
         core 7 type: Intel Atom
         max id per cpu: 64
         SMT mask: 1
         Core mask: 3e
         Package mask: ffffffc0
         set results:
           - packages: 1
           - cores: 8
           - smts: 1
         generate core map, new implementation
         0, 1, 2, 3, 4, 5, 6, 7
         packages: 1
         cores   : 8
         ht units: 1
         CPU sockets: 1 != 3
          - pinning rule in use   : PINNING_RULE_MCALC_SKIP_ALL
          - desired group         : 0
          - num cores available   : 12
          - efficiency cores      : 8, not used
          - active core list from affinity:
            + num accessible procs          : 12
            + num logical procs             : 12
            + current affinity (env)        : 0,1,2,3,4,5,6,7,8,9,10,11
            + sockets ids in                : 0
            + core list                  (1): 0,1,2,3,4,5,6,7,8,9,10,11
          - active cores          : 0,1,2,3,4,5,6,7,8,9,10,11
          - hyperthreading        : on
          - skip pinning: + allowed number of sockets = available number of sockets
                          + hyperthreading allowed by solver
         =================================================================================

1xN001:  ===================================================================================================
         Version: 2025.0 Release from 2024-08-30 (change 1315043) [Release]
         Workflow: PBA matrix coefficients
         Operation: [fpba, meshfill, bg, port-path, tst, tst-nextgen, coeff, surface-imp, connectivity-tree]
         Architecture: Windows, ID: AMD64
         System Windows-64bit
         Using processor group 0/1
         Matrix calculation information:
         # of Nodes: 8
         Concurrency: 2
         Start ID: 0
         Node ID: 1
         HEX Mesh information:
         Hex mesh: node: [hxr o(0 | 18 | 0) s(37 | 21 | 34) np (no TSTs): 26418]
         Hex mesh: extended: [hxr o(0 | 16 | 0) s(39 | 25 | 34) np (no TSTs): 33150]
         ===================================================================================================

1xN001:  -----------------------------------------------------
         Memory status on node "1xN001" for matrix calculation
         	Estimated memory consumption: 0.0597005 GB
         	Physical memory installed: 16.8062 GB
         	Available physical memory: 7.07436 GB
         	Available relative memory: 42.0936 %
         -----------------------------------------------------

1xN001:  >>>>>>>>>>>>>>>>>>>>>>>>>>>>>>>>>>>>>>>>>>>>>>>>>
         Tue Tue Aug 11 20:14:19 2026
         started: calculating matrix coefficients per node
         >>>>>>>>>>>>>>>>>>>>>>>>>>>>>>>>>>>>>>>>>>>>>>>>>

1xN001:  ============================================================
         Matrix computation (PBA)
         	[Perfect Boundary Approximation (PBA), version: default]
         	[GPU acceleration: off (by user)]
         Version: 2025.0 Release from 2024-08-30 (change 1315043)
         PBA version: default, 2.20240218
         Model compatibility: 2025.20240830
         Sub-Workflow: FARM-1xN-TST2-Node
         Workflow updated: -
         Tue Tue Aug 11 20:14:19 2026
         ============================================================

1xN001:  ---------------------------------------------
         Used point accuracy enhancement value: 0.00%.
         ---------------------------------------------

1xN001:  -------------------------------------------------
         Geometry representation: shared-attached
         Shared memory: read-only
         FARM allocation scheme: PA
         Parallelization: on, used

1xN001:  Gap-Detection activated for FARM-topology. Gaps are resolved, even partially.: gap tolerance value is 0.001000 and mesh geometry scale is 0.001000
1xN001:
1xN001:



1xN001:  ----------------------
         Acceleration mode: CPU
         ----------------------

1xN001:  Port homogenization method: M2H point index deviation
1xN001:  cccccccccccccccccccccccccccccccccccccccccccccccccccccccccccccccccccc
         FARM/Meshfill cache is set to 8 (local FI domains: 8, dynamic: true)
         cccccccccccccccccccccccccccccccccccccccccccccccccccccccccccccccccccc

1xN001:  =============================================================
         Hex cell analyzer settings:
         	max number of E fields per mesh edge: 2
         	max number of H fields per mesh face: 4
         	supporting dual grid: false
         	performance improvement: ROI limit: true
         	performance improvement: ROI threshold: 2
         	performance improvement: single topology extraction: true
         	performance improvement: pre-categorize cell volume: true
         	periodic align: 0
         	periodic cells: true
         	homogenization version: pid
         =============================================================

1xN001:  -------------------
         TST Statistics:
         E Split (0 | 0 | 0)
         E Adapt (0 | 0 | 0)
         B Split (0 | 0 | 0)
         B Adapt (0 | 0 | 0)
         -------------------

1xN001:  -------------------------------------------------------------
         TST Version 2.20240218, tst tiny faces fix: on, TST1 BWC: off
         -------------------------------------------------------------

1xN001:  ssssssssssssssssssssssssssssssssssssssssss
         # of curls with SI accuracy enhancement: 0
         ssssssssssssssssssssssssssssssssssssssssss

1xN001:  ------------------------------------------------------------------------------
         PBA fill limit is applied in inverse mode.
         PBA fill limit is applied on faces filled with at least 97.13% metal material.
         --------------------------------------------------------------
         detailed accuracy settings:
         --------------------------------------------------------------
         augmented fill limit:       true
         augmented fill limit value: 97.13
         automatic fill limit:       true
         early fill limit:           true
         inverse fill limit:         true
         model complexity:           0.00
         legacy 2015:                false
         fixed point accuracy:       false
         minimum point accuracy:     0
         mesh step inheritance:      false
         accuracy mode:
         ------------------------------------------------------------------------------

1xN001:  -------------------------------------------------------------------------------
         TST aware field source monitor processing forced by environment variable: false
         No TST aware field source monitors to be processed
         -------------------------------------------------------------------------------

1xN001:  =================================
         Finished matrix computation (PBA)
         =================================

1xN001:  <<<<<<<<<<<<<<<<<<<<<<<<<<<<<<<<<<<<<<<<<<<<<<<<<<<<<<<<<<<<
         Tue Tue Aug 11 20:14:21 2026
         Resource usage for calculating matrix coefficients per node:
         	Runtime                          00:00:01.00607 s
         	Peak Memory Estimation:                   60 MB
         	Peak Memory Usage:                        43 MB
         <<<<<<<<<<<<<<<<<<<<<<<<<<<<<<<<<<<<<<<<<<<<<<<<<<<<<<<<<<<<



1xN002:  ========================================================================
         [Boundaries] - MCalc
         mpi, open-add-space, open-add-space, mpi, open-add-space, open-add-space
         ========================================================================

1xN002:  ========================================
         [Mesh] Matrix calculation - NO ACIS mode
         [Mesh] 1xN MPI or parallelization mode
         ========================================

1xN002:  ==============================
         [Mesh] Expansion: -2 0 0 2 0 0
         ==============================

1xN002:  ==================================================
         [Mesh] world: o(0000,0000,0000) e(0073,0114,0034)
         [Mesh] l-1xN: o(0035,0000,0000) e(0073,0020,0034)
         [Mesh] e-1xN: o(0033,0000,0000) e(0073,0022,0034)
         [Mesh] g-MPI: not available
         [Mesh] bound offset: (-2 | 0 | 0)
         ==================================================

1xN002:  =================================================================================
          - hardware info
            + cpu name                    : Intel(R) Core(TM) 5 120U
            + sockets                     : 1
            + cores per socket            : 2
            + hyperthreading              : on
            + ht-units                    : 2
            + efficiency cores            : 8, not used
            + max cpuid level             : 32
            + max cpuid ext. level        : 8
            + numa nodes                  : 1
            + Numa Memory Info
              numa node     installed     available    (MByte)
                0                 0          6598
            + internal cpu info           : CPUID: selected engine is 'Leaf 0xB detection'
         performance cores:
         apic ids           : 0, 1, 8, 9
         apic ids (fallback): 0, 1, 8, 9
         from cpu registers: 0, 1, 8, 9
         fallback: 0, 1, 8, 9
         combined: 0, 1, 8, 9
         core 0 type: Intel Core
         core 1 type: Intel Core
         core 2 type: Intel Core
         core 3 type: Intel Core
         max id per cpu: 64
         SMT mask: 1
         Core mask: 3e
         Package mask: ffffffc0
         set results:
           - packages: 1
           - cores: 2
           - smts: 2
         generate core map, new implementation
         0, 1, 2, 3
         packages: 1
         cores   : 2
         ht units: 2
         efficiency cores:
         apic ids           : 16, 18, 20, 22, 24, 26, 28, 30
         apic ids (fallback): 16, 18, 20, 22, 24, 26, 28, 30
         from cpu registers: 16, 18, 20, 22, 24, 26, 28, 30
         fallback: 16, 18, 20, 22, 24, 26, 28, 30
         combined: 16, 18, 20, 22, 24, 26, 28, 30
         core 0 type: Intel Atom
         core 1 type: Intel Atom
         core 2 type: Intel Atom
         core 3 type: Intel Atom
         core 4 type: Intel Atom
         core 5 type: Intel Atom
         core 6 type: Intel Atom
         core 7 type: Intel Atom
         max id per cpu: 64
         SMT mask: 1
         Core mask: 3e
         Package mask: ffffffc0
         set results:
           - packages: 1
           - cores: 8
           - smts: 1
         generate core map, new implementation
         0, 1, 2, 3, 4, 5, 6, 7
         packages: 1
         cores   : 8
         ht units: 1
         CPU sockets: 1 != 3
          - pinning rule in use   : PINNING_RULE_MCALC_SKIP_ALL
          - desired group         : 0
          - num cores available   : 12
          - efficiency cores      : 8, not used
          - active core list from affinity:
            + num accessible procs          : 12
            + num logical procs             : 12
            + current affinity (env)        : 0,1,2,3,4,5,6,7,8,9,10,11
            + sockets ids in                : 0
            + core list                  (1): 0,1,2,3,4,5,6,7,8,9,10,11
          - active cores          : 0,1,2,3,4,5,6,7,8,9,10,11
          - hyperthreading        : on
          - skip pinning: + allowed number of sockets = available number of sockets
                          + hyperthreading allowed by solver
         =================================================================================

1xN002:  ===================================================================================================
         Version: 2025.0 Release from 2024-08-30 (change 1315043) [Release]
         Workflow: PBA matrix coefficients
         Operation: [fpba, meshfill, bg, port-path, tst, tst-nextgen, coeff, surface-imp, connectivity-tree]
         Architecture: Windows, ID: AMD64
         System Windows-64bit
         Using processor group 0/1
         Matrix calculation information:
         # of Nodes: 8
         Concurrency: 2
         Start ID: 6
         Node ID: 2
         HEX Mesh information:
         Hex mesh: node: [hxr o(35 | 0 | 0) s(38 | 20 | 34) np (no TSTs): 25840]
         Hex mesh: extended: [hxr o(33 | 0 | 0) s(40 | 22 | 34) np (no TSTs): 29920]
         ===================================================================================================

1xN002:  -----------------------------------------------------
         Memory status on node "1xN002" for matrix calculation
         	Estimated memory consumption: 0.0410018 GB
         	Physical memory installed: 16.8062 GB
         	Available physical memory: 6.93569 GB
         	Available relative memory: 41.2685 %
         -----------------------------------------------------

1xN002:  >>>>>>>>>>>>>>>>>>>>>>>>>>>>>>>>>>>>>>>>>>>>>>>>>
         Tue Tue Aug 11 20:14:27 2026
         started: calculating matrix coefficients per node
         >>>>>>>>>>>>>>>>>>>>>>>>>>>>>>>>>>>>>>>>>>>>>>>>>

1xN002:  ============================================================
         Matrix computation (PBA)
         	[Perfect Boundary Approximation (PBA), version: default]
         	[GPU acceleration: off (by user)]
         Version: 2025.0 Release from 2024-08-30 (change 1315043)
         PBA version: default, 2.20240218
         Model compatibility: 2025.20240830
         Sub-Workflow: FARM-1xN-TST2-Node
         Workflow updated: -
         Tue Tue Aug 11 20:14:27 2026
         ============================================================

1xN002:  ---------------------------------------------
         Used point accuracy enhancement value: 0.00%.
         ---------------------------------------------

1xN002:  -------------------------------------------------
         Geometry representation: shared-attached
         Shared memory: read-only
         FARM allocation scheme: PA
         Parallelization: on, used

1xN002:  Gap-Detection activated for FARM-topology. Gaps are resolved, even partially.: gap tolerance value is 0.001000 and mesh geometry scale is 0.001000
1xN002:
1xN002:



1xN002:  ----------------------
         Acceleration mode: CPU
         ----------------------

1xN002:  Port homogenization method: M2H point index deviation
1xN002:  cccccccccccccccccccccccccccccccccccccccccccccccccccccccccccccccccccc
         FARM/Meshfill cache is set to 8 (local FI domains: 4, dynamic: true)
         cccccccccccccccccccccccccccccccccccccccccccccccccccccccccccccccccccc

1xN002:  =============================================================
         Hex cell analyzer settings:
         	max number of E fields per mesh edge: 2
         	max number of H fields per mesh face: 4
         	supporting dual grid: false
         	performance improvement: ROI limit: true
         	performance improvement: ROI threshold: 2
         	performance improvement: single topology extraction: true
         	performance improvement: pre-categorize cell volume: true
         	periodic align: 0
         	periodic cells: true
         	homogenization version: pid
         =============================================================

1xN002:  -------------------
         TST Statistics:
         E Split (0 | 0 | 0)
         E Adapt (0 | 0 | 0)
         B Split (0 | 0 | 0)
         B Adapt (0 | 0 | 0)
         -------------------

1xN002:  -------------------------------------------------------------
         TST Version 2.20240218, tst tiny faces fix: on, TST1 BWC: off
         -------------------------------------------------------------

1xN002:  ssssssssssssssssssssssssssssssssssssssssss
         # of curls with SI accuracy enhancement: 0
         ssssssssssssssssssssssssssssssssssssssssss

1xN002:  ------------------------------------------------------------------------------
         PBA fill limit is applied in inverse mode.
         PBA fill limit is applied on faces filled with at least 97.13% metal material.
         --------------------------------------------------------------
         detailed accuracy settings:
         --------------------------------------------------------------
         augmented fill limit:       true
         augmented fill limit value: 97.13
         automatic fill limit:       true
         early fill limit:           true
         inverse fill limit:         true
         model complexity:           0.00
         legacy 2015:                false
         fixed point accuracy:       false
         minimum point accuracy:     0
         mesh step inheritance:      false
         accuracy mode:
         ------------------------------------------------------------------------------

1xN002:  -------------------------------------------------------------------------------
         TST aware field source monitor processing forced by environment variable: false
         No TST aware field source monitors to be processed
         -------------------------------------------------------------------------------

1xN002:  =================================
         Finished matrix computation (PBA)
         =================================

1xN002:  <<<<<<<<<<<<<<<<<<<<<<<<<<<<<<<<<<<<<<<<<<<<<<<<<<<<<<<<<<<<
         Tue Tue Aug 11 20:14:28 2026
         Resource usage for calculating matrix coefficients per node:
         	Runtime                          00:00:01.00001 s
         	Peak Memory Estimation:                   41 MB
         	Peak Memory Usage:                        27 MB
         <<<<<<<<<<<<<<<<<<<<<<<<<<<<<<<<<<<<<<<<<<<<<<<<<<<<<<<<<<<<



1xN003:  =============================================================
         [Boundaries] - MCalc
         mpi, open-add-space, mpi, mpi, open-add-space, open-add-space
         =============================================================

1xN003:  ========================================
         [Mesh] Matrix calculation - NO ACIS mode
         [Mesh] 1xN MPI or parallelization mode
         ========================================

1xN003:  ===============================
         [Mesh] Expansion: -2 0 -2 2 0 0
         ===============================

1xN003:  ==================================================
         [Mesh] world: o(0000,0000,0000) e(0073,0114,0034)
         [Mesh] l-1xN: o(0035,0018,0000) e(0073,0039,0034)
         [Mesh] e-1xN: o(0033,0016,0000) e(0073,0041,0034)
         [Mesh] g-MPI: not available
         [Mesh] bound offset: (-2 | 0 | -2)
         ==================================================

1xN003:  =================================================================================
          - hardware info
            + cpu name                    : Intel(R) Core(TM) 5 120U
            + sockets                     : 1
            + cores per socket            : 2
            + hyperthreading              : on
            + ht-units                    : 2
            + efficiency cores            : 8, not used
            + max cpuid level             : 32
            + max cpuid ext. level        : 8
            + numa nodes                  : 1
            + Numa Memory Info
              numa node     installed     available    (MByte)
                0                 0          6739
            + internal cpu info           : CPUID: selected engine is 'Leaf 0xB detection'
         performance cores:
         apic ids           : 0, 1, 8, 9
         apic ids (fallback): 0, 1, 8, 9
         from cpu registers: 0, 1, 8, 9
         fallback: 0, 1, 8, 9
         combined: 0, 1, 8, 9
         core 0 type: Intel Core
         core 1 type: Intel Core
         core 2 type: Intel Core
         core 3 type: Intel Core
         max id per cpu: 64
         SMT mask: 1
         Core mask: 3e
         Package mask: ffffffc0
         set results:
           - packages: 1
           - cores: 2
           - smts: 2
         generate core map, new implementation
         0, 1, 2, 3
         packages: 1
         cores   : 2
         ht units: 2
         efficiency cores:
         apic ids           : 16, 18, 20, 22, 24, 26, 28, 30
         apic ids (fallback): 16, 18, 20, 22, 24, 26, 28, 30
         from cpu registers: 16, 18, 20, 22, 24, 26, 28, 30
         fallback: 16, 18, 20, 22, 24, 26, 28, 30
         combined: 16, 18, 20, 22, 24, 26, 28, 30
         core 0 type: Intel Atom
         core 1 type: Intel Atom
         core 2 type: Intel Atom
         core 3 type: Intel Atom
         core 4 type: Intel Atom
         core 5 type: Intel Atom
         core 6 type: Intel Atom
         core 7 type: Intel Atom
         max id per cpu: 64
         SMT mask: 1
         Core mask: 3e
         Package mask: ffffffc0
         set results:
           - packages: 1
           - cores: 8
           - smts: 1
         generate core map, new implementation
         0, 1, 2, 3, 4, 5, 6, 7
         packages: 1
         cores   : 8
         ht units: 1
         CPU sockets: 1 != 3
          - pinning rule in use   : PINNING_RULE_MCALC_SKIP_ALL
          - desired group         : 0
          - num cores available   : 12
          - efficiency cores      : 8, not used
          - active core list from affinity:
            + num accessible procs          : 12
            + num logical procs             : 12
            + current affinity (env)        : 0,1,2,3,4,5,6,7,8,9,10,11
            + sockets ids in                : 0
            + core list                  (1): 0,1,2,3,4,5,6,7,8,9,10,11
          - active cores          : 0,1,2,3,4,5,6,7,8,9,10,11
          - hyperthreading        : on
          - skip pinning: + allowed number of sockets = available number of sockets
                          + hyperthreading allowed by solver
         =================================================================================

1xN003:  ===================================================================================================
         Version: 2025.0 Release from 2024-08-30 (change 1315043) [Release]
         Workflow: PBA matrix coefficients
         Operation: [fpba, meshfill, bg, port-path, tst, tst-nextgen, coeff, surface-imp, connectivity-tree]
         Architecture: Windows, ID: AMD64
         System Windows-64bit
         Using processor group 0/1
         Matrix calculation information:
         # of Nodes: 8
         Concurrency: 2
         Start ID: 1
         Node ID: 3
         HEX Mesh information:
         Hex mesh: node: [hxr o(35 | 18 | 0) s(38 | 21 | 34) np (no TSTs): 27132]
         Hex mesh: extended: [hxr o(33 | 16 | 0) s(40 | 25 | 34) np (no TSTs): 34000]
         ===================================================================================================

1xN003:  -----------------------------------------------------
         Memory status on node "1xN003" for matrix calculation
         	Estimated memory consumption: 0.0591619 GB
         	Physical memory installed: 16.8062 GB
         	Available physical memory: 7.07437 GB
         	Available relative memory: 42.0937 %
         -----------------------------------------------------

1xN003:  >>>>>>>>>>>>>>>>>>>>>>>>>>>>>>>>>>>>>>>>>>>>>>>>>
         Tue Tue Aug 11 20:14:19 2026
         started: calculating matrix coefficients per node
         >>>>>>>>>>>>>>>>>>>>>>>>>>>>>>>>>>>>>>>>>>>>>>>>>

1xN003:  ============================================================
         Matrix computation (PBA)
         	[Perfect Boundary Approximation (PBA), version: default]
         	[GPU acceleration: off (by user)]
         Version: 2025.0 Release from 2024-08-30 (change 1315043)
         PBA version: default, 2.20240218
         Model compatibility: 2025.20240830
         Sub-Workflow: FARM-1xN-TST2-Node
         Workflow updated: -
         Tue Tue Aug 11 20:14:19 2026
         ============================================================

1xN003:  ---------------------------------------------
         Used point accuracy enhancement value: 0.00%.
         ---------------------------------------------

1xN003:  -------------------------------------------------
         Geometry representation: shared-attached
         Shared memory: read-only
         FARM allocation scheme: PA
         Parallelization: on, used

1xN003:  Gap-Detection activated for FARM-topology. Gaps are resolved, even partially.: gap tolerance value is 0.001000 and mesh geometry scale is 0.001000
1xN003:
1xN003:



1xN003:  ----------------------
         Acceleration mode: CPU
         ----------------------

1xN003:  Port homogenization method: M2H point index deviation
1xN003:  cccccccccccccccccccccccccccccccccccccccccccccccccccccccccccccccccccc
         FARM/Meshfill cache is set to 8 (local FI domains: 8, dynamic: true)
         cccccccccccccccccccccccccccccccccccccccccccccccccccccccccccccccccccc

1xN003:  =============================================================
         Hex cell analyzer settings:
         	max number of E fields per mesh edge: 2
         	max number of H fields per mesh face: 4
         	supporting dual grid: false
         	performance improvement: ROI limit: true
         	performance improvement: ROI threshold: 2
         	performance improvement: single topology extraction: true
         	performance improvement: pre-categorize cell volume: true
         	periodic align: 0
         	periodic cells: true
         	homogenization version: pid
         =============================================================

1xN003:  -------------------
         TST Statistics:
         E Split (0 | 0 | 0)
         E Adapt (0 | 0 | 0)
         B Split (0 | 0 | 0)
         B Adapt (0 | 0 | 0)
         -------------------

1xN003:  -------------------------------------------------------------
         TST Version 2.20240218, tst tiny faces fix: on, TST1 BWC: off
         -------------------------------------------------------------

1xN003:  ssssssssssssssssssssssssssssssssssssssssss
         # of curls with SI accuracy enhancement: 0
         ssssssssssssssssssssssssssssssssssssssssss

1xN003:  ------------------------------------------------------------------------------
         PBA fill limit is applied in inverse mode.
         PBA fill limit is applied on faces filled with at least 97.13% metal material.
         --------------------------------------------------------------
         detailed accuracy settings:
         --------------------------------------------------------------
         augmented fill limit:       true
         augmented fill limit value: 97.13
         automatic fill limit:       true
         early fill limit:           true
         inverse fill limit:         true
         model complexity:           0.00
         legacy 2015:                false
         fixed point accuracy:       false
         minimum point accuracy:     0
         mesh step inheritance:      false
         accuracy mode:
         ------------------------------------------------------------------------------

1xN003:  -------------------------------------------------------------------------------
         TST aware field source monitor processing forced by environment variable: false
         No TST aware field source monitors to be processed
         -------------------------------------------------------------------------------

1xN003:  =================================
         Finished matrix computation (PBA)
         =================================

1xN003:  <<<<<<<<<<<<<<<<<<<<<<<<<<<<<<<<<<<<<<<<<<<<<<<<<<<<<<<<<<<<
         Tue Tue Aug 11 20:14:21 2026
         Resource usage for calculating matrix coefficients per node:
         	Runtime                          00:00:01.00761 s
         	Peak Memory Estimation:                   59 MB
         	Peak Memory Usage:                        46 MB
         <<<<<<<<<<<<<<<<<<<<<<<<<<<<<<<<<<<<<<<<<<<<<<<<<<<<<<<<<<<<



1xN004:  =============================================================
         [Boundaries] - MCalc
         open-add-space, mpi, mpi, mpi, open-add-space, open-add-space
         =============================================================

1xN004:  ========================================
         [Mesh] Matrix calculation - NO ACIS mode
         [Mesh] 1xN MPI or parallelization mode
         ========================================

1xN004:  ==============================
         [Mesh] Expansion: 0 2 -2 2 0 0
         ==============================

1xN004:  ==================================================
         [Mesh] world: o(0000,0000,0000) e(0073,0114,0034)
         [Mesh] l-1xN: o(0000,0037,0000) e(0037,0077,0034)
         [Mesh] e-1xN: o(0000,0035,0000) e(0039,0079,0034)
         [Mesh] g-MPI: not available
         [Mesh] bound offset: (0 | 2 | -2)
         ==================================================

1xN004:  =================================================================================
          - hardware info
            + cpu name                    : Intel(R) Core(TM) 5 120U
            + sockets                     : 1
            + cores per socket            : 2
            + hyperthreading              : on
            + ht-units                    : 2
            + efficiency cores            : 8, not used
            + max cpuid level             : 32
            + max cpuid ext. level        : 8
            + numa nodes                  : 1
            + Numa Memory Info
              numa node     installed     available    (MByte)
                0                 0          6673
            + internal cpu info           : CPUID: selected engine is 'Leaf 0xB detection'
         performance cores:
         apic ids           : 0, 1, 8, 9
         apic ids (fallback): 0, 1, 8, 9
         from cpu registers: 0, 1, 8, 9
         fallback: 0, 1, 8, 9
         combined: 0, 1, 8, 9
         core 0 type: Intel Core
         core 1 type: Intel Core
         core 2 type: Intel Core
         core 3 type: Intel Core
         max id per cpu: 64
         SMT mask: 1
         Core mask: 3e
         Package mask: ffffffc0
         set results:
           - packages: 1
           - cores: 2
           - smts: 2
         generate core map, new implementation
         0, 1, 2, 3
         packages: 1
         cores   : 2
         ht units: 2
         efficiency cores:
         apic ids           : 16, 18, 20, 22, 24, 26, 28, 30
         apic ids (fallback): 16, 18, 20, 22, 24, 26, 28, 30
         from cpu registers: 16, 18, 20, 22, 24, 26, 28, 30
         fallback: 16, 18, 20, 22, 24, 26, 28, 30
         combined: 16, 18, 20, 22, 24, 26, 28, 30
         core 0 type: Intel Atom
         core 1 type: Intel Atom
         core 2 type: Intel Atom
         core 3 type: Intel Atom
         core 4 type: Intel Atom
         core 5 type: Intel Atom
         core 6 type: Intel Atom
         core 7 type: Intel Atom
         max id per cpu: 64
         SMT mask: 1
         Core mask: 3e
         Package mask: ffffffc0
         set results:
           - packages: 1
           - cores: 8
           - smts: 1
         generate core map, new implementation
         0, 1, 2, 3, 4, 5, 6, 7
         packages: 1
         cores   : 8
         ht units: 1
         CPU sockets: 1 != 3
          - pinning rule in use   : PINNING_RULE_MCALC_SKIP_ALL
          - desired group         : 0
          - num cores available   : 12
          - efficiency cores      : 8, not used
          - active core list from affinity:
            + num accessible procs          : 12
            + num logical procs             : 12
            + current affinity (env)        : 0,1,2,3,4,5,6,7,8,9,10,11
            + sockets ids in                : 0
            + core list                  (1): 0,1,2,3,4,5,6,7,8,9,10,11
          - active cores          : 0,1,2,3,4,5,6,7,8,9,10,11
          - hyperthreading        : on
          - skip pinning: + allowed number of sockets = available number of sockets
                          + hyperthreading allowed by solver
         =================================================================================

1xN004:  ===================================================================================================
         Version: 2025.0 Release from 2024-08-30 (change 1315043) [Release]
         Workflow: PBA matrix coefficients
         Operation: [fpba, meshfill, bg, port-path, tst, tst-nextgen, coeff, surface-imp, connectivity-tree]
         Architecture: Windows, ID: AMD64
         System Windows-64bit
         Using processor group 0/1
         Matrix calculation information:
         # of Nodes: 8
         Concurrency: 2
         Start ID: 4
         Node ID: 4
         HEX Mesh information:
         Hex mesh: node: [hxr o(0 | 37 | 0) s(37 | 40 | 34) np (no TSTs): 50320]
         Hex mesh: extended: [hxr o(0 | 35 | 0) s(39 | 44 | 34) np (no TSTs): 58344]
         ===================================================================================================

1xN004:  -----------------------------------------------------
         Memory status on node "1xN004" for matrix calculation
         	Estimated memory consumption: 0.0745625 GB
         	Physical memory installed: 16.8062 GB
         	Available physical memory: 7.00998 GB
         	Available relative memory: 41.7106 %
         -----------------------------------------------------

1xN004:  >>>>>>>>>>>>>>>>>>>>>>>>>>>>>>>>>>>>>>>>>>>>>>>>>
         Tue Tue Aug 11 20:14:24 2026
         started: calculating matrix coefficients per node
         >>>>>>>>>>>>>>>>>>>>>>>>>>>>>>>>>>>>>>>>>>>>>>>>>

1xN004:  ============================================================
         Matrix computation (PBA)
         	[Perfect Boundary Approximation (PBA), version: default]
         	[GPU acceleration: off (by user)]
         Version: 2025.0 Release from 2024-08-30 (change 1315043)
         PBA version: default, 2.20240218
         Model compatibility: 2025.20240830
         Sub-Workflow: FARM-1xN-TST2-Node
         Workflow updated: -
         Tue Tue Aug 11 20:14:24 2026
         ============================================================

1xN004:  ---------------------------------------------
         Used point accuracy enhancement value: 0.00%.
         ---------------------------------------------

1xN004:  -------------------------------------------------
         Geometry representation: shared-attached
         Shared memory: read-only
         FARM allocation scheme: PA
         Parallelization: on, used

1xN004:  Gap-Detection activated for FARM-topology. Gaps are resolved, even partially.: gap tolerance value is 0.001000 and mesh geometry scale is 0.001000
1xN004:
1xN004:



1xN004:  ----------------------
         Acceleration mode: CPU
         ----------------------

1xN004:  Port homogenization method: M2H point index deviation
1xN004:  cccccccccccccccccccccccccccccccccccccccccccccccccccccccccccccccccccccc
         FARM/Meshfill cache is set to 12 (local FI domains: 12, dynamic: true)
         cccccccccccccccccccccccccccccccccccccccccccccccccccccccccccccccccccccc

1xN004:  =============================================================
         Hex cell analyzer settings:
         	max number of E fields per mesh edge: 2
         	max number of H fields per mesh face: 4
         	supporting dual grid: false
         	performance improvement: ROI limit: true
         	performance improvement: ROI threshold: 2
         	performance improvement: single topology extraction: true
         	performance improvement: pre-categorize cell volume: true
         	periodic align: 0
         	periodic cells: true
         	homogenization version: pid
         =============================================================

1xN004:  -------------------
         TST Statistics:
         E Split (0 | 0 | 0)
         E Adapt (0 | 0 | 0)
         B Split (0 | 0 | 0)
         B Adapt (0 | 0 | 0)
         -------------------

1xN004:  -------------------------------------------------------------
         TST Version 2.20240218, tst tiny faces fix: on, TST1 BWC: off
         -------------------------------------------------------------

1xN004:  ssssssssssssssssssssssssssssssssssssssssss
         # of curls with SI accuracy enhancement: 0
         ssssssssssssssssssssssssssssssssssssssssss

1xN004:  ------------------------------------------------------------------------------
         PBA fill limit is applied in inverse mode.
         PBA fill limit is applied on faces filled with at least 97.13% metal material.
         --------------------------------------------------------------
         detailed accuracy settings:
         --------------------------------------------------------------
         augmented fill limit:       true
         augmented fill limit value: 97.13
         automatic fill limit:       true
         early fill limit:           true
         inverse fill limit:         true
         model complexity:           0.00
         legacy 2015:                false
         fixed point accuracy:       false
         minimum point accuracy:     0
         mesh step inheritance:      false
         accuracy mode:
         ------------------------------------------------------------------------------

1xN004:  -------------------------------------------------------------------------------
         TST aware field source monitor processing forced by environment variable: false
         No TST aware field source monitors to be processed
         -------------------------------------------------------------------------------

1xN004:  =================================
         Finished matrix computation (PBA)
         =================================

1xN004:  <<<<<<<<<<<<<<<<<<<<<<<<<<<<<<<<<<<<<<<<<<<<<<<<<<<<<<<<<<<<
         Tue Tue Aug 11 20:14:27 2026
         Resource usage for calculating matrix coefficients per node:
         	Runtime                          00:00:02.00850 s
         	Peak Memory Estimation:                   75 MB
         	Peak Memory Usage:                        61 MB
         <<<<<<<<<<<<<<<<<<<<<<<<<<<<<<<<<<<<<<<<<<<<<<<<<<<<<<<<<<<<



1xN005:  =============================================================
         [Boundaries] - MCalc
         mpi, open-add-space, mpi, mpi, open-add-space, open-add-space
         =============================================================

1xN005:  ========================================
         [Mesh] Matrix calculation - NO ACIS mode
         [Mesh] 1xN MPI or parallelization mode
         ========================================

1xN005:  ===============================
         [Mesh] Expansion: -2 0 -2 2 0 0
         ===============================

1xN005:  ==================================================
         [Mesh] world: o(0000,0000,0000) e(0073,0114,0034)
         [Mesh] l-1xN: o(0035,0037,0000) e(0073,0077,0034)
         [Mesh] e-1xN: o(0033,0035,0000) e(0073,0079,0034)
         [Mesh] g-MPI: not available
         [Mesh] bound offset: (-2 | 0 | -2)
         ==================================================

1xN005:  =================================================================================
          - hardware info
            + cpu name                    : Intel(R) Core(TM) 5 120U
            + sockets                     : 1
            + cores per socket            : 2
            + hyperthreading              : on
            + ht-units                    : 2
            + efficiency cores            : 8, not used
            + max cpuid level             : 32
            + max cpuid ext. level        : 8
            + numa nodes                  : 1
            + Numa Memory Info
              numa node     installed     available    (MByte)
                0                 0          6715
            + internal cpu info           : CPUID: selected engine is 'Leaf 0xB detection'
         performance cores:
         apic ids           : 0, 1, 8, 9
         apic ids (fallback): 0, 1, 8, 9
         from cpu registers: 0, 1, 8, 9
         fallback: 0, 1, 8, 9
         combined: 0, 1, 8, 9
         core 0 type: Intel Core
         core 1 type: Intel Core
         core 2 type: Intel Core
         core 3 type: Intel Core
         max id per cpu: 64
         SMT mask: 1
         Core mask: 3e
         Package mask: ffffffc0
         set results:
           - packages: 1
           - cores: 2
           - smts: 2
         generate core map, new implementation
         0, 1, 2, 3
         packages: 1
         cores   : 2
         ht units: 2
         efficiency cores:
         apic ids           : 16, 18, 20, 22, 24, 26, 28, 30
         apic ids (fallback): 16, 18, 20, 22, 24, 26, 28, 30
         from cpu registers: 16, 18, 20, 22, 24, 26, 28, 30
         fallback: 16, 18, 20, 22, 24, 26, 28, 30
         combined: 16, 18, 20, 22, 24, 26, 28, 30
         core 0 type: Intel Atom
         core 1 type: Intel Atom
         core 2 type: Intel Atom
         core 3 type: Intel Atom
         core 4 type: Intel Atom
         core 5 type: Intel Atom
         core 6 type: Intel Atom
         core 7 type: Intel Atom
         max id per cpu: 64
         SMT mask: 1
         Core mask: 3e
         Package mask: ffffffc0
         set results:
           - packages: 1
           - cores: 8
           - smts: 1
         generate core map, new implementation
         0, 1, 2, 3, 4, 5, 6, 7
         packages: 1
         cores   : 8
         ht units: 1
         CPU sockets: 1 != 3
          - pinning rule in use   : PINNING_RULE_MCALC_SKIP_ALL
          - desired group         : 0
          - num cores available   : 12
          - efficiency cores      : 8, not used
          - active core list from affinity:
            + num accessible procs          : 12
            + num logical procs             : 12
            + current affinity (env)        : 0,1,2,3,4,5,6,7,8,9,10,11
            + sockets ids in                : 0
            + core list                  (1): 0,1,2,3,4,5,6,7,8,9,10,11
          - active cores          : 0,1,2,3,4,5,6,7,8,9,10,11
          - hyperthreading        : on
          - skip pinning: + allowed number of sockets = available number of sockets
                          + hyperthreading allowed by solver
         =================================================================================

1xN005:  ===================================================================================================
         Version: 2025.0 Release from 2024-08-30 (change 1315043) [Release]
         Workflow: PBA matrix coefficients
         Operation: [fpba, meshfill, bg, port-path, tst, tst-nextgen, coeff, surface-imp, connectivity-tree]
         Architecture: Windows, ID: AMD64
         System Windows-64bit
         Using processor group 0/1
         Matrix calculation information:
         # of Nodes: 8
         Concurrency: 2
         Start ID: 2
         Node ID: 5
         HEX Mesh information:
         Hex mesh: node: [hxr o(35 | 37 | 0) s(38 | 40 | 34) np (no TSTs): 51680]
         Hex mesh: extended: [hxr o(33 | 35 | 0) s(40 | 44 | 34) np (no TSTs): 59840]
         ===================================================================================================

1xN005:  -----------------------------------------------------
         Memory status on node "1xN005" for matrix calculation
         	Estimated memory consumption: 0.0738876 GB
         	Physical memory installed: 16.8062 GB
         	Available physical memory: 7.07639 GB
         	Available relative memory: 42.1057 %
         -----------------------------------------------------

1xN005:  >>>>>>>>>>>>>>>>>>>>>>>>>>>>>>>>>>>>>>>>>>>>>>>>>
         Tue Tue Aug 11 20:14:22 2026
         started: calculating matrix coefficients per node
         >>>>>>>>>>>>>>>>>>>>>>>>>>>>>>>>>>>>>>>>>>>>>>>>>

1xN005:  ============================================================
         Matrix computation (PBA)
         	[Perfect Boundary Approximation (PBA), version: default]
         	[GPU acceleration: off (by user)]
         Version: 2025.0 Release from 2024-08-30 (change 1315043)
         PBA version: default, 2.20240218
         Model compatibility: 2025.20240830
         Sub-Workflow: FARM-1xN-TST2-Node
         Workflow updated: -
         Tue Tue Aug 11 20:14:22 2026
         ============================================================

1xN005:  ---------------------------------------------
         Used point accuracy enhancement value: 0.00%.
         ---------------------------------------------

1xN005:  -------------------------------------------------
         Geometry representation: shared-attached
         Shared memory: read-only
         FARM allocation scheme: PA
         Parallelization: on, used

1xN005:  Gap-Detection activated for FARM-topology. Gaps are resolved, even partially.: gap tolerance value is 0.001000 and mesh geometry scale is 0.001000
1xN005:
1xN005:



1xN005:  ----------------------
         Acceleration mode: CPU
         ----------------------

1xN005:  Port homogenization method: M2H point index deviation
1xN005:  cccccccccccccccccccccccccccccccccccccccccccccccccccccccccccccccccccccc
         FARM/Meshfill cache is set to 12 (local FI domains: 12, dynamic: true)
         cccccccccccccccccccccccccccccccccccccccccccccccccccccccccccccccccccccc

1xN005:  =============================================================
         Hex cell analyzer settings:
         	max number of E fields per mesh edge: 2
         	max number of H fields per mesh face: 4
         	supporting dual grid: false
         	performance improvement: ROI limit: true
         	performance improvement: ROI threshold: 2
         	performance improvement: single topology extraction: true
         	performance improvement: pre-categorize cell volume: true
         	periodic align: 0
         	periodic cells: true
         	homogenization version: pid
         =============================================================

1xN005:  -------------------
         TST Statistics:
         E Split (0 | 0 | 0)
         E Adapt (0 | 0 | 0)
         B Split (0 | 0 | 0)
         B Adapt (0 | 0 | 0)
         -------------------

1xN005:  -------------------------------------------------------------
         TST Version 2.20240218, tst tiny faces fix: on, TST1 BWC: off
         -------------------------------------------------------------

1xN005:  ssssssssssssssssssssssssssssssssssssssssss
         # of curls with SI accuracy enhancement: 0
         ssssssssssssssssssssssssssssssssssssssssss

1xN005:  ------------------------------------------------------------------------------
         PBA fill limit is applied in inverse mode.
         PBA fill limit is applied on faces filled with at least 97.13% metal material.
         --------------------------------------------------------------
         detailed accuracy settings:
         --------------------------------------------------------------
         augmented fill limit:       true
         augmented fill limit value: 97.13
         automatic fill limit:       true
         early fill limit:           true
         inverse fill limit:         true
         model complexity:           0.00
         legacy 2015:                false
         fixed point accuracy:       false
         minimum point accuracy:     0
         mesh step inheritance:      false
         accuracy mode:
         ------------------------------------------------------------------------------

1xN005:  --------------------------------------
         Glued 0 metal grid points in port area
         --------------------------------------

1xN005:  -------------------------------------------------------------------------------
         TST aware field source monitor processing forced by environment variable: false
         No TST aware field source monitors to be processed
         -------------------------------------------------------------------------------

1xN005:  =================================
         Finished matrix computation (PBA)
         =================================

1xN005:  <<<<<<<<<<<<<<<<<<<<<<<<<<<<<<<<<<<<<<<<<<<<<<<<<<<<<<<<<<<<
         Tue Tue Aug 11 20:14:25 2026
         Resource usage for calculating matrix coefficients per node:
         	Runtime                          00:00:03.00673 s
         	Peak Memory Estimation:                   74 MB
         	Peak Memory Usage:                        97 MB
         <<<<<<<<<<<<<<<<<<<<<<<<<<<<<<<<<<<<<<<<<<<<<<<<<<<<<<<<<<<<



1xN006:  ========================================================================
         [Boundaries] - MCalc
         open-add-space, mpi, mpi, open-add-space, open-add-space, open-add-space
         ========================================================================

1xN006:  ========================================
         [Mesh] Matrix calculation - NO ACIS mode
         [Mesh] 1xN MPI or parallelization mode
         ========================================

1xN006:  ==============================
         [Mesh] Expansion: 0 2 -2 0 0 0
         ==============================

1xN006:  ==================================================
         [Mesh] world: o(0000,0000,0000) e(0073,0114,0034)
         [Mesh] l-1xN: o(0000,0075,0000) e(0037,0114,0034)
         [Mesh] e-1xN: o(0000,0073,0000) e(0039,0114,0034)
         [Mesh] g-MPI: not available
         [Mesh] bound offset: (0 | 2 | -2)
         ==================================================

1xN006:  =================================================================================
          - hardware info
            + cpu name                    : Intel(R) Core(TM) 5 120U
            + sockets                     : 1
            + cores per socket            : 2
            + hyperthreading              : on
            + ht-units                    : 2
            + efficiency cores            : 8, not used
            + max cpuid level             : 32
            + max cpuid ext. level        : 8
            + numa nodes                  : 1
            + Numa Memory Info
              numa node     installed     available    (MByte)
                0                 0          6748
            + internal cpu info           : CPUID: selected engine is 'Leaf 0xB detection'
         performance cores:
         apic ids           : 0, 1, 8, 9
         apic ids (fallback): 0, 1, 8, 9
         from cpu registers: 0, 1, 8, 9
         fallback: 0, 1, 8, 9
         combined: 0, 1, 8, 9
         core 0 type: Intel Core
         core 1 type: Intel Core
         core 2 type: Intel Core
         core 3 type: Intel Core
         max id per cpu: 64
         SMT mask: 1
         Core mask: 3e
         Package mask: ffffffc0
         set results:
           - packages: 1
           - cores: 2
           - smts: 2
         generate core map, new implementation
         0, 1, 2, 3
         packages: 1
         cores   : 2
         ht units: 2
         efficiency cores:
         apic ids           : 16, 18, 20, 22, 24, 26, 28, 30
         apic ids (fallback): 16, 18, 20, 22, 24, 26, 28, 30
         from cpu registers: 16, 18, 20, 22, 24, 26, 28, 30
         fallback: 16, 18, 20, 22, 24, 26, 28, 30
         combined: 16, 18, 20, 22, 24, 26, 28, 30
         core 0 type: Intel Atom
         core 1 type: Intel Atom
         core 2 type: Intel Atom
         core 3 type: Intel Atom
         core 4 type: Intel Atom
         core 5 type: Intel Atom
         core 6 type: Intel Atom
         core 7 type: Intel Atom
         max id per cpu: 64
         SMT mask: 1
         Core mask: 3e
         Package mask: ffffffc0
         set results:
           - packages: 1
           - cores: 8
           - smts: 1
         generate core map, new implementation
         0, 1, 2, 3, 4, 5, 6, 7
         packages: 1
         cores   : 8
         ht units: 1
         CPU sockets: 1 != 3
          - pinning rule in use   : PINNING_RULE_MCALC_SKIP_ALL
          - desired group         : 0
          - num cores available   : 12
          - efficiency cores      : 8, not used
          - active core list from affinity:
            + num accessible procs          : 12
            + num logical procs             : 12
            + current affinity (env)        : 0,1,2,3,4,5,6,7,8,9,10,11
            + sockets ids in                : 0
            + core list                  (1): 0,1,2,3,4,5,6,7,8,9,10,11
          - active cores          : 0,1,2,3,4,5,6,7,8,9,10,11
          - hyperthreading        : on
          - skip pinning: + allowed number of sockets = available number of sockets
                          + hyperthreading allowed by solver
         =================================================================================

1xN006:  ===================================================================================================
         Version: 2025.0 Release from 2024-08-30 (change 1315043) [Release]
         Workflow: PBA matrix coefficients
         Operation: [fpba, meshfill, bg, port-path, tst, tst-nextgen, coeff, surface-imp, connectivity-tree]
         Architecture: Windows, ID: AMD64
         System Windows-64bit
         Using processor group 0/1
         Matrix calculation information:
         # of Nodes: 8
         Concurrency: 2
         Start ID: 3
         Node ID: 6
         HEX Mesh information:
         Hex mesh: node: [hxr o(0 | 75 | 0) s(37 | 39 | 34) np (no TSTs): 49062]
         Hex mesh: extended: [hxr o(0 | 73 | 0) s(39 | 41 | 34) np (no TSTs): 54366]
         ===================================================================================================

1xN006:  -----------------------------------------------------
         Memory status on node "1xN006" for matrix calculation
         	Estimated memory consumption: 0.0567778 GB
         	Physical memory installed: 16.8062 GB
         	Available physical memory: 6.96978 GB
         	Available relative memory: 41.4714 %
         -----------------------------------------------------

1xN006:  >>>>>>>>>>>>>>>>>>>>>>>>>>>>>>>>>>>>>>>>>>>>>>>>>
         Tue Tue Aug 11 20:14:22 2026
         started: calculating matrix coefficients per node
         >>>>>>>>>>>>>>>>>>>>>>>>>>>>>>>>>>>>>>>>>>>>>>>>>

1xN006:  ============================================================
         Matrix computation (PBA)
         	[Perfect Boundary Approximation (PBA), version: default]
         	[GPU acceleration: off (by user)]
         Version: 2025.0 Release from 2024-08-30 (change 1315043)
         PBA version: default, 2.20240218
         Model compatibility: 2025.20240830
         Sub-Workflow: FARM-1xN-TST2-Node
         Workflow updated: -
         Tue Tue Aug 11 20:14:22 2026
         ============================================================

1xN006:  ---------------------------------------------
         Used point accuracy enhancement value: 0.00%.
         ---------------------------------------------

1xN006:  -------------------------------------------------
         Geometry representation: shared-attached
         Shared memory: read-only
         FARM allocation scheme: PA
         Parallelization: on, used

1xN006:  Gap-Detection activated for FARM-topology. Gaps are resolved, even partially.: gap tolerance value is 0.001000 and mesh geometry scale is 0.001000
1xN006:
1xN006:



1xN006:  ----------------------
         Acceleration mode: CPU
         ----------------------

1xN006:  Port homogenization method: M2H point index deviation
1xN006:  cccccccccccccccccccccccccccccccccccccccccccccccccccccccccccccccccccc
         FARM/Meshfill cache is set to 8 (local FI domains: 8, dynamic: true)
         cccccccccccccccccccccccccccccccccccccccccccccccccccccccccccccccccccc

1xN006:  =============================================================
         Hex cell analyzer settings:
         	max number of E fields per mesh edge: 2
         	max number of H fields per mesh face: 4
         	supporting dual grid: false
         	performance improvement: ROI limit: true
         	performance improvement: ROI threshold: 2
         	performance improvement: single topology extraction: true
         	performance improvement: pre-categorize cell volume: true
         	periodic align: 0
         	periodic cells: true
         	homogenization version: pid
         =============================================================

1xN006:  -------------------
         TST Statistics:
         E Split (0 | 0 | 0)
         E Adapt (0 | 0 | 0)
         B Split (0 | 0 | 0)
         B Adapt (0 | 0 | 0)
         -------------------

1xN006:  -------------------------------------------------------------
         TST Version 2.20240218, tst tiny faces fix: on, TST1 BWC: off
         -------------------------------------------------------------

1xN006:  ssssssssssssssssssssssssssssssssssssssssss
         # of curls with SI accuracy enhancement: 0
         ssssssssssssssssssssssssssssssssssssssssss

1xN006:  ------------------------------------------------------------------------------
         PBA fill limit is applied in inverse mode.
         PBA fill limit is applied on faces filled with at least 97.13% metal material.
         --------------------------------------------------------------
         detailed accuracy settings:
         --------------------------------------------------------------
         augmented fill limit:       true
         augmented fill limit value: 97.13
         automatic fill limit:       true
         early fill limit:           true
         inverse fill limit:         true
         model complexity:           0.00
         legacy 2015:                false
         fixed point accuracy:       false
         minimum point accuracy:     0
         mesh step inheritance:      false
         accuracy mode:
         ------------------------------------------------------------------------------

1xN006:  -------------------------------------------------------------------------------
         TST aware field source monitor processing forced by environment variable: false
         No TST aware field source monitors to be processed
         -------------------------------------------------------------------------------

1xN006:  =================================
         Finished matrix computation (PBA)
         =================================

1xN006:  <<<<<<<<<<<<<<<<<<<<<<<<<<<<<<<<<<<<<<<<<<<<<<<<<<<<<<<<<<<<
         Tue Tue Aug 11 20:14:24 2026
         Resource usage for calculating matrix coefficients per node:
         	Runtime                          00:00:02.00038 s
         	Peak Memory Estimation:                   57 MB
         	Peak Memory Usage:                        50 MB
         <<<<<<<<<<<<<<<<<<<<<<<<<<<<<<<<<<<<<<<<<<<<<<<<<<<<<<<<<<<<



1xN007:  ========================================================================
         [Boundaries] - MCalc
         mpi, open-add-space, mpi, open-add-space, open-add-space, open-add-space
         ========================================================================

1xN007:  ========================================
         [Mesh] Matrix calculation - NO ACIS mode
         [Mesh] 1xN MPI or parallelization mode
         ========================================

1xN007:  ===============================
         [Mesh] Expansion: -2 0 -2 0 0 0
         ===============================

1xN007:  ==================================================
         [Mesh] world: o(0000,0000,0000) e(0073,0114,0034)
         [Mesh] l-1xN: o(0035,0075,0000) e(0073,0114,0034)
         [Mesh] e-1xN: o(0033,0073,0000) e(0073,0114,0034)
         [Mesh] g-MPI: not available
         [Mesh] bound offset: (-2 | 0 | -2)
         ==================================================

1xN007:  =================================================================================
          - hardware info
            + cpu name                    : Intel(R) Core(TM) 5 120U
            + sockets                     : 1
            + cores per socket            : 2
            + hyperthreading              : on
            + ht-units                    : 2
            + efficiency cores            : 8, not used
            + max cpuid level             : 32
            + max cpuid ext. level        : 8
            + numa nodes                  : 1
            + Numa Memory Info
              numa node     installed     available    (MByte)
                0                 0          6638
            + internal cpu info           : CPUID: selected engine is 'Leaf 0xB detection'
         performance cores:
         apic ids           : 0, 1, 8, 9
         apic ids (fallback): 0, 1, 8, 9
         from cpu registers: 0, 1, 8, 9
         fallback: 0, 1, 8, 9
         combined: 0, 1, 8, 9
         core 0 type: Intel Core
         core 1 type: Intel Core
         core 2 type: Intel Core
         core 3 type: Intel Core
         max id per cpu: 64
         SMT mask: 1
         Core mask: 3e
         Package mask: ffffffc0
         set results:
           - packages: 1
           - cores: 2
           - smts: 2
         generate core map, new implementation
         0, 1, 2, 3
         packages: 1
         cores   : 2
         ht units: 2
         efficiency cores:
         apic ids           : 16, 18, 20, 22, 24, 26, 28, 30
         apic ids (fallback): 16, 18, 20, 22, 24, 26, 28, 30
         from cpu registers: 16, 18, 20, 22, 24, 26, 28, 30
         fallback: 16, 18, 20, 22, 24, 26, 28, 30
         combined: 16, 18, 20, 22, 24, 26, 28, 30
         core 0 type: Intel Atom
         core 1 type: Intel Atom
         core 2 type: Intel Atom
         core 3 type: Intel Atom
         core 4 type: Intel Atom
         core 5 type: Intel Atom
         core 6 type: Intel Atom
         core 7 type: Intel Atom
         max id per cpu: 64
         SMT mask: 1
         Core mask: 3e
         Package mask: ffffffc0
         set results:
           - packages: 1
           - cores: 8
           - smts: 1
         generate core map, new implementation
         0, 1, 2, 3, 4, 5, 6, 7
         packages: 1
         cores   : 8
         ht units: 1
         CPU sockets: 1 != 3
          - pinning rule in use   : PINNING_RULE_MCALC_SKIP_ALL
          - desired group         : 0
          - num cores available   : 12
          - efficiency cores      : 8, not used
          - active core list from affinity:
            + num accessible procs          : 12
            + num logical procs             : 12
            + current affinity (env)        : 0,1,2,3,4,5,6,7,8,9,10,11
            + sockets ids in                : 0
            + core list                  (1): 0,1,2,3,4,5,6,7,8,9,10,11
          - active cores          : 0,1,2,3,4,5,6,7,8,9,10,11
          - hyperthreading        : on
          - skip pinning: + allowed number of sockets = available number of sockets
                          + hyperthreading allowed by solver
         =================================================================================

1xN007:  ===================================================================================================
         Version: 2025.0 Release from 2024-08-30 (change 1315043) [Release]
         Workflow: PBA matrix coefficients
         Operation: [fpba, meshfill, bg, port-path, tst, tst-nextgen, coeff, surface-imp, connectivity-tree]
         Architecture: Windows, ID: AMD64
         System Windows-64bit
         Using processor group 0/1
         Matrix calculation information:
         # of Nodes: 8
         Concurrency: 2
         Start ID: 5
         Node ID: 7
         HEX Mesh information:
         Hex mesh: node: [hxr o(35 | 75 | 0) s(38 | 39 | 34) np (no TSTs): 50388]
         Hex mesh: extended: [hxr o(33 | 73 | 0) s(40 | 41 | 34) np (no TSTs): 55760]
         ===================================================================================================

1xN007:  -----------------------------------------------------
         Memory status on node "1xN007" for matrix calculation
         	Estimated memory consumption: 0.0562661 GB
         	Physical memory installed: 16.8062 GB
         	Available physical memory: 7.01863 GB
         	Available relative memory: 41.762 %
         -----------------------------------------------------

1xN007:  >>>>>>>>>>>>>>>>>>>>>>>>>>>>>>>>>>>>>>>>>>>>>>>>>
         Tue Tue Aug 11 20:14:26 2026
         started: calculating matrix coefficients per node
         >>>>>>>>>>>>>>>>>>>>>>>>>>>>>>>>>>>>>>>>>>>>>>>>>

1xN007:  ============================================================
         Matrix computation (PBA)
         	[Perfect Boundary Approximation (PBA), version: default]
         	[GPU acceleration: off (by user)]
         Version: 2025.0 Release from 2024-08-30 (change 1315043)
         PBA version: default, 2.20240218
         Model compatibility: 2025.20240830
         Sub-Workflow: FARM-1xN-TST2-Node
         Workflow updated: -
         Tue Tue Aug 11 20:14:26 2026
         ============================================================

1xN007:  ---------------------------------------------
         Used point accuracy enhancement value: 0.00%.
         ---------------------------------------------

1xN007:  -------------------------------------------------
         Geometry representation: shared-attached
         Shared memory: read-only
         FARM allocation scheme: PA
         Parallelization: on, used

1xN007:  Gap-Detection activated for FARM-topology. Gaps are resolved, even partially.: gap tolerance value is 0.001000 and mesh geometry scale is 0.001000
1xN007:
1xN007:



1xN007:  ----------------------
         Acceleration mode: CPU
         ----------------------

1xN007:  Port homogenization method: M2H point index deviation
1xN007:  cccccccccccccccccccccccccccccccccccccccccccccccccccccccccccccccccccc
         FARM/Meshfill cache is set to 8 (local FI domains: 8, dynamic: true)
         cccccccccccccccccccccccccccccccccccccccccccccccccccccccccccccccccccc

1xN007:  =============================================================
         Hex cell analyzer settings:
         	max number of E fields per mesh edge: 2
         	max number of H fields per mesh face: 4
         	supporting dual grid: false
         	performance improvement: ROI limit: true
         	performance improvement: ROI threshold: 2
         	performance improvement: single topology extraction: true
         	performance improvement: pre-categorize cell volume: true
         	periodic align: 0
         	periodic cells: true
         	homogenization version: pid
         =============================================================

1xN007:  -------------------
         TST Statistics:
         E Split (0 | 0 | 0)
         E Adapt (0 | 0 | 0)
         B Split (0 | 0 | 0)
         B Adapt (0 | 0 | 0)
         -------------------

1xN007:  -------------------------------------------------------------
         TST Version 2.20240218, tst tiny faces fix: on, TST1 BWC: off
         -------------------------------------------------------------

1xN007:  ssssssssssssssssssssssssssssssssssssssssss
         # of curls with SI accuracy enhancement: 0
         ssssssssssssssssssssssssssssssssssssssssss

1xN007:  ------------------------------------------------------------------------------
         PBA fill limit is applied in inverse mode.
         PBA fill limit is applied on faces filled with at least 97.13% metal material.
         --------------------------------------------------------------
         detailed accuracy settings:
         --------------------------------------------------------------
         augmented fill limit:       true
         augmented fill limit value: 97.13
         automatic fill limit:       true
         early fill limit:           true
         inverse fill limit:         true
         model complexity:           0.00
         legacy 2015:                false
         fixed point accuracy:       false
         minimum point accuracy:     0
         mesh step inheritance:      false
         accuracy mode:
         ------------------------------------------------------------------------------

1xN007:  -------------------------------------------------------------------------------
         TST aware field source monitor processing forced by environment variable: false
         No TST aware field source monitors to be processed
         -------------------------------------------------------------------------------

1xN007:  =================================
         Finished matrix computation (PBA)
         =================================

1xN007:  <<<<<<<<<<<<<<<<<<<<<<<<<<<<<<<<<<<<<<<<<<<<<<<<<<<<<<<<<<<<
         Tue Tue Aug 11 20:14:28 2026
         Resource usage for calculating matrix coefficients per node:
         	Runtime                          00:00:02.00352 s
         	Peak Memory Estimation:                   56 MB
         	Peak Memory Usage:                        55 MB
         <<<<<<<<<<<<<<<<<<<<<<<<<<<<<<<<<<<<<<<<<<<<<<<<<<<<<<<<<<<<



<<<<<<<<<<<<<<<<<<<<<<<<<<<<<<<<<<<<<<<<<<<<<<<<<
Tue Tue Aug 11 20:14:30 2026
Resource usage for parallelization control:
	Runtime                      00:00:11.00625 s
<<<<<<<<<<<<<<<<<<<<<<<<<<<<<<<<<<<<<<<<<<<<<<<<<

------------------------------------------------------------------------------------------------------------------------------
PBAMeshFeedback - InfoMap: 0[ms] - SBCell navigation: Using legacy edges - CornerCorrectionLinesAndWires: 0[ms] - Write: 0[ms]
ConnectivityAXG - Load: 2[ms] - Setup: 0[ms] - Convert: 0[ms] ( Groups: 2 - Shapes: 3 - Threads: 10 ) - Write: 0[ms]
ConnectivityAXG - Load: 2[ms] - Setup: 0[ms] - Convert: 0[ms] ( Groups: 2 - Shapes: 3 - Threads: 10 ) - Write: 0[ms]
------------------------------------------------------------------------------------------------------------------------------

--------------------------------
# of staircase filled cells: 0
# of staircase filled areas: 0
# of staircase filled edges: 0
# of faces above fill limit: 0
# of edges with FPBA topology: 0
--------------------------------

