Frontend-Node:  =======================================================================
                FPBA has been activated in order to calculate connectivity information.
                =======================================================================

==============================================================================================
[Boundaries] - MCalc
open-add-space, open-add-space, open-add-space, open-add-space, open-add-space, open-add-space
==============================================================================================

========================================
[Mesh] Matrix calculation - NO ACIS mode
========================================

=============================
[Mesh] Expansion: 0 0 0 0 0 0
=============================

=================================================================================
 - hardware info
   + cpu name                    : Intel(R) Core(TM) 5 120U
   + sockets                     : 1
   + cores per socket            : 2
   + hyperthreading              : on
   + ht-units                    : 2
   + efficiency cores            : 8, not used
   + max cpuid level             : 32
   + max cpuid ext. level        : 8
   + numa nodes                  : 1
   + Numa Memory Info
     numa node     installed     available    (MByte)
       0                 0          4766
   + internal cpu info           : CPUID: selected engine is 'Leaf 0xB detection'
performance cores:
apic ids           : 0, 1, 8, 9
apic ids (fallback): 0, 1, 8, 9
from cpu registers: 0, 1, 8, 9
fallback: 0, 1, 8, 9
combined: 0, 1, 8, 9
core 0 type: Intel Core
core 1 type: Intel Core
core 2 type: Intel Core
core 3 type: Intel Core
max id per cpu: 64
SMT mask: 1
Core mask: 3e
Package mask: ffffffc0
set results:
  - packages: 1
  - cores: 2
  - smts: 2
generate core map, new implementation
0, 1, 2, 3
packages: 1
cores   : 2
ht units: 2
efficiency cores:
apic ids           : 16, 18, 20, 22, 24, 26, 28, 30
apic ids (fallback): 16, 18, 20, 22, 24, 26, 28, 30
from cpu registers: 16, 18, 20, 22, 24, 26, 28, 30
fallback: 16, 18, 20, 22, 24, 26, 28, 30
combined: 16, 18, 20, 22, 24, 26, 28, 30
core 0 type: Intel Atom
core 1 type: Intel Atom
core 2 type: Intel Atom
core 3 type: Intel Atom
core 4 type: Intel Atom
core 5 type: Intel Atom
core 6 type: Intel Atom
core 7 type: Intel Atom
max id per cpu: 64
SMT mask: 1
Core mask: 3e
Package mask: ffffffc0
set results:
  - packages: 1
  - cores: 8
  - smts: 1
generate core map, new implementation
0, 1, 2, 3, 4, 5, 6, 7
packages: 1
cores   : 8
ht units: 1
CPU sockets: 1 != 3
 - pinning rule in use   : PINNING_RULE_MCALC_SKIP_ALL
 - desired group         : 0
 - num cores available   : 12
 - efficiency cores      : 8, not used
 - active core list from affinity: 
   + num accessible procs          : 12
   + num logical procs             : 12
   + current affinity (env)        : 0,1,2,3,4,5,6,7,8,9,10,11
   + sockets ids in                : 0
   + core list                  (1): 0,2,4,5,6,7,8,9,10,11
 - active cores          : 0,2,4,5,6,7,8,9,10,11
 - hyperthreading        : on
 - allowed core ids      : 0,2
 - allowed core ids (aff): 10 10 00 00 
00 00 
 - used mask (string)    : 10 10 00 00 
00 00 
=================================================================================

===================================================================================================
Version: 2025.0 Release from 2024-08-30 (change 1315043) [Release]
Workflow: PBA matrix coefficients
Operation: [acis, fpba, meshfill, bg, port-path, port-domain, tst, tst-nextgen, coeff, surface-imp]
Architecture: Windows, ID: AMD64
System Windows-64bit
Using processor group 0/1
Matrix calculation information:
# of Nodes: 0
Concurrency: 0
Start ID: 0
Node ID: 0
HEX Mesh information:
Hex mesh: global: [hxr o(0 | 0 | 0) s(4 | 27 | 11) np (no TSTs): 1188] 
===================================================================================================

>>>>>>>>>>>>>>>>>>>>>>>>>>>>>>>>>>>>>>>>
Mon Mon Aug 17 19:36:22 2026
started: calculating matrix coefficients
>>>>>>>>>>>>>>>>>>>>>>>>>>>>>>>>>>>>>>>>

============================================================
Matrix computation (PBA)
	[Perfect Boundary Approximation (PBA), version: default]
	[GPU acceleration: off (by user)]
Version: 2025.0 Release from 2024-08-30 (change 1315043)
PBA version: default, 2.20240218
Model compatibility: 2025.20240830
Sub-Workflow: FARM-1x1-TST2
Workflow updated: -
Mon Mon Aug 17 19:36:22 2026
============================================================

----------------------------------------------
Used point accuracy enhancement value: 75.00%.
----------------------------------------------

========================================================================
The maximum supported number of mesh cells without MPI is: 2,147,483,647
========================================================================

------------------------------------------------------------------------------------------------
Geometry processing log
	PEC background is represented by CAD geometry: false
	Background shape: added
	Multithread portion: 100.00
	Number of CAD shapes: 2
	Number of lumps: 1
------------------------------------------------------------------------------------------------
=========================================
== CST Matrix Calculation Priority Log ==
=========================================
Priorities are sorted in ascending order beginning with the lowest priority
 
Group | Shape-ID | ShapeName | Material | User-priority | 2D/3D-Geometry | Material-attributes | Shape-attributes | Feature-ID | Schemetype
1 | 4 | </cst/Boundaries/> Low^X | $NFSMaterial$ | n/a | no | normal.vacuum. | boundary. | n/a | FIT_TD
1 | 5 | </cst/Boundaries/> Low^Y | $NFSMaterial$ | n/a | no | normal.vacuum. | boundary. | n/a | FIT_TD
1 | 6 | </cst/Boundaries/> Low^Z | $NFSMaterial$ | n/a | no | normal.vacuum. | boundary. | n/a | FIT_TD
1 | 7 | </cst/Boundaries/> Up^X | $NFSMaterial$ | n/a | no | normal.vacuum. | boundary. | n/a | FIT_TD
1 | 8 | </cst/Boundaries/> Up^Y | $NFSMaterial$ | n/a | no | normal.vacuum. | boundary. | n/a | FIT_TD
1 | 9 | </cst/Boundaries/> Up^Z | $NFSMaterial$ | n/a | no | normal.vacuum. | boundary. | n/a | FIT_TD
2 | 2 | component1:substrait__1_0 | FR-4 (lossy) | n/a | yes | dispersive-mue.normal. | solid. | n/a | FIT_TD
3 | 1 | component1:GND__1_0 | Copper (annealed) | n/a | yes | pec.rho.surface-impedance. | solid. | n/a | FIT_TD
3 | 3 | component1:GND__1_0 (Lump 2) | Copper (annealed) | n/a | yes | pec.rho.surface-impedance. | solid. | n/a | FIT_TD
=========================================
************************************************************************************************
General settings
	PBA version: default, 2.20240218, potentials: not required
	Model compatibility: 2025.20240830
	Software version: 2025.0 Release from 2024-08-30 (change 1315043)
------------------------------------------------------------------------------------------------
Geometry processor: default
	Geo accuracy: 75.000000
	Watertightness check: true
	Self intersection check: false
	Inheritance (all): false
	Normal dominance (all): false
	Normal dominance (ports): false
	Flanges hollow: true
	One shape per flange: false
	Multi threading: true
		max # of threads used: 4
		requested max # of threads: 4
		representation: indexed
		method: multi thread
		retry: no
------------------------------------------------------------------------------------------------
CAD processing settings are set to default
------------------------------------------------------------------------------------------------
Connectivity settings
	Workflow selection: 0
	Workflow version: 20180101
	Gap detection: true
	Gap detection version: 2
	TST version: default, 2.20240218, potentials: not required
	QQ workflow: true
	CoCo workflow: true
	Legacy topology: false
	Connectivity check: false
------------------------------------------------------------------------------------------------
------------------------------------------------------------------------------------------------
CAD Processing Version Info
	ACIS version installed:	34.0.1
	ACIS version used:	34.0.1
------------------------------------------------------------------------------------------------
Success method:	multi-thread-22
************************************************************************************************

-------------------------------------------------
Geometry representation: extended-edge
Shared memory: none
FARM allocation scheme: PA
Parallelization: off
Gap-Detection activated for FARM-topology. Gaps are resolved, even partially.: gap tolerance value is 0.001000 and mesh geometry scale is 0.001000

----------------------
Acceleration mode: CPU
----------------------

Port homogenization method: M2H point index deviation
ccccccccccccccccccccccccccccccccccccccccccccccccccccccccccccccccccccc
FARM/Meshfill cache is set to 8 (local FI domains: 1, dynamic: false)
ccccccccccccccccccccccccccccccccccccccccccccccccccccccccccccccccccccc

=============================================================
Hex cell analyzer settings:
	max number of E fields per mesh edge: 2
	max number of H fields per mesh face: 4
	supporting dual grid: false
	performance improvement: ROI limit: true
	performance improvement: ROI threshold: 2
	performance improvement: single topology extraction: true
	performance improvement: pre-categorize cell volume: true
	periodic align: 0
	periodic cells: true
	homogenization version: pid
=============================================================

-------------------
TST Statistics:
E Split (0 | 0 | 0)
E Adapt (0 | 0 | 0)
B Split (0 | 0 | 0)
B Adapt (0 | 0 | 0)
-------------------

-------------------------------------------------------------
TST Version 2.20240218, tst tiny faces fix: on, TST1 BWC: off
-------------------------------------------------------------

------------------------------------------------------------------------------
+++++++++++++++++++++++++++++++++++++++++++++++++++++
settings for port mode calculation
+++++++++++++++++++++++++++++++++++++++++++++++++++++
PBA fill limit is applied in inverse mode.
PBA fill limit is applied on faces filled with at least 99.00% metal material.
--------------------------------------------------------------
detailed accuracy settings:
--------------------------------------------------------------
augmented fill limit:       true
augmented fill limit value: 99.00
automatic fill limit:       true
early fill limit:           true
inverse fill limit:         true
model complexity:           0.00
legacy 2015:                false
fixed point accuracy:       false
minimum point accuracy:     0
mesh step inheritance:      false
accuracy mode:              
------------------------------------------------------------------------------

--------------------------------------
Glued 0 metal grid points in port area
--------------------------------------

-------------------------------------------------------------------------------
TST aware field source monitor processing forced by environment variable: false
No TST aware field source monitors to be processed
-------------------------------------------------------------------------------

=================================
Finished matrix computation (PBA)
=================================

<<<<<<<<<<<<<<<<<<<<<<<<<<<<<<<<<<<<<<<<<<<<<<<<<<<<<
Mon Mon Aug 17 19:36:23 2026
Resource usage for calculating matrix coefficients:
	Runtime                          00:00:00.00402 s
	Peak Memory Usage:                        40 MB
<<<<<<<<<<<<<<<<<<<<<<<<<<<<<<<<<<<<<<<<<<<<<<<<<<<<<

--------------------------------
# of staircase filled cells: 0
# of staircase filled areas: 0
# of staircase filled edges: 0
# of faces above fill limit: 0
# of edges with FPBA topology: 0
--------------------------------

Frontend-Node:  =======================================================================
                FPBA has been activated in order to calculate connectivity information.
                =======================================================================

==============================================================================================
[Boundaries] - MCalc
open-add-space, open-add-space, open-add-space, open-add-space, open-add-space, open-add-space
==============================================================================================

========================================
[Mesh] Matrix calculation - NO ACIS mode
========================================

=============================
[Mesh] Expansion: 0 0 0 0 0 0
=============================

=================================================================================
 - hardware info
   + cpu name                    : Intel(R) Core(TM) 5 120U
   + sockets                     : 1
   + cores per socket            : 2
   + hyperthreading              : on
   + ht-units                    : 2
   + efficiency cores            : 8, not used
   + max cpuid level             : 32
   + max cpuid ext. level        : 8
   + numa nodes                  : 1
   + Numa Memory Info
     numa node     installed     available    (MByte)
       0                 0          4773
   + internal cpu info           : CPUID: selected engine is 'Leaf 0xB detection'
performance cores:
apic ids           : 0, 1, 8, 9
apic ids (fallback): 0, 1, 8, 9
from cpu registers: 0, 1, 8, 9
fallback: 0, 1, 8, 9
combined: 0, 1, 8, 9
core 0 type: Intel Core
core 1 type: Intel Core
core 2 type: Intel Core
core 3 type: Intel Core
max id per cpu: 64
SMT mask: 1
Core mask: 3e
Package mask: ffffffc0
set results:
  - packages: 1
  - cores: 2
  - smts: 2
generate core map, new implementation
0, 1, 2, 3
packages: 1
cores   : 2
ht units: 2
efficiency cores:
apic ids           : 16, 18, 20, 22, 24, 26, 28, 30
apic ids (fallback): 16, 18, 20, 22, 24, 26, 28, 30
from cpu registers: 16, 18, 20, 22, 24, 26, 28, 30
fallback: 16, 18, 20, 22, 24, 26, 28, 30
combined: 16, 18, 20, 22, 24, 26, 28, 30
core 0 type: Intel Atom
core 1 type: Intel Atom
core 2 type: Intel Atom
core 3 type: Intel Atom
core 4 type: Intel Atom
core 5 type: Intel Atom
core 6 type: Intel Atom
core 7 type: Intel Atom
max id per cpu: 64
SMT mask: 1
Core mask: 3e
Package mask: ffffffc0
set results:
  - packages: 1
  - cores: 8
  - smts: 1
generate core map, new implementation
0, 1, 2, 3, 4, 5, 6, 7
packages: 1
cores   : 8
ht units: 1
CPU sockets: 1 != 3
 - pinning rule in use   : PINNING_RULE_MCALC_SKIP_ALL
 - desired group         : 0
 - num cores available   : 12
 - efficiency cores      : 8, not used
 - active core list from affinity: 
   + num accessible procs          : 12
   + num logical procs             : 12
   + current affinity (env)        : 0,1,2,3,4,5,6,7,8,9,10,11
   + sockets ids in                : 0
   + core list                  (1): 0,2,4,5,6,7,8,9,10,11
 - active cores          : 0,2,4,5,6,7,8,9,10,11
 - hyperthreading        : on
 - allowed core ids      : 0,2
 - allowed core ids (aff): 10 10 00 00 
00 00 
 - used mask (string)    : 10 10 00 00 
00 00 
=================================================================================

===================================================================================================
Version: 2025.0 Release from 2024-08-30 (change 1315043) [Release]
Workflow: PBA matrix coefficients
Operation: [acis, fpba, meshfill, bg, port-path, port-domain, tst, tst-nextgen, coeff, surface-imp]
Architecture: Windows, ID: AMD64
System Windows-64bit
Using processor group 0/1
Matrix calculation information:
# of Nodes: 0
Concurrency: 0
Start ID: 0
Node ID: 0
HEX Mesh information:
Hex mesh: global: [hxr o(0 | 0 | 0) s(4 | 33 | 18) np (no TSTs): 2376] 
===================================================================================================

>>>>>>>>>>>>>>>>>>>>>>>>>>>>>>>>>>>>>>>>
Mon Mon Aug 17 19:36:24 2026
started: calculating matrix coefficients
>>>>>>>>>>>>>>>>>>>>>>>>>>>>>>>>>>>>>>>>

============================================================
Matrix computation (PBA)
	[Perfect Boundary Approximation (PBA), version: default]
	[GPU acceleration: off (by user)]
Version: 2025.0 Release from 2024-08-30 (change 1315043)
PBA version: default, 2.20240218
Model compatibility: 2025.20240830
Sub-Workflow: FARM-1x1-TST2
Workflow updated: -
Mon Mon Aug 17 19:36:24 2026
============================================================

----------------------------------------------
Used point accuracy enhancement value: 75.00%.
----------------------------------------------

========================================================================
The maximum supported number of mesh cells without MPI is: 2,147,483,647
========================================================================

------------------------------------------------------------------------------------------------
Geometry processing log
	PEC background is represented by CAD geometry: false
	Background shape: added
	Multithread portion: 100.00
	Number of CAD shapes: 2
	Number of lumps: 1
------------------------------------------------------------------------------------------------
=========================================
== CST Matrix Calculation Priority Log ==
=========================================
Priorities are sorted in ascending order beginning with the lowest priority
 
Group | Shape-ID | ShapeName | Material | User-priority | 2D/3D-Geometry | Material-attributes | Shape-attributes | Feature-ID | Schemetype
1 | 4 | </cst/Boundaries/> Low^X | $NFSMaterial$ | n/a | no | normal.vacuum. | boundary. | n/a | FIT_TD
1 | 5 | </cst/Boundaries/> Low^Y | $NFSMaterial$ | n/a | no | normal.vacuum. | boundary. | n/a | FIT_TD
1 | 6 | </cst/Boundaries/> Low^Z | $NFSMaterial$ | n/a | no | normal.vacuum. | boundary. | n/a | FIT_TD
1 | 7 | </cst/Boundaries/> Up^X | $NFSMaterial$ | n/a | no | normal.vacuum. | boundary. | n/a | FIT_TD
1 | 8 | </cst/Boundaries/> Up^Y | $NFSMaterial$ | n/a | no | normal.vacuum. | boundary. | n/a | FIT_TD
1 | 9 | </cst/Boundaries/> Up^Z | $NFSMaterial$ | n/a | no | normal.vacuum. | boundary. | n/a | FIT_TD
2 | 2 | component1:substrait__1_0 | FR-4 (lossy) | n/a | yes | dispersive-mue.normal. | solid. | n/a | FIT_TD
3 | 1 | component1:GND__1_0 | Copper (annealed) | n/a | yes | pec.rho.surface-impedance. | solid. | n/a | FIT_TD
3 | 3 | component1:GND__1_0 (Lump 2) | Copper (annealed) | n/a | yes | pec.rho.surface-impedance. | solid. | n/a | FIT_TD
=========================================
************************************************************************************************
General settings
	PBA version: default, 2.20240218, potentials: not required
	Model compatibility: 2025.20240830
	Software version: 2025.0 Release from 2024-08-30 (change 1315043)
------------------------------------------------------------------------------------------------
Geometry processor: default
	Geo accuracy: 75.000000
	Watertightness check: true
	Self intersection check: false
	Inheritance (all): false
	Normal dominance (all): false
	Normal dominance (ports): false
	Flanges hollow: true
	One shape per flange: false
	Multi threading: true
		max # of threads used: 4
		requested max # of threads: 4
		representation: indexed
		method: multi thread
		retry: no
------------------------------------------------------------------------------------------------
CAD processing settings are set to default
------------------------------------------------------------------------------------------------
Connectivity settings
	Workflow selection: 0
	Workflow version: 20180101
	Gap detection: true
	Gap detection version: 2
	TST version: default, 2.20240218, potentials: not required
	QQ workflow: true
	CoCo workflow: true
	Legacy topology: false
	Connectivity check: false
------------------------------------------------------------------------------------------------
------------------------------------------------------------------------------------------------
CAD Processing Version Info
	ACIS version installed:	34.0.1
	ACIS version used:	34.0.1
------------------------------------------------------------------------------------------------
Success method:	multi-thread-22
************************************************************************************************

-------------------------------------------------
Geometry representation: extended-edge
Shared memory: none
FARM allocation scheme: PA
Parallelization: off
Gap-Detection activated for FARM-topology. Gaps are resolved, even partially.: gap tolerance value is 0.001000 and mesh geometry scale is 0.001000

----------------------
Acceleration mode: CPU
----------------------

Port homogenization method: M2H point index deviation
ccccccccccccccccccccccccccccccccccccccccccccccccccccccccccccccccccccc
FARM/Meshfill cache is set to 8 (local FI domains: 1, dynamic: false)
ccccccccccccccccccccccccccccccccccccccccccccccccccccccccccccccccccccc

=============================================================
Hex cell analyzer settings:
	max number of E fields per mesh edge: 2
	max number of H fields per mesh face: 4
	supporting dual grid: false
	performance improvement: ROI limit: true
	performance improvement: ROI threshold: 2
	performance improvement: single topology extraction: true
	performance improvement: pre-categorize cell volume: true
	periodic align: 0
	periodic cells: true
	homogenization version: pid
=============================================================

-------------------
TST Statistics:
E Split (0 | 0 | 0)
E Adapt (0 | 0 | 0)
B Split (0 | 0 | 0)
B Adapt (0 | 0 | 0)
-------------------

-------------------------------------------------------------
TST Version 2.20240218, tst tiny faces fix: on, TST1 BWC: off
-------------------------------------------------------------

------------------------------------------------------------------------------
+++++++++++++++++++++++++++++++++++++++++++++++++++++
settings for port mode calculation
+++++++++++++++++++++++++++++++++++++++++++++++++++++
PBA fill limit is applied in inverse mode.
PBA fill limit is applied on faces filled with at least 99.00% metal material.
--------------------------------------------------------------
detailed accuracy settings:
--------------------------------------------------------------
augmented fill limit:       true
augmented fill limit value: 99.00
automatic fill limit:       true
early fill limit:           true
inverse fill limit:         true
model complexity:           0.00
legacy 2015:                false
fixed point accuracy:       false
minimum point accuracy:     0
mesh step inheritance:      false
accuracy mode:              
------------------------------------------------------------------------------

--------------------------------------
Glued 0 metal grid points in port area
--------------------------------------

-------------------------------------------------------------------------------
TST aware field source monitor processing forced by environment variable: false
No TST aware field source monitors to be processed
-------------------------------------------------------------------------------

=================================
Finished matrix computation (PBA)
=================================

<<<<<<<<<<<<<<<<<<<<<<<<<<<<<<<<<<<<<<<<<<<<<<<<<<<<<
Mon Mon Aug 17 19:36:24 2026
Resource usage for calculating matrix coefficients:
	Runtime                          00:00:00.00577 s
	Peak Memory Usage:                        55 MB
<<<<<<<<<<<<<<<<<<<<<<<<<<<<<<<<<<<<<<<<<<<<<<<<<<<<<

--------------------------------
# of staircase filled cells: 0
# of staircase filled areas: 0
# of staircase filled edges: 0
# of faces above fill limit: 0
# of edges with FPBA topology: 0
--------------------------------

Frontend-Node:  =======================================================================
                FPBA has been activated in order to calculate connectivity information.
                =======================================================================

==============================================================================================
[Boundaries] - MCalc
open-add-space, open-add-space, open-add-space, open-add-space, open-add-space, open-add-space
==============================================================================================

========================================
[Mesh] Matrix calculation - NO ACIS mode
========================================

=============================
[Mesh] Expansion: 0 0 0 0 0 0
=============================

=================================================================================
 - hardware info
   + cpu name                    : Intel(R) Core(TM) 5 120U
   + sockets                     : 1
   + cores per socket            : 2
   + hyperthreading              : on
   + ht-units                    : 2
   + efficiency cores            : 8, not used
   + max cpuid level             : 32
   + max cpuid ext. level        : 8
   + numa nodes                  : 1
   + Numa Memory Info
     numa node     installed     available    (MByte)
       0                 0          4786
   + internal cpu info           : CPUID: selected engine is 'Leaf 0xB detection'
performance cores:
apic ids           : 0, 1, 8, 9
apic ids (fallback): 0, 1, 8, 9
from cpu registers: 0, 1, 8, 9
fallback: 0, 1, 8, 9
combined: 0, 1, 8, 9
core 0 type: Intel Core
core 1 type: Intel Core
core 2 type: Intel Core
core 3 type: Intel Core
max id per cpu: 64
SMT mask: 1
Core mask: 3e
Package mask: ffffffc0
set results:
  - packages: 1
  - cores: 2
  - smts: 2
generate core map, new implementation
0, 1, 2, 3
packages: 1
cores   : 2
ht units: 2
efficiency cores:
apic ids           : 16, 18, 20, 22, 24, 26, 28, 30
apic ids (fallback): 16, 18, 20, 22, 24, 26, 28, 30
from cpu registers: 16, 18, 20, 22, 24, 26, 28, 30
fallback: 16, 18, 20, 22, 24, 26, 28, 30
combined: 16, 18, 20, 22, 24, 26, 28, 30
core 0 type: Intel Atom
core 1 type: Intel Atom
core 2 type: Intel Atom
core 3 type: Intel Atom
core 4 type: Intel Atom
core 5 type: Intel Atom
core 6 type: Intel Atom
core 7 type: Intel Atom
max id per cpu: 64
SMT mask: 1
Core mask: 3e
Package mask: ffffffc0
set results:
  - packages: 1
  - cores: 8
  - smts: 1
generate core map, new implementation
0, 1, 2, 3, 4, 5, 6, 7
packages: 1
cores   : 8
ht units: 1
CPU sockets: 1 != 3
 - pinning rule in use   : PINNING_RULE_MCALC_SKIP_ALL
 - desired group         : 0
 - num cores available   : 12
 - efficiency cores      : 8, not used
 - active core list from affinity: 
   + num accessible procs          : 12
   + num logical procs             : 12
   + current affinity (env)        : 0,1,2,3,4,5,6,7,8,9,10,11
   + sockets ids in                : 0
   + core list                  (1): 0,2,4,5,6,7,8,9,10,11
 - active cores          : 0,2,4,5,6,7,8,9,10,11
 - hyperthreading        : on
 - allowed core ids      : 0,2
 - allowed core ids (aff): 10 10 00 00 
00 00 
 - used mask (string)    : 10 10 00 00 
00 00 
=================================================================================

===================================================================================================
Version: 2025.0 Release from 2024-08-30 (change 1315043) [Release]
Workflow: PBA matrix coefficients
Operation: [acis, fpba, meshfill, bg, port-path, port-domain, tst, tst-nextgen, coeff, surface-imp]
Architecture: Windows, ID: AMD64
System Windows-64bit
Using processor group 0/1
Matrix calculation information:
# of Nodes: 0
Concurrency: 0
Start ID: 0
Node ID: 0
HEX Mesh information:
Hex mesh: global: [hxr o(0 | 0 | 0) s(4 | 43 | 28) np (no TSTs): 4816] 
===================================================================================================

>>>>>>>>>>>>>>>>>>>>>>>>>>>>>>>>>>>>>>>>
Mon Mon Aug 17 19:36:25 2026
started: calculating matrix coefficients
>>>>>>>>>>>>>>>>>>>>>>>>>>>>>>>>>>>>>>>>

============================================================
Matrix computation (PBA)
	[Perfect Boundary Approximation (PBA), version: default]
	[GPU acceleration: off (by user)]
Version: 2025.0 Release from 2024-08-30 (change 1315043)
PBA version: default, 2.20240218
Model compatibility: 2025.20240830
Sub-Workflow: FARM-1x1-TST2
Workflow updated: -
Mon Mon Aug 17 19:36:25 2026
============================================================

----------------------------------------------
Used point accuracy enhancement value: 75.00%.
----------------------------------------------

========================================================================
The maximum supported number of mesh cells without MPI is: 2,147,483,647
========================================================================

------------------------------------------------------------------------------------------------
Geometry processing log
	PEC background is represented by CAD geometry: false
	Background shape: added
	Multithread portion: 100.00
	Number of CAD shapes: 2
	Number of lumps: 1
------------------------------------------------------------------------------------------------
=========================================
== CST Matrix Calculation Priority Log ==
=========================================
Priorities are sorted in ascending order beginning with the lowest priority
 
Group | Shape-ID | ShapeName | Material | User-priority | 2D/3D-Geometry | Material-attributes | Shape-attributes | Feature-ID | Schemetype
1 | 4 | </cst/Boundaries/> Low^X | $NFSMaterial$ | n/a | no | normal.vacuum. | boundary. | n/a | FIT_TD
1 | 5 | </cst/Boundaries/> Low^Y | $NFSMaterial$ | n/a | no | normal.vacuum. | boundary. | n/a | FIT_TD
1 | 6 | </cst/Boundaries/> Low^Z | $NFSMaterial$ | n/a | no | normal.vacuum. | boundary. | n/a | FIT_TD
1 | 7 | </cst/Boundaries/> Up^X | $NFSMaterial$ | n/a | no | normal.vacuum. | boundary. | n/a | FIT_TD
1 | 8 | </cst/Boundaries/> Up^Y | $NFSMaterial$ | n/a | no | normal.vacuum. | boundary. | n/a | FIT_TD
1 | 9 | </cst/Boundaries/> Up^Z | $NFSMaterial$ | n/a | no | normal.vacuum. | boundary. | n/a | FIT_TD
2 | 2 | component1:substrait__1_0 | FR-4 (lossy) | n/a | yes | dispersive-mue.normal. | solid. | n/a | FIT_TD
3 | 1 | component1:GND__1_0 | Copper (annealed) | n/a | yes | pec.rho.surface-impedance. | solid. | n/a | FIT_TD
3 | 3 | component1:GND__1_0 (Lump 2) | Copper (annealed) | n/a | yes | pec.rho.surface-impedance. | solid. | n/a | FIT_TD
=========================================
************************************************************************************************
General settings
	PBA version: default, 2.20240218, potentials: not required
	Model compatibility: 2025.20240830
	Software version: 2025.0 Release from 2024-08-30 (change 1315043)
------------------------------------------------------------------------------------------------
Geometry processor: default
	Geo accuracy: 75.000000
	Watertightness check: true
	Self intersection check: false
	Inheritance (all): false
	Normal dominance (all): false
	Normal dominance (ports): false
	Flanges hollow: true
	One shape per flange: false
	Multi threading: true
		max # of threads used: 4
		requested max # of threads: 4
		representation: indexed
		method: multi thread
		retry: no
------------------------------------------------------------------------------------------------
CAD processing settings are set to default
------------------------------------------------------------------------------------------------
Connectivity settings
	Workflow selection: 0
	Workflow version: 20180101
	Gap detection: true
	Gap detection version: 2
	TST version: default, 2.20240218, potentials: not required
	QQ workflow: true
	CoCo workflow: true
	Legacy topology: false
	Connectivity check: false
------------------------------------------------------------------------------------------------
------------------------------------------------------------------------------------------------
CAD Processing Version Info
	ACIS version installed:	34.0.1
	ACIS version used:	34.0.1
------------------------------------------------------------------------------------------------
Success method:	multi-thread-22
************************************************************************************************

-------------------------------------------------
Geometry representation: extended-edge
Shared memory: none
FARM allocation scheme: PA
Parallelization: off
Gap-Detection activated for FARM-topology. Gaps are resolved, even partially.: gap tolerance value is 0.001000 and mesh geometry scale is 0.001000

----------------------
Acceleration mode: CPU
----------------------

Port homogenization method: M2H point index deviation
ccccccccccccccccccccccccccccccccccccccccccccccccccccccccccccccccccccc
FARM/Meshfill cache is set to 8 (local FI domains: 1, dynamic: false)
ccccccccccccccccccccccccccccccccccccccccccccccccccccccccccccccccccccc

=============================================================
Hex cell analyzer settings:
	max number of E fields per mesh edge: 2
	max number of H fields per mesh face: 4
	supporting dual grid: false
	performance improvement: ROI limit: true
	performance improvement: ROI threshold: 2
	performance improvement: single topology extraction: true
	performance improvement: pre-categorize cell volume: true
	periodic align: 0
	periodic cells: true
	homogenization version: pid
=============================================================

---------------------
TST Statistics:
E Split (0 | 0 | 14)
E Adapt (7 | 8 | 9)
B Split (16 | 14 | 0)
B Adapt (0 | 0 | 0)
---------------------

-------------------------------------------------------------
TST Version 2.20240218, tst tiny faces fix: on, TST1 BWC: off
-------------------------------------------------------------

------------------------------------------------------------------------------
+++++++++++++++++++++++++++++++++++++++++++++++++++++
settings for port mode calculation
+++++++++++++++++++++++++++++++++++++++++++++++++++++
PBA fill limit is applied in inverse mode.
PBA fill limit is applied on faces filled with at least 99.00% metal material.
--------------------------------------------------------------
detailed accuracy settings:
--------------------------------------------------------------
augmented fill limit:       true
augmented fill limit value: 99.00
automatic fill limit:       true
early fill limit:           true
inverse fill limit:         true
model complexity:           0.00
legacy 2015:                false
fixed point accuracy:       false
minimum point accuracy:     0
mesh step inheritance:      false
accuracy mode:              
------------------------------------------------------------------------------

--------------------------------------
Glued 0 metal grid points in port area
--------------------------------------

-------------------------------------------------------------------------------
TST aware field source monitor processing forced by environment variable: false
No TST aware field source monitors to be processed
-------------------------------------------------------------------------------

=================================
Finished matrix computation (PBA)
=================================

<<<<<<<<<<<<<<<<<<<<<<<<<<<<<<<<<<<<<<<<<<<<<<<<<<<<<
Mon Mon Aug 17 19:36:26 2026
Resource usage for calculating matrix coefficients:
	Runtime                          00:00:01.00004 s
	Peak Memory Usage:                        86 MB
<<<<<<<<<<<<<<<<<<<<<<<<<<<<<<<<<<<<<<<<<<<<<<<<<<<<<

--------------------------------
# of staircase filled cells: 0
# of staircase filled areas: 0
# of staircase filled edges: 0
# of faces above fill limit: 0
# of edges with FPBA topology: 0
--------------------------------

Frontend-Node:  =======================================================================
                FPBA has been activated in order to calculate connectivity information.
                =======================================================================

>>>>>>>>>>>>>>>>>>>>>>>>>>>>>>>>
Mon Mon Aug 17 19:36:28 2026
started: parallelization control
>>>>>>>>>>>>>>>>>>>>>>>>>>>>>>>>

=============================================================================================================
Access to CPU cores has been restricted for this process, reduce number of parallel matrixcalcs from 2 to 10.
=============================================================================================================

=================================================================================
 - hardware info
   + cpu name                    : Intel(R) Core(TM) 5 120U
   + sockets                     : 1
   + cores per socket            : 2
   + hyperthreading              : on
   + ht-units                    : 2
   + efficiency cores            : 8, not used
   + max cpuid level             : 32
   + max cpuid ext. level        : 8
   + numa nodes                  : 1
   + Numa Memory Info
     numa node     installed     available    (MByte)
       0                 0          4776
   + internal cpu info           : CPUID: selected engine is 'Leaf 0xB detection'
performance cores:
apic ids           : 0, 1, 8, 9
apic ids (fallback): 0, 1, 8, 9
from cpu registers: 0, 1, 8, 9
fallback: 0, 1, 8, 9
combined: 0, 1, 8, 9
core 0 type: Intel Core
core 1 type: Intel Core
core 2 type: Intel Core
core 3 type: Intel Core
max id per cpu: 64
SMT mask: 1
Core mask: 3e
Package mask: ffffffc0
set results:
  - packages: 1
  - cores: 2
  - smts: 2
generate core map, new implementation
0, 1, 2, 3
packages: 1
cores   : 2
ht units: 2
efficiency cores:
apic ids           : 16, 18, 20, 22, 24, 26, 28, 30
apic ids (fallback): 16, 18, 20, 22, 24, 26, 28, 30
from cpu registers: 16, 18, 20, 22, 24, 26, 28, 30
fallback: 16, 18, 20, 22, 24, 26, 28, 30
combined: 16, 18, 20, 22, 24, 26, 28, 30
core 0 type: Intel Atom
core 1 type: Intel Atom
core 2 type: Intel Atom
core 3 type: Intel Atom
core 4 type: Intel Atom
core 5 type: Intel Atom
core 6 type: Intel Atom
core 7 type: Intel Atom
max id per cpu: 64
SMT mask: 1
Core mask: 3e
Package mask: ffffffc0
set results:
  - packages: 1
  - cores: 8
  - smts: 1
generate core map, new implementation
0, 1, 2, 3, 4, 5, 6, 7
packages: 1
cores   : 8
ht units: 1
CPU sockets: 1 != 3
 - pinning rule in use   : PINNING_RULE_MCALC_SKIP_ALL
 - desired group         : 0
 - num cores available   : 12
 - efficiency cores      : 8, not used
 - active core list from affinity: 
   + num accessible procs          : 12
   + num logical procs             : 12
   + current affinity (env)        : 0,1,2,3,4,5,6,7,8,9,10,11
   + sockets ids in                : 0
   + core list                  (1): 0,2,4,5,6,7,8,9,10,11
 - active cores          : 0,2,4,5,6,7,8,9,10,11
 - hyperthreading        : on
 - allowed core ids      : 0,2
 - allowed core ids (aff): 10 10 00 00 
00 00 
 - used mask (string)    : 10 10 00 00 
00 00 
=================================================================================

===========================================================================
Version: 2025.0 Release from 2024-08-30 (change 1315043) [Release]
Workflow: QQ-Facets
Operation: [acis, fpba, bg]
Architecture: Windows, ID: AMD64
System Windows-64bit
Using processor group 0/1
Matrix calculation information:
# of Nodes: 0
Concurrency: 0
Start ID: 0
Node ID: 0
HEX Mesh information:
Hex mesh: global: [hxr o(0 | 0 | 0) s(67 | 117 | 28) np (no TSTs): 219492] 
===========================================================================

>>>>>>>>>>>>>>>>>>>>>>>>>>>>>
Mon Mon Aug 17 19:36:28 2026
started: processing CAD model
>>>>>>>>>>>>>>>>>>>>>>>>>>>>>

========================================================================
Processing CAD model
	[Improved internal geometry representation]
	[Accuracy improvement for long shapes in inhomogeneous mesh regions]
Version: 2025.0 Release from 2024-08-30 (change 1315043)
PBA version: default, 2.20240218
Model compatibility: 2025.20240830
Sub-Workflow: Facets-QQ
Workflow updated: -
Mon Mon Aug 17 19:36:28 2026
========================================================================

---------------------------------------------
Used point accuracy enhancement value: 4.00%.
---------------------------------------------

=============================================================================
Mesh statistics:
-----------------------------------------------------------------------------
Minimum edge length (x): 1.71 @ mesh line 52 (x)
Maximum edge length (x): 21.8 @ mesh line 0 (x)
Minimum face area (x): 0.562 @ mesh lines 56 | 11 (y | z)
Maximum face area (x): 382 @ mesh lines 0 | 0 (y | z)
Minimum edge length (y): 0.75 @ mesh line 56 (y)
Maximum edge length (y): 19.5 @ mesh line 0 (y)
Minimum face area (y): 1.29 @ mesh lines 11 | 52 (z | x)
Maximum face area (y): 426 @ mesh lines 0 | 0 (z | x)
Minimum edge length (z): 0.75 @ mesh line 11 (z)
Maximum edge length (z): 19.6 @ mesh line 0 (z)
Minimum face area (z): 1.29 @ mesh lines 52 | 56 (x | y)
Maximum face area (z): 425 @ mesh lines 0 | 0 (x | y)
Maximum mesh face aspect ratio (x): 26.1 : 1.0  @ mesh lines 56 | 0 (y | z)
Maximum mesh face aspect ratio (y): 29 : 1.0  @ mesh lines 11 | 0 (z | x)
Maximum mesh face aspect ratio (z): 29 : 1.0  @ mesh lines 0 | 56 (x | y)
=============================================================================

============================================================================
Available resources to store TST cells: 2147264155 (978288.12% of mesh size)
============================================================================

========================================================================
The maximum supported number of mesh cells without MPI is: 2,147,483,647
========================================================================

------------------------------------------------------------------------------------------------
Geometry processing log
	PEC background is represented by CAD geometry: false
	Background shape: added
	Multithread portion: 100.00
	Number of CAD shapes: 4
	Number of lumps: 0
------------------------------------------------------------------------------------------------
=========================================
== CST Matrix Calculation Priority Log ==
=========================================
Priorities are sorted in ascending order beginning with the lowest priority
 
Group | Shape-ID | ShapeName | Material | User-priority | 2D/3D-Geometry | Material-attributes | Shape-attributes | Feature-ID | Schemetype
1 | 5 | </cst/Boundaries/> Low^X | $NFSMaterial$ | n/a | no | normal.vacuum. | boundary. | n/a | FIT_TD
1 | 6 | </cst/Boundaries/> Low^Y | $NFSMaterial$ | n/a | no | normal.vacuum. | boundary. | n/a | FIT_TD
1 | 7 | </cst/Boundaries/> Low^Z | $NFSMaterial$ | n/a | no | normal.vacuum. | boundary. | n/a | FIT_TD
1 | 8 | </cst/Boundaries/> Up^X | $NFSMaterial$ | n/a | no | normal.vacuum. | boundary. | n/a | FIT_TD
1 | 9 | </cst/Boundaries/> Up^Y | $NFSMaterial$ | n/a | no | normal.vacuum. | boundary. | n/a | FIT_TD
1 | 10 | </cst/Boundaries/> Up^Z | $NFSMaterial$ | n/a | no | normal.vacuum. | boundary. | n/a | FIT_TD
2 | 4 | component1:substrait | FR-4 (lossy) | n/a | yes | dispersive-mue.normal. | solid. | n/a | FIT_TD
3 | 1 | component1:GND | Copper (annealed) | n/a | yes | pec.rho.surface-impedance. | solid. | n/a | FIT_TD
3 | 2 | component1:microstrip | Copper (annealed) | n/a | yes | pec.rho.surface-impedance. | solid. | n/a | FIT_TD
3 | 3 | component1:patch | Copper (annealed) | n/a | yes | pec.rho.surface-impedance. | solid. | n/a | FIT_TD
=========================================
************************************************************************************************
General settings
	PBA version: default, 2.20240218, potentials: not required
	Model compatibility: 2025.20240830
	Software version: 2025.0 Release from 2024-08-30 (change 1315043)
------------------------------------------------------------------------------------------------
Geometry processor: default
	Geo accuracy: 4.000000
	Watertightness check: true
	Self intersection check: false
	Inheritance (all): false
	Normal dominance (all): false
	Normal dominance (ports): false
	Flanges hollow: true
	One shape per flange: false
	Multi threading: true
		max # of threads used: 4
		requested max # of threads: 4
		representation: indexed
		method: multi thread
		retry: no
------------------------------------------------------------------------------------------------
CAD processing settings are set to default
------------------------------------------------------------------------------------------------
Connectivity settings
	Workflow selection: 0
	Workflow version: 20190101
	Gap detection: true
	Gap detection version: 2
	TST version: default, 2.20240218, potentials: not required
	QQ workflow: true
	CoCo workflow: true
	Legacy topology: false
	Connectivity check: true
------------------------------------------------------------------------------------------------
------------------------------------------------------------------------------------------------
CAD Processing Version Info
	ACIS version installed:	34.0.1
	ACIS version used:	34.0.1
------------------------------------------------------------------------------------------------
Success method:	multi-thread-22
************************************************************************************************

-------------------------------------------------------------------------------
TST aware field source monitor processing forced by environment variable: false
No TST aware field source monitors to be processed
-------------------------------------------------------------------------------

=======================
Finished CAD processing
=======================

<<<<<<<<<<<<<<<<<<<<<<<<<<<<<<<<<<<<<<<<<<<<
Mon Mon Aug 17 19:36:28 2026
Resource usage for processing CAD model:
	Runtime                 00:00:00.00064 s
	Peak Memory Usage:               17 MB
<<<<<<<<<<<<<<<<<<<<<<<<<<<<<<<<<<<<<<<<<<<<

=============================================================================================================
Access to CPU cores has been restricted for this process, reduce number of parallel matrixcalcs from 2 to 10.
=============================================================================================================

------------------------------------------------------------
Parallelization Info
------------------------------------------------------------
Hyperthreading active: true
Hyperthreading used: false
Number of concurrent threads: 2
Number of concurrent threads using GPU: 0
Number of node domains: 8
Domains-to-threads scaling: 2
Average FI domain size: 3e+04
Nice mode: true
Delayed matrix calculation start: false
Load balancing: Version 20090403
Number of mesh fill domains: 8
Memory downscale: 1
Shared memory representation: read/write
CPU load: 20.00%
Emptiness: 0.00%
Hex mesh complexity: 0.20671
Geometric complexity: 0.00072
lower size limit of domain (1D): 60
------------------------------------------------------------
Node order
3, 1, 4, 7, 5, 6, 2, 0
------------------------------------------------------------

------------------------------------------------------------------
Matrix calculation job submit section 0
Currently running jobs: 0
Waiting jobs: 8
Concurrency for section: 2/2
Memory physically installed: 16.8062 GB
Memory currently available: 4.99215 GB
Memory already used: 11.8141 GB
Matrix calculation @ 1xN-Node 0003
	Mesh coverage: 2111400.00 %
	Estimated peak memory usage per node: 57 MB, tightness: 1.15 %
	GPU acceleration: off
	Processor group: 0
Matrix calculation @ 1xN-Node 0001
	Mesh coverage: 2049300.00 %
	Estimated peak memory usage per node: 53 MB, tightness: 1.07 %
	GPU acceleration: off
	Processor group: 0
Node distribution on 1 processor group: 2
------------------------------------------------------------------

------------------------------------------------------------------
Matrix calculation job submit section 1
Currently running jobs: 1
Waiting jobs: 6
Concurrency for section: 1/2
Memory physically installed: 16.8062 GB
Memory currently available: 4.93091 GB
Memory already used: 11.8753 GB
Matrix calculation @ 1xN-Node 0004
	Mesh coverage: 3296700.00 %
	Estimated peak memory usage per node: 66 MB, tightness: 1.35 %
	GPU acceleration: off
	Processor group: 0
Node distribution on 1 processor group: 2
------------------------------------------------------------------

------------------------------------------------------------------
Matrix calculation job submit section 2
Currently running jobs: 1
Waiting jobs: 5
Concurrency for section: 1/2
Memory physically installed: 16.8062 GB
Memory currently available: 4.96777 GB
Memory already used: 11.8385 GB
Matrix calculation @ 1xN-Node 0007
	Mesh coverage: 3396600.00 %
	Estimated peak memory usage per node: 50 MB, tightness: 1.00 %
	GPU acceleration: off
	Processor group: 0
Node distribution on 1 processor group: 2
------------------------------------------------------------------

------------------------------------------------------------------
Matrix calculation job submit section 3
Currently running jobs: 1
Waiting jobs: 4
Concurrency for section: 1/2
Memory physically installed: 16.8062 GB
Memory currently available: 4.90887 GB
Memory already used: 11.8974 GB
Matrix calculation @ 1xN-Node 0005
	Mesh coverage: 3396600.00 %
	Estimated peak memory usage per node: 71 MB, tightness: 1.45 %
	GPU acceleration: off
	Processor group: 0
Node distribution on 1 processor group: 2
------------------------------------------------------------------

------------------------------------------------------------------
Matrix calculation job submit section 4
Currently running jobs: 1
Waiting jobs: 3
Concurrency for section: 1/2
Memory physically installed: 16.8062 GB
Memory currently available: 4.93219 GB
Memory already used: 11.8741 GB
Matrix calculation @ 1xN-Node 0006
	Mesh coverage: 3296700.00 %
	Estimated peak memory usage per node: 47 MB, tightness: 0.94 %
	GPU acceleration: off
	Processor group: 0
Node distribution on 1 processor group: 2
------------------------------------------------------------------

------------------------------------------------------------------
Matrix calculation job submit section 5
Currently running jobs: 1
Waiting jobs: 2
Concurrency for section: 1/2
Memory physically installed: 16.8062 GB
Memory currently available: 4.95727 GB
Memory already used: 11.849 GB
Matrix calculation @ 1xN-Node 0002
	Mesh coverage: 2019600.00 %
	Estimated peak memory usage per node: 41 MB, tightness: 0.83 %
	GPU acceleration: off
	Processor group: 0
Node distribution on 1 processor group: 2
------------------------------------------------------------------

------------------------------------------------------------------
Matrix calculation job submit section 6
Currently running jobs: 1
Waiting jobs: 1
Concurrency for section: 1/2
Memory physically installed: 16.8062 GB
Memory currently available: 4.98249 GB
Memory already used: 11.8238 GB
Matrix calculation @ 1xN-Node 0000
	Mesh coverage: 1960200.00 %
	Estimated peak memory usage per node: 41 MB, tightness: 0.82 %
	GPU acceleration: off
	Processor group: 0
Node distribution on 1 processor group: 2
------------------------------------------------------------------

------------------------------------
Mesh: # of points excl. TSTs: 219492
      # of points incl. TSTs: 219492
------------------------------------

===========================================
Data rearrangement statistics:
Disk IO directories:	00:00:00.0002
Disk IO node domain files:	00:00:00.0079
Disk IO FI domain files:	00:00:00.0000
Disk IO meta information:	00:00:00.0013
Sequential merge (TST):	00:00:00.0000
===========================================

1xN000:  ========================================================================
         [Boundaries] - MCalc
         open-add-space, mpi, open-add-space, mpi, open-add-space, open-add-space
         ========================================================================

1xN000:  ========================================
         [Mesh] Matrix calculation - NO ACIS mode
         [Mesh] 1xN MPI or parallelization mode
         ========================================

1xN000:  =============================
         [Mesh] Expansion: 0 2 0 2 0 0
         =============================

1xN000:  ==================================================
         [Mesh] world: o(0000,0000,0000) e(0067,0117,0028)
         [Mesh] l-1xN: o(0000,0000,0000) e(0034,0023,0028)
         [Mesh] e-1xN: o(0000,0000,0000) e(0036,0025,0028)
         [Mesh] g-MPI: not available
         [Mesh] bound offset: (0 | 2 | 0)
         ==================================================

1xN000:  =================================================================================
          - hardware info
            + cpu name                    : Intel(R) Core(TM) 5 120U
            + sockets                     : 1
            + cores per socket            : 2
            + hyperthreading              : on
            + ht-units                    : 2
            + efficiency cores            : 8, not used
            + max cpuid level             : 32
            + max cpuid ext. level        : 8
            + numa nodes                  : 1
            + Numa Memory Info
              numa node     installed     available    (MByte)
                0                 0          4750
            + internal cpu info           : CPUID: selected engine is 'Leaf 0xB detection'
         performance cores:
         apic ids           : 0, 1, 8, 9
         apic ids (fallback): 0, 1, 8, 9
         from cpu registers: 0, 1, 8, 9
         fallback: 0, 1, 8, 9
         combined: 0, 1, 8, 9
         core 0 type: Intel Core
         core 1 type: Intel Core
         core 2 type: Intel Core
         core 3 type: Intel Core
         max id per cpu: 64
         SMT mask: 1
         Core mask: 3e
         Package mask: ffffffc0
         set results:
           - packages: 1
           - cores: 2
           - smts: 2
         generate core map, new implementation
         0, 1, 2, 3
         packages: 1
         cores   : 2
         ht units: 2
         efficiency cores:
         apic ids           : 16, 18, 20, 22, 24, 26, 28, 30
         apic ids (fallback): 16, 18, 20, 22, 24, 26, 28, 30
         from cpu registers: 16, 18, 20, 22, 24, 26, 28, 30
         fallback: 16, 18, 20, 22, 24, 26, 28, 30
         combined: 16, 18, 20, 22, 24, 26, 28, 30
         core 0 type: Intel Atom
         core 1 type: Intel Atom
         core 2 type: Intel Atom
         core 3 type: Intel Atom
         core 4 type: Intel Atom
         core 5 type: Intel Atom
         core 6 type: Intel Atom
         core 7 type: Intel Atom
         max id per cpu: 64
         SMT mask: 1
         Core mask: 3e
         Package mask: ffffffc0
         set results:
           - packages: 1
           - cores: 8
           - smts: 1
         generate core map, new implementation
         0, 1, 2, 3, 4, 5, 6, 7
         packages: 1
         cores   : 8
         ht units: 1
         CPU sockets: 1 != 3
          - pinning rule in use   : PINNING_RULE_MCALC_SKIP_ALL
          - desired group         : 0
          - num cores available   : 12
          - efficiency cores      : 8, not used
          - active core list from affinity:
            + num accessible procs          : 12
            + num logical procs             : 12
            + current affinity (env)        : 0,1,2,3,4,5,6,7,8,9,10,11
            + sockets ids in                : 0
            + core list                  (1): 0,1,2,3,4,5,6,7,8,9,10,11
          - active cores          : 0,1,2,3,4,5,6,7,8,9,10,11
          - hyperthreading        : on
          - skip pinning: + allowed number of sockets = available number of sockets
                          + hyperthreading allowed by solver
         =================================================================================

1xN000:  ===================================================================================================
         Version: 2025.0 Release from 2024-08-30 (change 1315043) [Release]
         Workflow: PBA matrix coefficients
         Operation: [fpba, meshfill, bg, port-path, tst, tst-nextgen, coeff, surface-imp, connectivity-tree]
         Architecture: Windows, ID: AMD64
         System Windows-64bit
         Using processor group 0/1
         Matrix calculation information:
         # of Nodes: 8
         Concurrency: 2
         Start ID: 7
         Node ID: 0
         HEX Mesh information:
         Hex mesh: node: [hxr o(0 | 0 | 0) s(34 | 23 | 28) np (no TSTs): 21896]
         Hex mesh: extended: [hxr o(0 | 0 | 0) s(36 | 25 | 28) np (no TSTs): 25200]
         ===================================================================================================

1xN000:  -----------------------------------------------------
         Memory status on node "1xN000" for matrix calculation
         	Estimated memory consumption: 0.0410018 GB
         	Physical memory installed: 16.8062 GB
         	Available physical memory: 4.97894 GB
         	Available relative memory: 29.6255 %
         -----------------------------------------------------

1xN000:  >>>>>>>>>>>>>>>>>>>>>>>>>>>>>>>>>>>>>>>>>>>>>>>>>
         Mon Mon Aug 17 19:36:37 2026
         started: calculating matrix coefficients per node
         >>>>>>>>>>>>>>>>>>>>>>>>>>>>>>>>>>>>>>>>>>>>>>>>>

1xN000:  ============================================================
         Matrix computation (PBA)
         	[Perfect Boundary Approximation (PBA), version: default]
         	[GPU acceleration: off (by user)]
         Version: 2025.0 Release from 2024-08-30 (change 1315043)
         PBA version: default, 2.20240218
         Model compatibility: 2025.20240830
         Sub-Workflow: FARM-1xN-TST2-Node
         Workflow updated: -
         Mon Mon Aug 17 19:36:37 2026
         ============================================================

1xN000:  ---------------------------------------------
         Used point accuracy enhancement value: 4.00%.
         ---------------------------------------------

1xN000:  -------------------------------------------------
         Geometry representation: shared-attached
         Shared memory: read-only
         FARM allocation scheme: PA
         Parallelization: on, used

1xN000:  Gap-Detection activated for FARM-topology. Gaps are resolved, even partially.: gap tolerance value is 0.001000 and mesh geometry scale is 0.001000
1xN000:
1xN000:



1xN000:  ----------------------
         Acceleration mode: CPU
         ----------------------

1xN000:  Port homogenization method: M2H point index deviation
1xN000:  cccccccccccccccccccccccccccccccccccccccccccccccccccccccccccccccccccc
         FARM/Meshfill cache is set to 8 (local FI domains: 4, dynamic: true)
         cccccccccccccccccccccccccccccccccccccccccccccccccccccccccccccccccccc

1xN000:  =============================================================
         Hex cell analyzer settings:
         	max number of E fields per mesh edge: 2
         	max number of H fields per mesh face: 4
         	supporting dual grid: false
         	performance improvement: ROI limit: true
         	performance improvement: ROI threshold: 2
         	performance improvement: single topology extraction: true
         	performance improvement: pre-categorize cell volume: true
         	periodic align: 0
         	periodic cells: true
         	homogenization version: pid
         =============================================================

1xN000:  -------------------
         TST Statistics:
         E Split (0 | 0 | 0)
         E Adapt (0 | 0 | 0)
         B Split (0 | 0 | 0)
         B Adapt (0 | 0 | 0)
         -------------------

1xN000:  -------------------------------------------------------------
         TST Version 2.20240218, tst tiny faces fix: on, TST1 BWC: off
         -------------------------------------------------------------

1xN000:  ssssssssssssssssssssssssssssssssssssssssss
         # of curls with SI accuracy enhancement: 0
         ssssssssssssssssssssssssssssssssssssssssss

1xN000:  ------------------------------------------------------------------------------
         PBA fill limit is applied in inverse mode.
         PBA fill limit is applied on faces filled with at least 98.07% metal material.
         --------------------------------------------------------------
         detailed accuracy settings:
         --------------------------------------------------------------
         augmented fill limit:       true
         augmented fill limit value: 98.07
         automatic fill limit:       true
         early fill limit:           true
         inverse fill limit:         true
         model complexity:           0.00
         legacy 2015:                false
         fixed point accuracy:       false
         minimum point accuracy:     0
         mesh step inheritance:      false
         accuracy mode:
         ------------------------------------------------------------------------------

1xN000:  -------------------------------------------------------------------------------
         TST aware field source monitor processing forced by environment variable: false
         No TST aware field source monitors to be processed
         -------------------------------------------------------------------------------

1xN000:  =================================
         Finished matrix computation (PBA)
         =================================

1xN000:  <<<<<<<<<<<<<<<<<<<<<<<<<<<<<<<<<<<<<<<<<<<<<<<<<<<<<<<<<<<<
         Mon Mon Aug 17 19:36:39 2026
         Resource usage for calculating matrix coefficients per node:
         	Runtime                          00:00:01.00209 s
         	Peak Memory Estimation:                   41 MB
         	Peak Memory Usage:                        28 MB
         <<<<<<<<<<<<<<<<<<<<<<<<<<<<<<<<<<<<<<<<<<<<<<<<<<<<<<<<<<<<



1xN001:  =============================================================
         [Boundaries] - MCalc
         open-add-space, mpi, mpi, mpi, open-add-space, open-add-space
         =============================================================

1xN001:  ========================================
         [Mesh] Matrix calculation - NO ACIS mode
         [Mesh] 1xN MPI or parallelization mode
         ========================================

1xN001:  ==============================
         [Mesh] Expansion: 0 2 -2 2 0 0
         ==============================

1xN001:  ==================================================
         [Mesh] world: o(0000,0000,0000) e(0067,0117,0028)
         [Mesh] l-1xN: o(0000,0021,0000) e(0034,0045,0028)
         [Mesh] e-1xN: o(0000,0019,0000) e(0036,0047,0028)
         [Mesh] g-MPI: not available
         [Mesh] bound offset: (0 | 2 | -2)
         ==================================================

1xN001:  =================================================================================
          - hardware info
            + cpu name                    : Intel(R) Core(TM) 5 120U
            + sockets                     : 1
            + cores per socket            : 2
            + hyperthreading              : on
            + ht-units                    : 2
            + efficiency cores            : 8, not used
            + max cpuid level             : 32
            + max cpuid ext. level        : 8
            + numa nodes                  : 1
            + Numa Memory Info
              numa node     installed     available    (MByte)
                0                 0          4758
            + internal cpu info           : CPUID: selected engine is 'Leaf 0xB detection'
         performance cores:
         apic ids           : 0, 1, 8, 9
         apic ids (fallback): 0, 1, 8, 9
         from cpu registers: 0, 1, 8, 9
         fallback: 0, 1, 8, 9
         combined: 0, 1, 8, 9
         core 0 type: Intel Core
         core 1 type: Intel Core
         core 2 type: Intel Core
         core 3 type: Intel Core
         max id per cpu: 64
         SMT mask: 1
         Core mask: 3e
         Package mask: ffffffc0
         set results:
           - packages: 1
           - cores: 2
           - smts: 2
         generate core map, new implementation
         0, 1, 2, 3
         packages: 1
         cores   : 2
         ht units: 2
         efficiency cores:
         apic ids           : 16, 18, 20, 22, 24, 26, 28, 30
         apic ids (fallback): 16, 18, 20, 22, 24, 26, 28, 30
         from cpu registers: 16, 18, 20, 22, 24, 26, 28, 30
         fallback: 16, 18, 20, 22, 24, 26, 28, 30
         combined: 16, 18, 20, 22, 24, 26, 28, 30
         core 0 type: Intel Atom
         core 1 type: Intel Atom
         core 2 type: Intel Atom
         core 3 type: Intel Atom
         core 4 type: Intel Atom
         core 5 type: Intel Atom
         core 6 type: Intel Atom
         core 7 type: Intel Atom
         max id per cpu: 64
         SMT mask: 1
         Core mask: 3e
         Package mask: ffffffc0
         set results:
           - packages: 1
           - cores: 8
           - smts: 1
         generate core map, new implementation
         0, 1, 2, 3, 4, 5, 6, 7
         packages: 1
         cores   : 8
         ht units: 1
         CPU sockets: 1 != 3
          - pinning rule in use   : PINNING_RULE_MCALC_SKIP_ALL
          - desired group         : 0
          - num cores available   : 12
          - efficiency cores      : 8, not used
          - active core list from affinity:
            + num accessible procs          : 12
            + num logical procs             : 12
            + current affinity (env)        : 0,1,2,3,4,5,6,7,8,9,10,11
            + sockets ids in                : 0
            + core list                  (1): 0,1,2,3,4,5,6,7,8,9,10,11
          - active cores          : 0,1,2,3,4,5,6,7,8,9,10,11
          - hyperthreading        : on
          - skip pinning: + allowed number of sockets = available number of sockets
                          + hyperthreading allowed by solver
         =================================================================================

1xN001:  ===================================================================================================
         Version: 2025.0 Release from 2024-08-30 (change 1315043) [Release]
         Workflow: PBA matrix coefficients
         Operation: [fpba, meshfill, bg, port-path, tst, tst-nextgen, coeff, surface-imp, connectivity-tree]
         Architecture: Windows, ID: AMD64
         System Windows-64bit
         Using processor group 0/1
         Matrix calculation information:
         # of Nodes: 8
         Concurrency: 2
         Start ID: 1
         Node ID: 1
         HEX Mesh information:
         Hex mesh: node: [hxr o(0 | 21 | 0) s(34 | 24 | 28) np (no TSTs): 22848]
         Hex mesh: extended: [hxr o(0 | 19 | 0) s(36 | 28 | 28) np (no TSTs): 28224]
         ===================================================================================================

1xN001:  -----------------------------------------------------
         Memory status on node "1xN001" for matrix calculation
         	Estimated memory consumption: 0.053398 GB
         	Physical memory installed: 16.8062 GB
         	Available physical memory: 4.97579 GB
         	Available relative memory: 29.6068 %
         -----------------------------------------------------

1xN001:  >>>>>>>>>>>>>>>>>>>>>>>>>>>>>>>>>>>>>>>>>>>>>>>>>
         Mon Mon Aug 17 19:36:28 2026
         started: calculating matrix coefficients per node
         >>>>>>>>>>>>>>>>>>>>>>>>>>>>>>>>>>>>>>>>>>>>>>>>>

1xN001:  ============================================================
         Matrix computation (PBA)
         	[Perfect Boundary Approximation (PBA), version: default]
         	[GPU acceleration: off (by user)]
         Version: 2025.0 Release from 2024-08-30 (change 1315043)
         PBA version: default, 2.20240218
         Model compatibility: 2025.20240830
         Sub-Workflow: FARM-1xN-TST2-Node
         Workflow updated: -
         Mon Mon Aug 17 19:36:28 2026
         ============================================================

1xN001:  ---------------------------------------------
         Used point accuracy enhancement value: 4.00%.
         ---------------------------------------------

1xN001:  -------------------------------------------------
         Geometry representation: shared-attached
         Shared memory: read-only
         FARM allocation scheme: PA
         Parallelization: on, used

1xN001:  Gap-Detection activated for FARM-topology. Gaps are resolved, even partially.: gap tolerance value is 0.001000 and mesh geometry scale is 0.001000
1xN001:
1xN001:



1xN001:  ----------------------
         Acceleration mode: CPU
         ----------------------

1xN001:  Port homogenization method: M2H point index deviation
1xN001:  cccccccccccccccccccccccccccccccccccccccccccccccccccccccccccccccccccc
         FARM/Meshfill cache is set to 8 (local FI domains: 4, dynamic: true)
         cccccccccccccccccccccccccccccccccccccccccccccccccccccccccccccccccccc

1xN001:  =============================================================
         Hex cell analyzer settings:
         	max number of E fields per mesh edge: 2
         	max number of H fields per mesh face: 4
         	supporting dual grid: false
         	performance improvement: ROI limit: true
         	performance improvement: ROI threshold: 2
         	performance improvement: single topology extraction: true
         	performance improvement: pre-categorize cell volume: true
         	periodic align: 0
         	periodic cells: true
         	homogenization version: pid
         =============================================================

1xN001:  -------------------
         TST Statistics:
         E Split (0 | 0 | 0)
         E Adapt (0 | 0 | 0)
         B Split (0 | 0 | 0)
         B Adapt (0 | 0 | 0)
         -------------------

1xN001:  -------------------------------------------------------------
         TST Version 2.20240218, tst tiny faces fix: on, TST1 BWC: off
         -------------------------------------------------------------

1xN001:  ssssssssssssssssssssssssssssssssssssssssss
         # of curls with SI accuracy enhancement: 0
         ssssssssssssssssssssssssssssssssssssssssss

1xN001:  ------------------------------------------------------------------------------
         PBA fill limit is applied in inverse mode.
         PBA fill limit is applied on faces filled with at least 98.07% metal material.
         --------------------------------------------------------------
         detailed accuracy settings:
         --------------------------------------------------------------
         augmented fill limit:       true
         augmented fill limit value: 98.07
         automatic fill limit:       true
         early fill limit:           true
         inverse fill limit:         true
         model complexity:           0.00
         legacy 2015:                false
         fixed point accuracy:       false
         minimum point accuracy:     0
         mesh step inheritance:      false
         accuracy mode:
         ------------------------------------------------------------------------------

1xN001:  -------------------------------------------------------------------------------
         TST aware field source monitor processing forced by environment variable: false
         No TST aware field source monitors to be processed
         -------------------------------------------------------------------------------

1xN001:  =================================
         Finished matrix computation (PBA)
         =================================

1xN001:  <<<<<<<<<<<<<<<<<<<<<<<<<<<<<<<<<<<<<<<<<<<<<<<<<<<<<<<<<<<<
         Mon Mon Aug 17 19:36:31 2026
         Resource usage for calculating matrix coefficients per node:
         	Runtime                          00:00:02.00232 s
         	Peak Memory Estimation:                   53 MB
         	Peak Memory Usage:                        43 MB
         <<<<<<<<<<<<<<<<<<<<<<<<<<<<<<<<<<<<<<<<<<<<<<<<<<<<<<<<<<<<



1xN002:  ========================================================================
         [Boundaries] - MCalc
         mpi, open-add-space, open-add-space, mpi, open-add-space, open-add-space
         ========================================================================

1xN002:  ========================================
         [Mesh] Matrix calculation - NO ACIS mode
         [Mesh] 1xN MPI or parallelization mode
         ========================================

1xN002:  ==============================
         [Mesh] Expansion: -2 0 0 2 0 0
         ==============================

1xN002:  ==================================================
         [Mesh] world: o(0000,0000,0000) e(0067,0117,0028)
         [Mesh] l-1xN: o(0032,0000,0000) e(0067,0023,0028)
         [Mesh] e-1xN: o(0030,0000,0000) e(0067,0025,0028)
         [Mesh] g-MPI: not available
         [Mesh] bound offset: (-2 | 0 | 0)
         ==================================================

1xN002:  =================================================================================
          - hardware info
            + cpu name                    : Intel(R) Core(TM) 5 120U
            + sockets                     : 1
            + cores per socket            : 2
            + hyperthreading              : on
            + ht-units                    : 2
            + efficiency cores            : 8, not used
            + max cpuid level             : 32
            + max cpuid ext. level        : 8
            + numa nodes                  : 1
            + Numa Memory Info
              numa node     installed     available    (MByte)
                0                 0          4727
            + internal cpu info           : CPUID: selected engine is 'Leaf 0xB detection'
         performance cores:
         apic ids           : 0, 1, 8, 9
         apic ids (fallback): 0, 1, 8, 9
         from cpu registers: 0, 1, 8, 9
         fallback: 0, 1, 8, 9
         combined: 0, 1, 8, 9
         core 0 type: Intel Core
         core 1 type: Intel Core
         core 2 type: Intel Core
         core 3 type: Intel Core
         max id per cpu: 64
         SMT mask: 1
         Core mask: 3e
         Package mask: ffffffc0
         set results:
           - packages: 1
           - cores: 2
           - smts: 2
         generate core map, new implementation
         0, 1, 2, 3
         packages: 1
         cores   : 2
         ht units: 2
         efficiency cores:
         apic ids           : 16, 18, 20, 22, 24, 26, 28, 30
         apic ids (fallback): 16, 18, 20, 22, 24, 26, 28, 30
         from cpu registers: 16, 18, 20, 22, 24, 26, 28, 30
         fallback: 16, 18, 20, 22, 24, 26, 28, 30
         combined: 16, 18, 20, 22, 24, 26, 28, 30
         core 0 type: Intel Atom
         core 1 type: Intel Atom
         core 2 type: Intel Atom
         core 3 type: Intel Atom
         core 4 type: Intel Atom
         core 5 type: Intel Atom
         core 6 type: Intel Atom
         core 7 type: Intel Atom
         max id per cpu: 64
         SMT mask: 1
         Core mask: 3e
         Package mask: ffffffc0
         set results:
           - packages: 1
           - cores: 8
           - smts: 1
         generate core map, new implementation
         0, 1, 2, 3, 4, 5, 6, 7
         packages: 1
         cores   : 8
         ht units: 1
         CPU sockets: 1 != 3
          - pinning rule in use   : PINNING_RULE_MCALC_SKIP_ALL
          - desired group         : 0
          - num cores available   : 12
          - efficiency cores      : 8, not used
          - active core list from affinity:
            + num accessible procs          : 12
            + num logical procs             : 12
            + current affinity (env)        : 0,1,2,3,4,5,6,7,8,9,10,11
            + sockets ids in                : 0
            + core list                  (1): 0,1,2,3,4,5,6,7,8,9,10,11
          - active cores          : 0,1,2,3,4,5,6,7,8,9,10,11
          - hyperthreading        : on
          - skip pinning: + allowed number of sockets = available number of sockets
                          + hyperthreading allowed by solver
         =================================================================================

1xN002:  ===================================================================================================
         Version: 2025.0 Release from 2024-08-30 (change 1315043) [Release]
         Workflow: PBA matrix coefficients
         Operation: [fpba, meshfill, bg, port-path, tst, tst-nextgen, coeff, surface-imp, connectivity-tree]
         Architecture: Windows, ID: AMD64
         System Windows-64bit
         Using processor group 0/1
         Matrix calculation information:
         # of Nodes: 8
         Concurrency: 2
         Start ID: 6
         Node ID: 2
         HEX Mesh information:
         Hex mesh: node: [hxr o(32 | 0 | 0) s(35 | 23 | 28) np (no TSTs): 22540]
         Hex mesh: extended: [hxr o(30 | 0 | 0) s(37 | 25 | 28) np (no TSTs): 25900]
         ===================================================================================================

1xN002:  -----------------------------------------------------
         Memory status on node "1xN002" for matrix calculation
         	Estimated memory consumption: 0.0410018 GB
         	Physical memory installed: 16.8062 GB
         	Available physical memory: 4.98326 GB
         	Available relative memory: 29.6512 %
         -----------------------------------------------------

1xN002:  >>>>>>>>>>>>>>>>>>>>>>>>>>>>>>>>>>>>>>>>>>>>>>>>>
         Mon Mon Aug 17 19:36:37 2026
         started: calculating matrix coefficients per node
         >>>>>>>>>>>>>>>>>>>>>>>>>>>>>>>>>>>>>>>>>>>>>>>>>

1xN002:  ============================================================
         Matrix computation (PBA)
         	[Perfect Boundary Approximation (PBA), version: default]
         	[GPU acceleration: off (by user)]
         Version: 2025.0 Release from 2024-08-30 (change 1315043)
         PBA version: default, 2.20240218
         Model compatibility: 2025.20240830
         Sub-Workflow: FARM-1xN-TST2-Node
         Workflow updated: -
         Mon Mon Aug 17 19:36:37 2026
         ============================================================

1xN002:  ---------------------------------------------
         Used point accuracy enhancement value: 4.00%.
         ---------------------------------------------

1xN002:  -------------------------------------------------
         Geometry representation: shared-attached
         Shared memory: read-only
         FARM allocation scheme: PA
         Parallelization: on, used

1xN002:  Gap-Detection activated for FARM-topology. Gaps are resolved, even partially.: gap tolerance value is 0.001000 and mesh geometry scale is 0.001000
1xN002:
1xN002:



1xN002:  ----------------------
         Acceleration mode: CPU
         ----------------------

1xN002:  Port homogenization method: M2H point index deviation
1xN002:  cccccccccccccccccccccccccccccccccccccccccccccccccccccccccccccccccccc
         FARM/Meshfill cache is set to 8 (local FI domains: 4, dynamic: true)
         cccccccccccccccccccccccccccccccccccccccccccccccccccccccccccccccccccc

1xN002:  =============================================================
         Hex cell analyzer settings:
         	max number of E fields per mesh edge: 2
         	max number of H fields per mesh face: 4
         	supporting dual grid: false
         	performance improvement: ROI limit: true
         	performance improvement: ROI threshold: 2
         	performance improvement: single topology extraction: true
         	performance improvement: pre-categorize cell volume: true
         	periodic align: 0
         	periodic cells: true
         	homogenization version: pid
         =============================================================

1xN002:  -------------------
         TST Statistics:
         E Split (0 | 0 | 0)
         E Adapt (0 | 0 | 0)
         B Split (0 | 0 | 0)
         B Adapt (0 | 0 | 0)
         -------------------

1xN002:  -------------------------------------------------------------
         TST Version 2.20240218, tst tiny faces fix: on, TST1 BWC: off
         -------------------------------------------------------------

1xN002:  ssssssssssssssssssssssssssssssssssssssssss
         # of curls with SI accuracy enhancement: 0
         ssssssssssssssssssssssssssssssssssssssssss

1xN002:  ------------------------------------------------------------------------------
         PBA fill limit is applied in inverse mode.
         PBA fill limit is applied on faces filled with at least 98.07% metal material.
         --------------------------------------------------------------
         detailed accuracy settings:
         --------------------------------------------------------------
         augmented fill limit:       true
         augmented fill limit value: 98.07
         automatic fill limit:       true
         early fill limit:           true
         inverse fill limit:         true
         model complexity:           0.00
         legacy 2015:                false
         fixed point accuracy:       false
         minimum point accuracy:     0
         mesh step inheritance:      false
         accuracy mode:
         ------------------------------------------------------------------------------

1xN002:  -------------------------------------------------------------------------------
         TST aware field source monitor processing forced by environment variable: false
         No TST aware field source monitors to be processed
         -------------------------------------------------------------------------------

1xN002:  =================================
         Finished matrix computation (PBA)
         =================================

1xN002:  <<<<<<<<<<<<<<<<<<<<<<<<<<<<<<<<<<<<<<<<<<<<<<<<<<<<<<<<<<<<
         Mon Mon Aug 17 19:36:38 2026
         Resource usage for calculating matrix coefficients per node:
         	Runtime                          00:00:01.00116 s
         	Peak Memory Estimation:                   41 MB
         	Peak Memory Usage:                        27 MB
         <<<<<<<<<<<<<<<<<<<<<<<<<<<<<<<<<<<<<<<<<<<<<<<<<<<<<<<<<<<<



1xN003:  =============================================================
         [Boundaries] - MCalc
         mpi, open-add-space, mpi, mpi, open-add-space, open-add-space
         =============================================================

1xN003:  ========================================
         [Mesh] Matrix calculation - NO ACIS mode
         [Mesh] 1xN MPI or parallelization mode
         ========================================

1xN003:  ===============================
         [Mesh] Expansion: -2 0 -2 2 0 0
         ===============================

1xN003:  ==================================================
         [Mesh] world: o(0000,0000,0000) e(0067,0117,0028)
         [Mesh] l-1xN: o(0032,0021,0000) e(0067,0045,0028)
         [Mesh] e-1xN: o(0030,0019,0000) e(0067,0047,0028)
         [Mesh] g-MPI: not available
         [Mesh] bound offset: (-2 | 0 | -2)
         ==================================================

1xN003:  =================================================================================
          - hardware info
            + cpu name                    : Intel(R) Core(TM) 5 120U
            + sockets                     : 1
            + cores per socket            : 2
            + hyperthreading              : on
            + ht-units                    : 2
            + efficiency cores            : 8, not used
            + max cpuid level             : 32
            + max cpuid ext. level        : 8
            + numa nodes                  : 1
            + Numa Memory Info
              numa node     installed     available    (MByte)
                0                 0          4758
            + internal cpu info           : CPUID: selected engine is 'Leaf 0xB detection'
         performance cores:
         apic ids           : 0, 1, 8, 9
         apic ids (fallback): 0, 1, 8, 9
         from cpu registers: 0, 1, 8, 9
         fallback: 0, 1, 8, 9
         combined: 0, 1, 8, 9
         core 0 type: Intel Core
         core 1 type: Intel Core
         core 2 type: Intel Core
         core 3 type: Intel Core
         max id per cpu: 64
         SMT mask: 1
         Core mask: 3e
         Package mask: ffffffc0
         set results:
           - packages: 1
           - cores: 2
           - smts: 2
         generate core map, new implementation
         0, 1, 2, 3
         packages: 1
         cores   : 2
         ht units: 2
         efficiency cores:
         apic ids           : 16, 18, 20, 22, 24, 26, 28, 30
         apic ids (fallback): 16, 18, 20, 22, 24, 26, 28, 30
         from cpu registers: 16, 18, 20, 22, 24, 26, 28, 30
         fallback: 16, 18, 20, 22, 24, 26, 28, 30
         combined: 16, 18, 20, 22, 24, 26, 28, 30
         core 0 type: Intel Atom
         core 1 type: Intel Atom
         core 2 type: Intel Atom
         core 3 type: Intel Atom
         core 4 type: Intel Atom
         core 5 type: Intel Atom
         core 6 type: Intel Atom
         core 7 type: Intel Atom
         max id per cpu: 64
         SMT mask: 1
         Core mask: 3e
         Package mask: ffffffc0
         set results:
           - packages: 1
           - cores: 8
           - smts: 1
         generate core map, new implementation
         0, 1, 2, 3, 4, 5, 6, 7
         packages: 1
         cores   : 8
         ht units: 1
         CPU sockets: 1 != 3
          - pinning rule in use   : PINNING_RULE_MCALC_SKIP_ALL
          - desired group         : 0
          - num cores available   : 12
          - efficiency cores      : 8, not used
          - active core list from affinity:
            + num accessible procs          : 12
            + num logical procs             : 12
            + current affinity (env)        : 0,1,2,3,4,5,6,7,8,9,10,11
            + sockets ids in                : 0
            + core list                  (1): 0,1,2,3,4,5,6,7,8,9,10,11
          - active cores          : 0,1,2,3,4,5,6,7,8,9,10,11
          - hyperthreading        : on
          - skip pinning: + allowed number of sockets = available number of sockets
                          + hyperthreading allowed by solver
         =================================================================================

1xN003:  ===================================================================================================
         Version: 2025.0 Release from 2024-08-30 (change 1315043) [Release]
         Workflow: PBA matrix coefficients
         Operation: [fpba, meshfill, bg, port-path, tst, tst-nextgen, coeff, surface-imp, connectivity-tree]
         Architecture: Windows, ID: AMD64
         System Windows-64bit
         Using processor group 0/1
         Matrix calculation information:
         # of Nodes: 8
         Concurrency: 2
         Start ID: 0
         Node ID: 3
         HEX Mesh information:
         Hex mesh: node: [hxr o(32 | 21 | 0) s(35 | 24 | 28) np (no TSTs): 23520]
         Hex mesh: extended: [hxr o(30 | 19 | 0) s(37 | 28 | 28) np (no TSTs): 29008]
         ===================================================================================================

1xN003:  -----------------------------------------------------
         Memory status on node "1xN003" for matrix calculation
         	Estimated memory consumption: 0.0572323 GB
         	Physical memory installed: 16.8062 GB
         	Available physical memory: 4.97577 GB
         	Available relative memory: 29.6067 %
         -----------------------------------------------------

1xN003:  >>>>>>>>>>>>>>>>>>>>>>>>>>>>>>>>>>>>>>>>>>>>>>>>>
         Mon Mon Aug 17 19:36:28 2026
         started: calculating matrix coefficients per node
         >>>>>>>>>>>>>>>>>>>>>>>>>>>>>>>>>>>>>>>>>>>>>>>>>

1xN003:  ============================================================
         Matrix computation (PBA)
         	[Perfect Boundary Approximation (PBA), version: default]
         	[GPU acceleration: off (by user)]
         Version: 2025.0 Release from 2024-08-30 (change 1315043)
         PBA version: default, 2.20240218
         Model compatibility: 2025.20240830
         Sub-Workflow: FARM-1xN-TST2-Node
         Workflow updated: -
         Mon Mon Aug 17 19:36:28 2026
         ============================================================

1xN003:  ---------------------------------------------
         Used point accuracy enhancement value: 4.00%.
         ---------------------------------------------

1xN003:  -------------------------------------------------
         Geometry representation: shared-attached
         Shared memory: read-only
         FARM allocation scheme: PA
         Parallelization: on, used

1xN003:  Gap-Detection activated for FARM-topology. Gaps are resolved, even partially.: gap tolerance value is 0.001000 and mesh geometry scale is 0.001000
1xN003:
1xN003:



1xN003:  ----------------------
         Acceleration mode: CPU
         ----------------------

1xN003:  Port homogenization method: M2H point index deviation
1xN003:  cccccccccccccccccccccccccccccccccccccccccccccccccccccccccccccccccccc
         FARM/Meshfill cache is set to 8 (local FI domains: 4, dynamic: true)
         cccccccccccccccccccccccccccccccccccccccccccccccccccccccccccccccccccc

1xN003:  =============================================================
         Hex cell analyzer settings:
         	max number of E fields per mesh edge: 2
         	max number of H fields per mesh face: 4
         	supporting dual grid: false
         	performance improvement: ROI limit: true
         	performance improvement: ROI threshold: 2
         	performance improvement: single topology extraction: true
         	performance improvement: pre-categorize cell volume: true
         	periodic align: 0
         	periodic cells: true
         	homogenization version: pid
         =============================================================

1xN003:  -------------------
         TST Statistics:
         E Split (0 | 0 | 0)
         E Adapt (0 | 0 | 0)
         B Split (0 | 0 | 0)
         B Adapt (0 | 0 | 0)
         -------------------

1xN003:  -------------------------------------------------------------
         TST Version 2.20240218, tst tiny faces fix: on, TST1 BWC: off
         -------------------------------------------------------------

1xN003:  ssssssssssssssssssssssssssssssssssssssssss
         # of curls with SI accuracy enhancement: 0
         ssssssssssssssssssssssssssssssssssssssssss

1xN003:  ------------------------------------------------------------------------------
         PBA fill limit is applied in inverse mode.
         PBA fill limit is applied on faces filled with at least 98.07% metal material.
         --------------------------------------------------------------
         detailed accuracy settings:
         --------------------------------------------------------------
         augmented fill limit:       true
         augmented fill limit value: 98.07
         automatic fill limit:       true
         early fill limit:           true
         inverse fill limit:         true
         model complexity:           0.00
         legacy 2015:                false
         fixed point accuracy:       false
         minimum point accuracy:     0
         mesh step inheritance:      false
         accuracy mode:
         ------------------------------------------------------------------------------

1xN003:  -------------------------------------------------------------------------------
         TST aware field source monitor processing forced by environment variable: false
         No TST aware field source monitors to be processed
         -------------------------------------------------------------------------------

1xN003:  =================================
         Finished matrix computation (PBA)
         =================================

1xN003:  <<<<<<<<<<<<<<<<<<<<<<<<<<<<<<<<<<<<<<<<<<<<<<<<<<<<<<<<<<<<
         Mon Mon Aug 17 19:36:30 2026
         Resource usage for calculating matrix coefficients per node:
         	Runtime                          00:00:02.00013 s
         	Peak Memory Estimation:                   57 MB
         	Peak Memory Usage:                        42 MB
         <<<<<<<<<<<<<<<<<<<<<<<<<<<<<<<<<<<<<<<<<<<<<<<<<<<<<<<<<<<<



1xN004:  =============================================================
         [Boundaries] - MCalc
         open-add-space, mpi, mpi, mpi, open-add-space, open-add-space
         =============================================================

1xN004:  ========================================
         [Mesh] Matrix calculation - NO ACIS mode
         [Mesh] 1xN MPI or parallelization mode
         ========================================

1xN004:  ==============================
         [Mesh] Expansion: 0 2 -2 2 0 0
         ==============================

1xN004:  ==================================================
         [Mesh] world: o(0000,0000,0000) e(0067,0117,0028)
         [Mesh] l-1xN: o(0000,0043,0000) e(0034,0081,0028)
         [Mesh] e-1xN: o(0000,0041,0000) e(0036,0083,0028)
         [Mesh] g-MPI: not available
         [Mesh] bound offset: (0 | 2 | -2)
         ==================================================

1xN004:  =================================================================================
          - hardware info
            + cpu name                    : Intel(R) Core(TM) 5 120U
            + sockets                     : 1
            + cores per socket            : 2
            + hyperthreading              : on
            + ht-units                    : 2
            + efficiency cores            : 8, not used
            + max cpuid level             : 32
            + max cpuid ext. level        : 8
            + numa nodes                  : 1
            + Numa Memory Info
              numa node     installed     available    (MByte)
                0                 0          4701
            + internal cpu info           : CPUID: selected engine is 'Leaf 0xB detection'
         performance cores:
         apic ids           : 0, 1, 8, 9
         apic ids (fallback): 0, 1, 8, 9
         from cpu registers: 0, 1, 8, 9
         fallback: 0, 1, 8, 9
         combined: 0, 1, 8, 9
         core 0 type: Intel Core
         core 1 type: Intel Core
         core 2 type: Intel Core
         core 3 type: Intel Core
         max id per cpu: 64
         SMT mask: 1
         Core mask: 3e
         Package mask: ffffffc0
         set results:
           - packages: 1
           - cores: 2
           - smts: 2
         generate core map, new implementation
         0, 1, 2, 3
         packages: 1
         cores   : 2
         ht units: 2
         efficiency cores:
         apic ids           : 16, 18, 20, 22, 24, 26, 28, 30
         apic ids (fallback): 16, 18, 20, 22, 24, 26, 28, 30
         from cpu registers: 16, 18, 20, 22, 24, 26, 28, 30
         fallback: 16, 18, 20, 22, 24, 26, 28, 30
         combined: 16, 18, 20, 22, 24, 26, 28, 30
         core 0 type: Intel Atom
         core 1 type: Intel Atom
         core 2 type: Intel Atom
         core 3 type: Intel Atom
         core 4 type: Intel Atom
         core 5 type: Intel Atom
         core 6 type: Intel Atom
         core 7 type: Intel Atom
         max id per cpu: 64
         SMT mask: 1
         Core mask: 3e
         Package mask: ffffffc0
         set results:
           - packages: 1
           - cores: 8
           - smts: 1
         generate core map, new implementation
         0, 1, 2, 3, 4, 5, 6, 7
         packages: 1
         cores   : 8
         ht units: 1
         CPU sockets: 1 != 3
          - pinning rule in use   : PINNING_RULE_MCALC_SKIP_ALL
          - desired group         : 0
          - num cores available   : 12
          - efficiency cores      : 8, not used
          - active core list from affinity:
            + num accessible procs          : 12
            + num logical procs             : 12
            + current affinity (env)        : 0,1,2,3,4,5,6,7,8,9,10,11
            + sockets ids in                : 0
            + core list                  (1): 0,1,2,3,4,5,6,7,8,9,10,11
          - active cores          : 0,1,2,3,4,5,6,7,8,9,10,11
          - hyperthreading        : on
          - skip pinning: + allowed number of sockets = available number of sockets
                          + hyperthreading allowed by solver
         =================================================================================

1xN004:  ===================================================================================================
         Version: 2025.0 Release from 2024-08-30 (change 1315043) [Release]
         Workflow: PBA matrix coefficients
         Operation: [fpba, meshfill, bg, port-path, tst, tst-nextgen, coeff, surface-imp, connectivity-tree]
         Architecture: Windows, ID: AMD64
         System Windows-64bit
         Using processor group 0/1
         Matrix calculation information:
         # of Nodes: 8
         Concurrency: 2
         Start ID: 2
         Node ID: 4
         HEX Mesh information:
         Hex mesh: node: [hxr o(0 | 43 | 0) s(34 | 38 | 28) np (no TSTs): 36176]
         Hex mesh: extended: [hxr o(0 | 41 | 0) s(36 | 42 | 28) np (no TSTs): 42336]
         ===================================================================================================

1xN004:  -----------------------------------------------------
         Memory status on node "1xN004" for matrix calculation
         	Estimated memory consumption: 0.0664453 GB
         	Physical memory installed: 16.8062 GB
         	Available physical memory: 4.96511 GB
         	Available relative memory: 29.5432 %
         -----------------------------------------------------

1xN004:  >>>>>>>>>>>>>>>>>>>>>>>>>>>>>>>>>>>>>>>>>>>>>>>>>
         Mon Mon Aug 17 19:36:31 2026
         started: calculating matrix coefficients per node
         >>>>>>>>>>>>>>>>>>>>>>>>>>>>>>>>>>>>>>>>>>>>>>>>>

1xN004:  ============================================================
         Matrix computation (PBA)
         	[Perfect Boundary Approximation (PBA), version: default]
         	[GPU acceleration: off (by user)]
         Version: 2025.0 Release from 2024-08-30 (change 1315043)
         PBA version: default, 2.20240218
         Model compatibility: 2025.20240830
         Sub-Workflow: FARM-1xN-TST2-Node
         Workflow updated: -
         Mon Mon Aug 17 19:36:31 2026
         ============================================================

1xN004:  ---------------------------------------------
         Used point accuracy enhancement value: 4.00%.
         ---------------------------------------------

1xN004:  -------------------------------------------------
         Geometry representation: shared-attached
         Shared memory: read-only
         FARM allocation scheme: PA
         Parallelization: on, used

1xN004:  Gap-Detection activated for FARM-topology. Gaps are resolved, even partially.: gap tolerance value is 0.001000 and mesh geometry scale is 0.001000
1xN004:
1xN004:



1xN004:  ----------------------
         Acceleration mode: CPU
         ----------------------

1xN004:  Port homogenization method: M2H point index deviation
1xN004:  cccccccccccccccccccccccccccccccccccccccccccccccccccccccccccccccccccc
         FARM/Meshfill cache is set to 8 (local FI domains: 8, dynamic: true)
         cccccccccccccccccccccccccccccccccccccccccccccccccccccccccccccccccccc

1xN004:  =============================================================
         Hex cell analyzer settings:
         	max number of E fields per mesh edge: 2
         	max number of H fields per mesh face: 4
         	supporting dual grid: false
         	performance improvement: ROI limit: true
         	performance improvement: ROI threshold: 2
         	performance improvement: single topology extraction: true
         	performance improvement: pre-categorize cell volume: true
         	periodic align: 0
         	periodic cells: true
         	homogenization version: pid
         =============================================================

1xN004:  -------------------
         TST Statistics:
         E Split (0 | 0 | 0)
         E Adapt (0 | 0 | 0)
         B Split (0 | 0 | 0)
         B Adapt (0 | 0 | 0)
         -------------------

1xN004:  -------------------------------------------------------------
         TST Version 2.20240218, tst tiny faces fix: on, TST1 BWC: off
         -------------------------------------------------------------

1xN004:  ssssssssssssssssssssssssssssssssssssssssss
         # of curls with SI accuracy enhancement: 0
         ssssssssssssssssssssssssssssssssssssssssss

1xN004:  ------------------------------------------------------------------------------
         PBA fill limit is applied in inverse mode.
         PBA fill limit is applied on faces filled with at least 98.07% metal material.
         --------------------------------------------------------------
         detailed accuracy settings:
         --------------------------------------------------------------
         augmented fill limit:       true
         augmented fill limit value: 98.07
         automatic fill limit:       true
         early fill limit:           true
         inverse fill limit:         true
         model complexity:           0.00
         legacy 2015:                false
         fixed point accuracy:       false
         minimum point accuracy:     0
         mesh step inheritance:      false
         accuracy mode:
         ------------------------------------------------------------------------------

1xN004:  --------------------------------------
         Glued 0 metal grid points in port area
         --------------------------------------

1xN004:  -------------------------------------------------------------------------------
         TST aware field source monitor processing forced by environment variable: false
         No TST aware field source monitors to be processed
         -------------------------------------------------------------------------------

1xN004:  =================================
         Finished matrix computation (PBA)
         =================================

1xN004:  <<<<<<<<<<<<<<<<<<<<<<<<<<<<<<<<<<<<<<<<<<<<<<<<<<<<<<<<<<<<
         Mon Mon Aug 17 19:36:34 2026
         Resource usage for calculating matrix coefficients per node:
         	Runtime                          00:00:03.00383 s
         	Peak Memory Estimation:                   66 MB
         	Peak Memory Usage:                        70 MB
         <<<<<<<<<<<<<<<<<<<<<<<<<<<<<<<<<<<<<<<<<<<<<<<<<<<<<<<<<<<<



1xN005:  =============================================================
         [Boundaries] - MCalc
         mpi, open-add-space, mpi, mpi, open-add-space, open-add-space
         =============================================================

1xN005:  ========================================
         [Mesh] Matrix calculation - NO ACIS mode
         [Mesh] 1xN MPI or parallelization mode
         ========================================

1xN005:  ===============================
         [Mesh] Expansion: -2 0 -2 2 0 0
         ===============================

1xN005:  ==================================================
         [Mesh] world: o(0000,0000,0000) e(0067,0117,0028)
         [Mesh] l-1xN: o(0032,0043,0000) e(0067,0081,0028)
         [Mesh] e-1xN: o(0030,0041,0000) e(0067,0083,0028)
         [Mesh] g-MPI: not available
         [Mesh] bound offset: (-2 | 0 | -2)
         ==================================================

1xN005:  =================================================================================
          - hardware info
            + cpu name                    : Intel(R) Core(TM) 5 120U
            + sockets                     : 1
            + cores per socket            : 2
            + hyperthreading              : on
            + ht-units                    : 2
            + efficiency cores            : 8, not used
            + max cpuid level             : 32
            + max cpuid ext. level        : 8
            + numa nodes                  : 1
            + Numa Memory Info
              numa node     installed     available    (MByte)
                0                 0          4680
            + internal cpu info           : CPUID: selected engine is 'Leaf 0xB detection'
         performance cores:
         apic ids           : 0, 1, 8, 9
         apic ids (fallback): 0, 1, 8, 9
         from cpu registers: 0, 1, 8, 9
         fallback: 0, 1, 8, 9
         combined: 0, 1, 8, 9
         core 0 type: Intel Core
         core 1 type: Intel Core
         core 2 type: Intel Core
         core 3 type: Intel Core
         max id per cpu: 64
         SMT mask: 1
         Core mask: 3e
         Package mask: ffffffc0
         set results:
           - packages: 1
           - cores: 2
           - smts: 2
         generate core map, new implementation
         0, 1, 2, 3
         packages: 1
         cores   : 2
         ht units: 2
         efficiency cores:
         apic ids           : 16, 18, 20, 22, 24, 26, 28, 30
         apic ids (fallback): 16, 18, 20, 22, 24, 26, 28, 30
         from cpu registers: 16, 18, 20, 22, 24, 26, 28, 30
         fallback: 16, 18, 20, 22, 24, 26, 28, 30
         combined: 16, 18, 20, 22, 24, 26, 28, 30
         core 0 type: Intel Atom
         core 1 type: Intel Atom
         core 2 type: Intel Atom
         core 3 type: Intel Atom
         core 4 type: Intel Atom
         core 5 type: Intel Atom
         core 6 type: Intel Atom
         core 7 type: Intel Atom
         max id per cpu: 64
         SMT mask: 1
         Core mask: 3e
         Package mask: ffffffc0
         set results:
           - packages: 1
           - cores: 8
           - smts: 1
         generate core map, new implementation
         0, 1, 2, 3, 4, 5, 6, 7
         packages: 1
         cores   : 8
         ht units: 1
         CPU sockets: 1 != 3
          - pinning rule in use   : PINNING_RULE_MCALC_SKIP_ALL
          - desired group         : 0
          - num cores available   : 12
          - efficiency cores      : 8, not used
          - active core list from affinity:
            + num accessible procs          : 12
            + num logical procs             : 12
            + current affinity (env)        : 0,1,2,3,4,5,6,7,8,9,10,11
            + sockets ids in                : 0
            + core list                  (1): 0,1,2,3,4,5,6,7,8,9,10,11
          - active cores          : 0,1,2,3,4,5,6,7,8,9,10,11
          - hyperthreading        : on
          - skip pinning: + allowed number of sockets = available number of sockets
                          + hyperthreading allowed by solver
         =================================================================================

1xN005:  ===================================================================================================
         Version: 2025.0 Release from 2024-08-30 (change 1315043) [Release]
         Workflow: PBA matrix coefficients
         Operation: [fpba, meshfill, bg, port-path, tst, tst-nextgen, coeff, surface-imp, connectivity-tree]
         Architecture: Windows, ID: AMD64
         System Windows-64bit
         Using processor group 0/1
         Matrix calculation information:
         # of Nodes: 8
         Concurrency: 2
         Start ID: 4
         Node ID: 5
         HEX Mesh information:
         Hex mesh: node: [hxr o(32 | 43 | 0) s(35 | 38 | 28) np (no TSTs): 37240]
         Hex mesh: extended: [hxr o(30 | 41 | 0) s(37 | 42 | 28) np (no TSTs): 43512]
         ===================================================================================================

1xN005:  -----------------------------------------------------
         Memory status on node "1xN005" for matrix calculation
         	Estimated memory consumption: 0.0711677 GB
         	Physical memory installed: 16.8062 GB
         	Available physical memory: 4.92425 GB
         	Available relative memory: 29.3001 %
         -----------------------------------------------------

1xN005:  >>>>>>>>>>>>>>>>>>>>>>>>>>>>>>>>>>>>>>>>>>>>>>>>>
         Mon Mon Aug 17 19:36:34 2026
         started: calculating matrix coefficients per node
         >>>>>>>>>>>>>>>>>>>>>>>>>>>>>>>>>>>>>>>>>>>>>>>>>

1xN005:  ============================================================
         Matrix computation (PBA)
         	[Perfect Boundary Approximation (PBA), version: default]
         	[GPU acceleration: off (by user)]
         Version: 2025.0 Release from 2024-08-30 (change 1315043)
         PBA version: default, 2.20240218
         Model compatibility: 2025.20240830
         Sub-Workflow: FARM-1xN-TST2-Node
         Workflow updated: -
         Mon Mon Aug 17 19:36:34 2026
         ============================================================

1xN005:  ---------------------------------------------
         Used point accuracy enhancement value: 4.00%.
         ---------------------------------------------

1xN005:  -------------------------------------------------
         Geometry representation: shared-attached
         Shared memory: read-only
         FARM allocation scheme: PA
         Parallelization: on, used

1xN005:  Gap-Detection activated for FARM-topology. Gaps are resolved, even partially.: gap tolerance value is 0.001000 and mesh geometry scale is 0.001000
1xN005:
1xN005:



1xN005:  ----------------------
         Acceleration mode: CPU
         ----------------------

1xN005:  Port homogenization method: M2H point index deviation
1xN005:  cccccccccccccccccccccccccccccccccccccccccccccccccccccccccccccccccccc
         FARM/Meshfill cache is set to 8 (local FI domains: 8, dynamic: true)
         cccccccccccccccccccccccccccccccccccccccccccccccccccccccccccccccccccc

1xN005:  =============================================================
         Hex cell analyzer settings:
         	max number of E fields per mesh edge: 2
         	max number of H fields per mesh face: 4
         	supporting dual grid: false
         	performance improvement: ROI limit: true
         	performance improvement: ROI threshold: 2
         	performance improvement: single topology extraction: true
         	performance improvement: pre-categorize cell volume: true
         	periodic align: 0
         	periodic cells: true
         	homogenization version: pid
         =============================================================

1xN005:  -------------------
         TST Statistics:
         E Split (0 | 0 | 0)
         E Adapt (0 | 0 | 0)
         B Split (0 | 0 | 0)
         B Adapt (0 | 0 | 0)
         -------------------

1xN005:  -------------------------------------------------------------
         TST Version 2.20240218, tst tiny faces fix: on, TST1 BWC: off
         -------------------------------------------------------------

1xN005:  ssssssssssssssssssssssssssssssssssssssssss
         # of curls with SI accuracy enhancement: 0
         ssssssssssssssssssssssssssssssssssssssssss

1xN005:  ------------------------------------------------------------------------------
         PBA fill limit is applied in inverse mode.
         PBA fill limit is applied on faces filled with at least 98.07% metal material.
         --------------------------------------------------------------
         detailed accuracy settings:
         --------------------------------------------------------------
         augmented fill limit:       true
         augmented fill limit value: 98.07
         automatic fill limit:       true
         early fill limit:           true
         inverse fill limit:         true
         model complexity:           0.00
         legacy 2015:                false
         fixed point accuracy:       false
         minimum point accuracy:     0
         mesh step inheritance:      false
         accuracy mode:
         ------------------------------------------------------------------------------

1xN005:  -------------------------------------------------------------------------------
         TST aware field source monitor processing forced by environment variable: false
         No TST aware field source monitors to be processed
         -------------------------------------------------------------------------------

1xN005:  =================================
         Finished matrix computation (PBA)
         =================================

1xN005:  <<<<<<<<<<<<<<<<<<<<<<<<<<<<<<<<<<<<<<<<<<<<<<<<<<<<<<<<<<<<
         Mon Mon Aug 17 19:36:37 2026
         Resource usage for calculating matrix coefficients per node:
         	Runtime                          00:00:02.00836 s
         	Peak Memory Estimation:                   71 MB
         	Peak Memory Usage:                        49 MB
         <<<<<<<<<<<<<<<<<<<<<<<<<<<<<<<<<<<<<<<<<<<<<<<<<<<<<<<<<<<<



1xN006:  ========================================================================
         [Boundaries] - MCalc
         open-add-space, mpi, mpi, open-add-space, open-add-space, open-add-space
         ========================================================================

1xN006:  ========================================
         [Mesh] Matrix calculation - NO ACIS mode
         [Mesh] 1xN MPI or parallelization mode
         ========================================

1xN006:  ==============================
         [Mesh] Expansion: 0 2 -2 0 0 0
         ==============================

1xN006:  ==================================================
         [Mesh] world: o(0000,0000,0000) e(0067,0117,0028)
         [Mesh] l-1xN: o(0000,0079,0000) e(0034,0117,0028)
         [Mesh] e-1xN: o(0000,0077,0000) e(0036,0117,0028)
         [Mesh] g-MPI: not available
         [Mesh] bound offset: (0 | 2 | -2)
         ==================================================

1xN006:  =================================================================================
          - hardware info
            + cpu name                    : Intel(R) Core(TM) 5 120U
            + sockets                     : 1
            + cores per socket            : 2
            + hyperthreading              : on
            + ht-units                    : 2
            + efficiency cores            : 8, not used
            + max cpuid level             : 32
            + max cpuid ext. level        : 8
            + numa nodes                  : 1
            + Numa Memory Info
              numa node     installed     available    (MByte)
                0                 0          4704
            + internal cpu info           : CPUID: selected engine is 'Leaf 0xB detection'
         performance cores:
         apic ids           : 0, 1, 8, 9
         apic ids (fallback): 0, 1, 8, 9
         from cpu registers: 0, 1, 8, 9
         fallback: 0, 1, 8, 9
         combined: 0, 1, 8, 9
         core 0 type: Intel Core
         core 1 type: Intel Core
         core 2 type: Intel Core
         core 3 type: Intel Core
         max id per cpu: 64
         SMT mask: 1
         Core mask: 3e
         Package mask: ffffffc0
         set results:
           - packages: 1
           - cores: 2
           - smts: 2
         generate core map, new implementation
         0, 1, 2, 3
         packages: 1
         cores   : 2
         ht units: 2
         efficiency cores:
         apic ids           : 16, 18, 20, 22, 24, 26, 28, 30
         apic ids (fallback): 16, 18, 20, 22, 24, 26, 28, 30
         from cpu registers: 16, 18, 20, 22, 24, 26, 28, 30
         fallback: 16, 18, 20, 22, 24, 26, 28, 30
         combined: 16, 18, 20, 22, 24, 26, 28, 30
         core 0 type: Intel Atom
         core 1 type: Intel Atom
         core 2 type: Intel Atom
         core 3 type: Intel Atom
         core 4 type: Intel Atom
         core 5 type: Intel Atom
         core 6 type: Intel Atom
         core 7 type: Intel Atom
         max id per cpu: 64
         SMT mask: 1
         Core mask: 3e
         Package mask: ffffffc0
         set results:
           - packages: 1
           - cores: 8
           - smts: 1
         generate core map, new implementation
         0, 1, 2, 3, 4, 5, 6, 7
         packages: 1
         cores   : 8
         ht units: 1
         CPU sockets: 1 != 3
          - pinning rule in use   : PINNING_RULE_MCALC_SKIP_ALL
          - desired group         : 0
          - num cores available   : 12
          - efficiency cores      : 8, not used
          - active core list from affinity:
            + num accessible procs          : 12
            + num logical procs             : 12
            + current affinity (env)        : 0,1,2,3,4,5,6,7,8,9,10,11
            + sockets ids in                : 0
            + core list                  (1): 0,1,2,3,4,5,6,7,8,9,10,11
          - active cores          : 0,1,2,3,4,5,6,7,8,9,10,11
          - hyperthreading        : on
          - skip pinning: + allowed number of sockets = available number of sockets
                          + hyperthreading allowed by solver
         =================================================================================

1xN006:  ===================================================================================================
         Version: 2025.0 Release from 2024-08-30 (change 1315043) [Release]
         Workflow: PBA matrix coefficients
         Operation: [fpba, meshfill, bg, port-path, tst, tst-nextgen, coeff, surface-imp, connectivity-tree]
         Architecture: Windows, ID: AMD64
         System Windows-64bit
         Using processor group 0/1
         Matrix calculation information:
         # of Nodes: 8
         Concurrency: 2
         Start ID: 5
         Node ID: 6
         HEX Mesh information:
         Hex mesh: node: [hxr o(0 | 79 | 0) s(34 | 38 | 28) np (no TSTs): 36176]
         Hex mesh: extended: [hxr o(0 | 77 | 0) s(36 | 40 | 28) np (no TSTs): 40320]
         ===================================================================================================

1xN006:  -----------------------------------------------------
         Memory status on node "1xN006" for matrix calculation
         	Estimated memory consumption: 0.0465899 GB
         	Physical memory installed: 16.8062 GB
         	Available physical memory: 4.95194 GB
         	Available relative memory: 29.4649 %
         -----------------------------------------------------

1xN006:  >>>>>>>>>>>>>>>>>>>>>>>>>>>>>>>>>>>>>>>>>>>>>>>>>
         Mon Mon Aug 17 19:36:35 2026
         started: calculating matrix coefficients per node
         >>>>>>>>>>>>>>>>>>>>>>>>>>>>>>>>>>>>>>>>>>>>>>>>>

1xN006:  ============================================================
         Matrix computation (PBA)
         	[Perfect Boundary Approximation (PBA), version: default]
         	[GPU acceleration: off (by user)]
         Version: 2025.0 Release from 2024-08-30 (change 1315043)
         PBA version: default, 2.20240218
         Model compatibility: 2025.20240830
         Sub-Workflow: FARM-1xN-TST2-Node
         Workflow updated: -
         Mon Mon Aug 17 19:36:35 2026
         ============================================================

1xN006:  ---------------------------------------------
         Used point accuracy enhancement value: 4.00%.
         ---------------------------------------------

1xN006:  -------------------------------------------------
         Geometry representation: shared-attached
         Shared memory: read-only
         FARM allocation scheme: PA
         Parallelization: on, used

1xN006:  Gap-Detection activated for FARM-topology. Gaps are resolved, even partially.: gap tolerance value is 0.001000 and mesh geometry scale is 0.001000
1xN006:
1xN006:



1xN006:  ----------------------
         Acceleration mode: CPU
         ----------------------

1xN006:  Port homogenization method: M2H point index deviation
1xN006:  cccccccccccccccccccccccccccccccccccccccccccccccccccccccccccccccccccc
         FARM/Meshfill cache is set to 8 (local FI domains: 4, dynamic: true)
         cccccccccccccccccccccccccccccccccccccccccccccccccccccccccccccccccccc

1xN006:  =============================================================
         Hex cell analyzer settings:
         	max number of E fields per mesh edge: 2
         	max number of H fields per mesh face: 4
         	supporting dual grid: false
         	performance improvement: ROI limit: true
         	performance improvement: ROI threshold: 2
         	performance improvement: single topology extraction: true
         	performance improvement: pre-categorize cell volume: true
         	periodic align: 0
         	periodic cells: true
         	homogenization version: pid
         =============================================================

1xN006:  -------------------
         TST Statistics:
         E Split (0 | 0 | 0)
         E Adapt (0 | 0 | 0)
         B Split (0 | 0 | 0)
         B Adapt (0 | 0 | 0)
         -------------------

1xN006:  -------------------------------------------------------------
         TST Version 2.20240218, tst tiny faces fix: on, TST1 BWC: off
         -------------------------------------------------------------

1xN006:  ssssssssssssssssssssssssssssssssssssssssss
         # of curls with SI accuracy enhancement: 0
         ssssssssssssssssssssssssssssssssssssssssss

1xN006:  ------------------------------------------------------------------------------
         PBA fill limit is applied in inverse mode.
         PBA fill limit is applied on faces filled with at least 98.07% metal material.
         --------------------------------------------------------------
         detailed accuracy settings:
         --------------------------------------------------------------
         augmented fill limit:       true
         augmented fill limit value: 98.07
         automatic fill limit:       true
         early fill limit:           true
         inverse fill limit:         true
         model complexity:           0.00
         legacy 2015:                false
         fixed point accuracy:       false
         minimum point accuracy:     0
         mesh step inheritance:      false
         accuracy mode:
         ------------------------------------------------------------------------------

1xN006:  -------------------------------------------------------------------------------
         TST aware field source monitor processing forced by environment variable: false
         No TST aware field source monitors to be processed
         -------------------------------------------------------------------------------

1xN006:  =================================
         Finished matrix computation (PBA)
         =================================

1xN006:  <<<<<<<<<<<<<<<<<<<<<<<<<<<<<<<<<<<<<<<<<<<<<<<<<<<<<<<<<<<<
         Mon Mon Aug 17 19:36:37 2026
         Resource usage for calculating matrix coefficients per node:
         	Runtime                          00:00:02.00311 s
         	Peak Memory Estimation:                   47 MB
         	Peak Memory Usage:                        45 MB
         <<<<<<<<<<<<<<<<<<<<<<<<<<<<<<<<<<<<<<<<<<<<<<<<<<<<<<<<<<<<



1xN007:  ========================================================================
         [Boundaries] - MCalc
         mpi, open-add-space, mpi, open-add-space, open-add-space, open-add-space
         ========================================================================

1xN007:  ========================================
         [Mesh] Matrix calculation - NO ACIS mode
         [Mesh] 1xN MPI or parallelization mode
         ========================================

1xN007:  ===============================
         [Mesh] Expansion: -2 0 -2 0 0 0
         ===============================

1xN007:  ==================================================
         [Mesh] world: o(0000,0000,0000) e(0067,0117,0028)
         [Mesh] l-1xN: o(0032,0079,0000) e(0067,0117,0028)
         [Mesh] e-1xN: o(0030,0077,0000) e(0067,0117,0028)
         [Mesh] g-MPI: not available
         [Mesh] bound offset: (-2 | 0 | -2)
         ==================================================

1xN007:  =================================================================================
          - hardware info
            + cpu name                    : Intel(R) Core(TM) 5 120U
            + sockets                     : 1
            + cores per socket            : 2
            + hyperthreading              : on
            + ht-units                    : 2
            + efficiency cores            : 8, not used
            + max cpuid level             : 32
            + max cpuid ext. level        : 8
            + numa nodes                  : 1
            + Numa Memory Info
              numa node     installed     available    (MByte)
                0                 0          4735
            + internal cpu info           : CPUID: selected engine is 'Leaf 0xB detection'
         performance cores:
         apic ids           : 0, 1, 8, 9
         apic ids (fallback): 0, 1, 8, 9
         from cpu registers: 0, 1, 8, 9
         fallback: 0, 1, 8, 9
         combined: 0, 1, 8, 9
         core 0 type: Intel Core
         core 1 type: Intel Core
         core 2 type: Intel Core
         core 3 type: Intel Core
         max id per cpu: 64
         SMT mask: 1
         Core mask: 3e
         Package mask: ffffffc0
         set results:
           - packages: 1
           - cores: 2
           - smts: 2
         generate core map, new implementation
         0, 1, 2, 3
         packages: 1
         cores   : 2
         ht units: 2
         efficiency cores:
         apic ids           : 16, 18, 20, 22, 24, 26, 28, 30
         apic ids (fallback): 16, 18, 20, 22, 24, 26, 28, 30
         from cpu registers: 16, 18, 20, 22, 24, 26, 28, 30
         fallback: 16, 18, 20, 22, 24, 26, 28, 30
         combined: 16, 18, 20, 22, 24, 26, 28, 30
         core 0 type: Intel Atom
         core 1 type: Intel Atom
         core 2 type: Intel Atom
         core 3 type: Intel Atom
         core 4 type: Intel Atom
         core 5 type: Intel Atom
         core 6 type: Intel Atom
         core 7 type: Intel Atom
         max id per cpu: 64
         SMT mask: 1
         Core mask: 3e
         Package mask: ffffffc0
         set results:
           - packages: 1
           - cores: 8
           - smts: 1
         generate core map, new implementation
         0, 1, 2, 3, 4, 5, 6, 7
         packages: 1
         cores   : 8
         ht units: 1
         CPU sockets: 1 != 3
          - pinning rule in use   : PINNING_RULE_MCALC_SKIP_ALL
          - desired group         : 0
          - num cores available   : 12
          - efficiency cores      : 8, not used
          - active core list from affinity:
            + num accessible procs          : 12
            + num logical procs             : 12
            + current affinity (env)        : 0,1,2,3,4,5,6,7,8,9,10,11
            + sockets ids in                : 0
            + core list                  (1): 0,1,2,3,4,5,6,7,8,9,10,11
          - active cores          : 0,1,2,3,4,5,6,7,8,9,10,11
          - hyperthreading        : on
          - skip pinning: + allowed number of sockets = available number of sockets
                          + hyperthreading allowed by solver
         =================================================================================

1xN007:  ===================================================================================================
         Version: 2025.0 Release from 2024-08-30 (change 1315043) [Release]
         Workflow: PBA matrix coefficients
         Operation: [fpba, meshfill, bg, port-path, tst, tst-nextgen, coeff, surface-imp, connectivity-tree]
         Architecture: Windows, ID: AMD64
         System Windows-64bit
         Using processor group 0/1
         Matrix calculation information:
         # of Nodes: 8
         Concurrency: 2
         Start ID: 3
         Node ID: 7
         HEX Mesh information:
         Hex mesh: node: [hxr o(32 | 79 | 0) s(35 | 38 | 28) np (no TSTs): 37240]
         Hex mesh: extended: [hxr o(30 | 77 | 0) s(37 | 40 | 28) np (no TSTs): 41440]
         ===================================================================================================

1xN007:  -----------------------------------------------------
         Memory status on node "1xN007" for matrix calculation
         	Estimated memory consumption: 0.049926 GB
         	Physical memory installed: 16.8062 GB
         	Available physical memory: 4.90219 GB
         	Available relative memory: 29.1689 %
         -----------------------------------------------------

1xN007:  >>>>>>>>>>>>>>>>>>>>>>>>>>>>>>>>>>>>>>>>>>>>>>>>>
         Mon Mon Aug 17 19:36:31 2026
         started: calculating matrix coefficients per node
         >>>>>>>>>>>>>>>>>>>>>>>>>>>>>>>>>>>>>>>>>>>>>>>>>

1xN007:  ============================================================
         Matrix computation (PBA)
         	[Perfect Boundary Approximation (PBA), version: default]
         	[GPU acceleration: off (by user)]
         Version: 2025.0 Release from 2024-08-30 (change 1315043)
         PBA version: default, 2.20240218
         Model compatibility: 2025.20240830
         Sub-Workflow: FARM-1xN-TST2-Node
         Workflow updated: -
         Mon Mon Aug 17 19:36:31 2026
         ============================================================

1xN007:  ---------------------------------------------
         Used point accuracy enhancement value: 4.00%.
         ---------------------------------------------

1xN007:  -------------------------------------------------
         Geometry representation: shared-attached
         Shared memory: read-only
         FARM allocation scheme: PA
         Parallelization: on, used

1xN007:  Gap-Detection activated for FARM-topology. Gaps are resolved, even partially.: gap tolerance value is 0.001000 and mesh geometry scale is 0.001000
1xN007:
1xN007:



1xN007:  ----------------------
         Acceleration mode: CPU
         ----------------------

1xN007:  Port homogenization method: M2H point index deviation
1xN007:  cccccccccccccccccccccccccccccccccccccccccccccccccccccccccccccccccccc
         FARM/Meshfill cache is set to 8 (local FI domains: 4, dynamic: true)
         cccccccccccccccccccccccccccccccccccccccccccccccccccccccccccccccccccc

1xN007:  =============================================================
         Hex cell analyzer settings:
         	max number of E fields per mesh edge: 2
         	max number of H fields per mesh face: 4
         	supporting dual grid: false
         	performance improvement: ROI limit: true
         	performance improvement: ROI threshold: 2
         	performance improvement: single topology extraction: true
         	performance improvement: pre-categorize cell volume: true
         	periodic align: 0
         	periodic cells: true
         	homogenization version: pid
         =============================================================

1xN007:  -------------------
         TST Statistics:
         E Split (0 | 0 | 0)
         E Adapt (0 | 0 | 0)
         B Split (0 | 0 | 0)
         B Adapt (0 | 0 | 0)
         -------------------

1xN007:  -------------------------------------------------------------
         TST Version 2.20240218, tst tiny faces fix: on, TST1 BWC: off
         -------------------------------------------------------------

1xN007:  ssssssssssssssssssssssssssssssssssssssssss
         # of curls with SI accuracy enhancement: 0
         ssssssssssssssssssssssssssssssssssssssssss

1xN007:  ------------------------------------------------------------------------------
         PBA fill limit is applied in inverse mode.
         PBA fill limit is applied on faces filled with at least 98.07% metal material.
         --------------------------------------------------------------
         detailed accuracy settings:
         --------------------------------------------------------------
         augmented fill limit:       true
         augmented fill limit value: 98.07
         automatic fill limit:       true
         early fill limit:           true
         inverse fill limit:         true
         model complexity:           0.00
         legacy 2015:                false
         fixed point accuracy:       false
         minimum point accuracy:     0
         mesh step inheritance:      false
         accuracy mode:
         ------------------------------------------------------------------------------

1xN007:  -------------------------------------------------------------------------------
         TST aware field source monitor processing forced by environment variable: false
         No TST aware field source monitors to be processed
         -------------------------------------------------------------------------------

1xN007:  =================================
         Finished matrix computation (PBA)
         =================================

1xN007:  <<<<<<<<<<<<<<<<<<<<<<<<<<<<<<<<<<<<<<<<<<<<<<<<<<<<<<<<<<<<
         Mon Mon Aug 17 19:36:34 2026
         Resource usage for calculating matrix coefficients per node:
         	Runtime                          00:00:02.00114 s
         	Peak Memory Estimation:                   50 MB
         	Peak Memory Usage:                        43 MB
         <<<<<<<<<<<<<<<<<<<<<<<<<<<<<<<<<<<<<<<<<<<<<<<<<<<<<<<<<<<<



<<<<<<<<<<<<<<<<<<<<<<<<<<<<<<<<<<<<<<<<<<<<<<<<<
Mon Mon Aug 17 19:36:39 2026
Resource usage for parallelization control:
	Runtime                      00:00:11.00912 s
<<<<<<<<<<<<<<<<<<<<<<<<<<<<<<<<<<<<<<<<<<<<<<<<<

------------------------------------------------------------------------------------------------------------------------------
PBAMeshFeedback - InfoMap: 0[ms] - SBCell navigation: Using legacy edges - CornerCorrectionLinesAndWires: 0[ms] - Write: 0[ms]
ConnectivityAXG - Load: 2[ms] - Setup: 0[ms] - Convert: 0[ms] ( Groups: 3 - Shapes: 4 - Threads: 10 ) - Write: 0[ms]
ConnectivityAXG - Load: 2[ms] - Setup: 0[ms] - Convert: 0[ms] ( Groups: 3 - Shapes: 4 - Threads: 10 ) - Write: 0[ms]
------------------------------------------------------------------------------------------------------------------------------

--------------------------------
# of staircase filled cells: 0
# of staircase filled areas: 0
# of staircase filled edges: 0
# of faces above fill limit: 0
# of edges with FPBA topology: 0
--------------------------------

