Frontend-Node:  =======================================================================
                FPBA has been activated in order to calculate connectivity information.
                =======================================================================

==============================================================================================
[Boundaries] - MCalc
open-add-space, open-add-space, open-add-space, open-add-space, open-add-space, open-add-space
==============================================================================================

========================================
[Mesh] Matrix calculation - NO ACIS mode
========================================

=============================
[Mesh] Expansion: 0 0 0 0 0 0
=============================

=================================================================================
 - hardware info
   + cpu name                    : Intel(R) Core(TM) 5 120U
   + sockets                     : 1
   + cores per socket            : 2
   + hyperthreading              : on
   + ht-units                    : 2
   + efficiency cores            : 8, not used
   + max cpuid level             : 32
   + max cpuid ext. level        : 8
   + numa nodes                  : 1
   + Numa Memory Info
     numa node     installed     available    (MByte)
       0                 0          7392
   + internal cpu info           : CPUID: selected engine is 'Leaf 0xB detection'
performance cores:
apic ids           : 0, 1, 8, 9
apic ids (fallback): 0, 1, 8, 9
from cpu registers: 0, 1, 8, 9
fallback: 0, 1, 8, 9
combined: 0, 1, 8, 9
core 0 type: Intel Core
core 1 type: Intel Core
core 2 type: Intel Core
core 3 type: Intel Core
max id per cpu: 64
SMT mask: 1
Core mask: 3e
Package mask: ffffffc0
set results:
  - packages: 1
  - cores: 2
  - smts: 2
generate core map, new implementation
0, 1, 2, 3
packages: 1
cores   : 2
ht units: 2
efficiency cores:
apic ids           : 16, 18, 20, 22, 24, 26, 28, 30
apic ids (fallback): 16, 18, 20, 22, 24, 26, 28, 30
from cpu registers: 16, 18, 20, 22, 24, 26, 28, 30
fallback: 16, 18, 20, 22, 24, 26, 28, 30
combined: 16, 18, 20, 22, 24, 26, 28, 30
core 0 type: Intel Atom
core 1 type: Intel Atom
core 2 type: Intel Atom
core 3 type: Intel Atom
core 4 type: Intel Atom
core 5 type: Intel Atom
core 6 type: Intel Atom
core 7 type: Intel Atom
max id per cpu: 64
SMT mask: 1
Core mask: 3e
Package mask: ffffffc0
set results:
  - packages: 1
  - cores: 8
  - smts: 1
generate core map, new implementation
0, 1, 2, 3, 4, 5, 6, 7
packages: 1
cores   : 8
ht units: 1
CPU sockets: 1 != 3
 - pinning rule in use   : PINNING_RULE_MCALC_SKIP_ALL
 - desired group         : 0
 - num cores available   : 12
 - efficiency cores      : 8, not used
 - active core list from affinity: 
   + num accessible procs          : 12
   + num logical procs             : 12
   + current affinity (env)        : 0,1,2,3,4,5,6,7,8,9,10,11
   + sockets ids in                : 0
   + core list                  (1): 0,2,4,5,6,7,8,9,10,11
 - active cores          : 0,2,4,5,6,7,8,9,10,11
 - hyperthreading        : on
 - allowed core ids      : 0,2
 - allowed core ids (aff): 10 10 00 00 
00 00 
 - used mask (string)    : 10 10 00 00 
00 00 
=================================================================================

===================================================================================================
Version: 2025.0 Release from 2024-08-30 (change 1315043) [Release]
Workflow: PBA matrix coefficients
Operation: [acis, fpba, meshfill, bg, port-path, port-domain, tst, tst-nextgen, coeff, surface-imp]
Architecture: Windows, ID: AMD64
System Windows-64bit
Using processor group 0/1
Matrix calculation information:
# of Nodes: 0
Concurrency: 0
Start ID: 0
Node ID: 0
HEX Mesh information:
Hex mesh: global: [hxr o(0 | 0 | 0) s(4 | 37 | 10) np (no TSTs): 1480] 
===================================================================================================

>>>>>>>>>>>>>>>>>>>>>>>>>>>>>>>>>>>>>>>>
Sat Sat Aug 29 15:49:05 2026
started: calculating matrix coefficients
>>>>>>>>>>>>>>>>>>>>>>>>>>>>>>>>>>>>>>>>

============================================================
Matrix computation (PBA)
	[Perfect Boundary Approximation (PBA), version: default]
	[GPU acceleration: off (by user)]
Version: 2025.0 Release from 2024-08-30 (change 1315043)
PBA version: default, 2.20240218
Model compatibility: 2025.20240830
Sub-Workflow: FARM-1x1-TST2
Workflow updated: -
Sat Sat Aug 29 15:49:05 2026
============================================================

----------------------------------------------
Used point accuracy enhancement value: 75.00%.
----------------------------------------------

========================================================================
The maximum supported number of mesh cells without MPI is: 2,147,483,647
========================================================================

------------------------------------------------------------------------------------------------
Geometry processing log
	PEC background is represented by CAD geometry: false
	Background shape: added
	Multithread portion: 100.00
	Number of CAD shapes: 2
	Number of lumps: 1
------------------------------------------------------------------------------------------------
=========================================
== CST Matrix Calculation Priority Log ==
=========================================
Priorities are sorted in ascending order beginning with the lowest priority
 
Group | Shape-ID | ShapeName | Material | User-priority | 2D/3D-Geometry | Material-attributes | Shape-attributes | Feature-ID | Schemetype
1 | 4 | </cst/Boundaries/> Low^X | $NFSMaterial$ | n/a | no | normal.vacuum. | boundary. | n/a | FIT_TD
1 | 5 | </cst/Boundaries/> Low^Y | $NFSMaterial$ | n/a | no | normal.vacuum. | boundary. | n/a | FIT_TD
1 | 6 | </cst/Boundaries/> Low^Z | $NFSMaterial$ | n/a | no | normal.vacuum. | boundary. | n/a | FIT_TD
1 | 7 | </cst/Boundaries/> Up^X | $NFSMaterial$ | n/a | no | normal.vacuum. | boundary. | n/a | FIT_TD
1 | 8 | </cst/Boundaries/> Up^Y | $NFSMaterial$ | n/a | no | normal.vacuum. | boundary. | n/a | FIT_TD
1 | 9 | </cst/Boundaries/> Up^Z | $NFSMaterial$ | n/a | no | normal.vacuum. | boundary. | n/a | FIT_TD
2 | 2 | component1:substrait__2_0 | Rogers RT-duroid 5880 (lossy) | n/a | yes | dispersive-mue.normal. | solid. | n/a | FIT_TD
3 | 1 | component1:GND__2_0 | Copper (annealed) | n/a | yes | pec.rho.surface-impedance. | solid. | n/a | FIT_TD
3 | 3 | component1:GND__2_0 (Lump 2) | Copper (annealed) | n/a | yes | pec.rho.surface-impedance. | solid. | n/a | FIT_TD
=========================================
************************************************************************************************
General settings
	PBA version: default, 2.20240218, potentials: not required
	Model compatibility: 2025.20240830
	Software version: 2025.0 Release from 2024-08-30 (change 1315043)
------------------------------------------------------------------------------------------------
Geometry processor: default
	Geo accuracy: 75.000000
	Watertightness check: true
	Self intersection check: false
	Inheritance (all): false
	Normal dominance (all): false
	Normal dominance (ports): false
	Flanges hollow: true
	One shape per flange: false
	Multi threading: true
		max # of threads used: 4
		requested max # of threads: 4
		representation: indexed
		method: multi thread
		retry: no
------------------------------------------------------------------------------------------------
CAD processing settings are set to default
------------------------------------------------------------------------------------------------
Connectivity settings
	Workflow selection: 0
	Workflow version: 20180101
	Gap detection: true
	Gap detection version: 2
	TST version: default, 2.20240218, potentials: not required
	QQ workflow: true
	CoCo workflow: true
	Legacy topology: false
	Connectivity check: false
------------------------------------------------------------------------------------------------
------------------------------------------------------------------------------------------------
CAD Processing Version Info
	ACIS version installed:	34.0.1
	ACIS version used:	34.0.1
------------------------------------------------------------------------------------------------
Success method:	multi-thread-22
************************************************************************************************

-------------------------------------------------
Geometry representation: extended-edge
Shared memory: none
FARM allocation scheme: PA
Parallelization: off
Gap-Detection activated for FARM-topology. Gaps are resolved, even partially.: gap tolerance value is 0.001000 and mesh geometry scale is 0.001000

----------------------
Acceleration mode: CPU
----------------------

Port homogenization method: M2H point index deviation
ccccccccccccccccccccccccccccccccccccccccccccccccccccccccccccccccccccc
FARM/Meshfill cache is set to 8 (local FI domains: 1, dynamic: false)
ccccccccccccccccccccccccccccccccccccccccccccccccccccccccccccccccccccc

=============================================================
Hex cell analyzer settings:
	max number of E fields per mesh edge: 2
	max number of H fields per mesh face: 4
	supporting dual grid: false
	performance improvement: ROI limit: true
	performance improvement: ROI threshold: 2
	performance improvement: single topology extraction: true
	performance improvement: pre-categorize cell volume: true
	periodic align: 0
	periodic cells: true
	homogenization version: pid
=============================================================

-------------------
TST Statistics:
E Split (0 | 0 | 0)
E Adapt (0 | 0 | 0)
B Split (0 | 0 | 0)
B Adapt (0 | 0 | 0)
-------------------

-------------------------------------------------------------
TST Version 2.20240218, tst tiny faces fix: on, TST1 BWC: off
-------------------------------------------------------------

------------------------------------------------------------------------------
+++++++++++++++++++++++++++++++++++++++++++++++++++++
settings for port mode calculation
+++++++++++++++++++++++++++++++++++++++++++++++++++++
PBA fill limit is applied in inverse mode.
PBA fill limit is applied on faces filled with at least 99.00% metal material.
--------------------------------------------------------------
detailed accuracy settings:
--------------------------------------------------------------
augmented fill limit:       true
augmented fill limit value: 99.00
automatic fill limit:       true
early fill limit:           true
inverse fill limit:         true
model complexity:           0.00
legacy 2015:                false
fixed point accuracy:       false
minimum point accuracy:     0
mesh step inheritance:      false
accuracy mode:              
------------------------------------------------------------------------------

--------------------------------------
Glued 0 metal grid points in port area
--------------------------------------

-------------------------------------------------------------------------------
TST aware field source monitor processing forced by environment variable: false
No TST aware field source monitors to be processed
-------------------------------------------------------------------------------

=================================
Finished matrix computation (PBA)
=================================

<<<<<<<<<<<<<<<<<<<<<<<<<<<<<<<<<<<<<<<<<<<<<<<<<<<<<
Sat Sat Aug 29 15:49:07 2026
Resource usage for calculating matrix coefficients:
	Runtime                          00:00:01.00161 s
	Peak Memory Usage:                        40 MB
<<<<<<<<<<<<<<<<<<<<<<<<<<<<<<<<<<<<<<<<<<<<<<<<<<<<<

--------------------------------
# of staircase filled cells: 0
# of staircase filled areas: 0
# of staircase filled edges: 0
# of faces above fill limit: 0
# of edges with FPBA topology: 0
--------------------------------

Frontend-Node:  =======================================================================
                FPBA has been activated in order to calculate connectivity information.
                =======================================================================

==============================================================================================
[Boundaries] - MCalc
open-add-space, open-add-space, open-add-space, open-add-space, open-add-space, open-add-space
==============================================================================================

========================================
[Mesh] Matrix calculation - NO ACIS mode
========================================

=============================
[Mesh] Expansion: 0 0 0 0 0 0
=============================

=================================================================================
 - hardware info
   + cpu name                    : Intel(R) Core(TM) 5 120U
   + sockets                     : 1
   + cores per socket            : 2
   + hyperthreading              : on
   + ht-units                    : 2
   + efficiency cores            : 8, not used
   + max cpuid level             : 32
   + max cpuid ext. level        : 8
   + numa nodes                  : 1
   + Numa Memory Info
     numa node     installed     available    (MByte)
       0                 0          7389
   + internal cpu info           : CPUID: selected engine is 'Leaf 0xB detection'
performance cores:
apic ids           : 0, 1, 8, 9
apic ids (fallback): 0, 1, 8, 9
from cpu registers: 0, 1, 8, 9
fallback: 0, 1, 8, 9
combined: 0, 1, 8, 9
core 0 type: Intel Core
core 1 type: Intel Core
core 2 type: Intel Core
core 3 type: Intel Core
max id per cpu: 64
SMT mask: 1
Core mask: 3e
Package mask: ffffffc0
set results:
  - packages: 1
  - cores: 2
  - smts: 2
generate core map, new implementation
0, 1, 2, 3
packages: 1
cores   : 2
ht units: 2
efficiency cores:
apic ids           : 16, 18, 20, 22, 24, 26, 28, 30
apic ids (fallback): 16, 18, 20, 22, 24, 26, 28, 30
from cpu registers: 16, 18, 20, 22, 24, 26, 28, 30
fallback: 16, 18, 20, 22, 24, 26, 28, 30
combined: 16, 18, 20, 22, 24, 26, 28, 30
core 0 type: Intel Atom
core 1 type: Intel Atom
core 2 type: Intel Atom
core 3 type: Intel Atom
core 4 type: Intel Atom
core 5 type: Intel Atom
core 6 type: Intel Atom
core 7 type: Intel Atom
max id per cpu: 64
SMT mask: 1
Core mask: 3e
Package mask: ffffffc0
set results:
  - packages: 1
  - cores: 8
  - smts: 1
generate core map, new implementation
0, 1, 2, 3, 4, 5, 6, 7
packages: 1
cores   : 8
ht units: 1
CPU sockets: 1 != 3
 - pinning rule in use   : PINNING_RULE_MCALC_SKIP_ALL
 - desired group         : 0
 - num cores available   : 12
 - efficiency cores      : 8, not used
 - active core list from affinity: 
   + num accessible procs          : 12
   + num logical procs             : 12
   + current affinity (env)        : 0,1,2,3,4,5,6,7,8,9,10,11
   + sockets ids in                : 0
   + core list                  (1): 0,2,4,5,6,7,8,9,10,11
 - active cores          : 0,2,4,5,6,7,8,9,10,11
 - hyperthreading        : on
 - allowed core ids      : 0,2
 - allowed core ids (aff): 10 10 00 00 
00 00 
 - used mask (string)    : 10 10 00 00 
00 00 
=================================================================================

===================================================================================================
Version: 2025.0 Release from 2024-08-30 (change 1315043) [Release]
Workflow: PBA matrix coefficients
Operation: [acis, fpba, meshfill, bg, port-path, port-domain, tst, tst-nextgen, coeff, surface-imp]
Architecture: Windows, ID: AMD64
System Windows-64bit
Using processor group 0/1
Matrix calculation information:
# of Nodes: 0
Concurrency: 0
Start ID: 0
Node ID: 0
HEX Mesh information:
Hex mesh: global: [hxr o(0 | 0 | 0) s(4 | 43 | 17) np (no TSTs): 2924] 
===================================================================================================

>>>>>>>>>>>>>>>>>>>>>>>>>>>>>>>>>>>>>>>>
Sat Sat Aug 29 15:49:09 2026
started: calculating matrix coefficients
>>>>>>>>>>>>>>>>>>>>>>>>>>>>>>>>>>>>>>>>

============================================================
Matrix computation (PBA)
	[Perfect Boundary Approximation (PBA), version: default]
	[GPU acceleration: off (by user)]
Version: 2025.0 Release from 2024-08-30 (change 1315043)
PBA version: default, 2.20240218
Model compatibility: 2025.20240830
Sub-Workflow: FARM-1x1-TST2
Workflow updated: -
Sat Sat Aug 29 15:49:09 2026
============================================================

----------------------------------------------
Used point accuracy enhancement value: 75.00%.
----------------------------------------------

========================================================================
The maximum supported number of mesh cells without MPI is: 2,147,483,647
========================================================================

------------------------------------------------------------------------------------------------
Geometry processing log
	PEC background is represented by CAD geometry: false
	Background shape: added
	Multithread portion: 100.00
	Number of CAD shapes: 2
	Number of lumps: 1
------------------------------------------------------------------------------------------------
=========================================
== CST Matrix Calculation Priority Log ==
=========================================
Priorities are sorted in ascending order beginning with the lowest priority
 
Group | Shape-ID | ShapeName | Material | User-priority | 2D/3D-Geometry | Material-attributes | Shape-attributes | Feature-ID | Schemetype
1 | 4 | </cst/Boundaries/> Low^X | $NFSMaterial$ | n/a | no | normal.vacuum. | boundary. | n/a | FIT_TD
1 | 5 | </cst/Boundaries/> Low^Y | $NFSMaterial$ | n/a | no | normal.vacuum. | boundary. | n/a | FIT_TD
1 | 6 | </cst/Boundaries/> Low^Z | $NFSMaterial$ | n/a | no | normal.vacuum. | boundary. | n/a | FIT_TD
1 | 7 | </cst/Boundaries/> Up^X | $NFSMaterial$ | n/a | no | normal.vacuum. | boundary. | n/a | FIT_TD
1 | 8 | </cst/Boundaries/> Up^Y | $NFSMaterial$ | n/a | no | normal.vacuum. | boundary. | n/a | FIT_TD
1 | 9 | </cst/Boundaries/> Up^Z | $NFSMaterial$ | n/a | no | normal.vacuum. | boundary. | n/a | FIT_TD
2 | 2 | component1:substrait__2_0 | Rogers RT-duroid 5880 (lossy) | n/a | yes | dispersive-mue.normal. | solid. | n/a | FIT_TD
3 | 1 | component1:GND__2_0 | Copper (annealed) | n/a | yes | pec.rho.surface-impedance. | solid. | n/a | FIT_TD
3 | 3 | component1:GND__2_0 (Lump 2) | Copper (annealed) | n/a | yes | pec.rho.surface-impedance. | solid. | n/a | FIT_TD
=========================================
************************************************************************************************
General settings
	PBA version: default, 2.20240218, potentials: not required
	Model compatibility: 2025.20240830
	Software version: 2025.0 Release from 2024-08-30 (change 1315043)
------------------------------------------------------------------------------------------------
Geometry processor: default
	Geo accuracy: 75.000000
	Watertightness check: true
	Self intersection check: false
	Inheritance (all): false
	Normal dominance (all): false
	Normal dominance (ports): false
	Flanges hollow: true
	One shape per flange: false
	Multi threading: true
		max # of threads used: 4
		requested max # of threads: 4
		representation: indexed
		method: multi thread
		retry: no
------------------------------------------------------------------------------------------------
CAD processing settings are set to default
------------------------------------------------------------------------------------------------
Connectivity settings
	Workflow selection: 0
	Workflow version: 20180101
	Gap detection: true
	Gap detection version: 2
	TST version: default, 2.20240218, potentials: not required
	QQ workflow: true
	CoCo workflow: true
	Legacy topology: false
	Connectivity check: false
------------------------------------------------------------------------------------------------
------------------------------------------------------------------------------------------------
CAD Processing Version Info
	ACIS version installed:	34.0.1
	ACIS version used:	34.0.1
------------------------------------------------------------------------------------------------
Success method:	multi-thread-22
************************************************************************************************

-------------------------------------------------
Geometry representation: extended-edge
Shared memory: none
FARM allocation scheme: PA
Parallelization: off
Gap-Detection activated for FARM-topology. Gaps are resolved, even partially.: gap tolerance value is 0.001000 and mesh geometry scale is 0.001000

----------------------
Acceleration mode: CPU
----------------------

Port homogenization method: M2H point index deviation
ccccccccccccccccccccccccccccccccccccccccccccccccccccccccccccccccccccc
FARM/Meshfill cache is set to 8 (local FI domains: 1, dynamic: false)
ccccccccccccccccccccccccccccccccccccccccccccccccccccccccccccccccccccc

=============================================================
Hex cell analyzer settings:
	max number of E fields per mesh edge: 2
	max number of H fields per mesh face: 4
	supporting dual grid: false
	performance improvement: ROI limit: true
	performance improvement: ROI threshold: 2
	performance improvement: single topology extraction: true
	performance improvement: pre-categorize cell volume: true
	periodic align: 0
	periodic cells: true
	homogenization version: pid
=============================================================

-------------------
TST Statistics:
E Split (0 | 0 | 0)
E Adapt (0 | 0 | 0)
B Split (0 | 0 | 0)
B Adapt (0 | 0 | 0)
-------------------

-------------------------------------------------------------
TST Version 2.20240218, tst tiny faces fix: on, TST1 BWC: off
-------------------------------------------------------------

------------------------------------------------------------------------------
+++++++++++++++++++++++++++++++++++++++++++++++++++++
settings for port mode calculation
+++++++++++++++++++++++++++++++++++++++++++++++++++++
PBA fill limit is applied in inverse mode.
PBA fill limit is applied on faces filled with at least 99.00% metal material.
--------------------------------------------------------------
detailed accuracy settings:
--------------------------------------------------------------
augmented fill limit:       true
augmented fill limit value: 99.00
automatic fill limit:       true
early fill limit:           true
inverse fill limit:         true
model complexity:           0.00
legacy 2015:                false
fixed point accuracy:       false
minimum point accuracy:     0
mesh step inheritance:      false
accuracy mode:              
------------------------------------------------------------------------------

--------------------------------------
Glued 0 metal grid points in port area
--------------------------------------

-------------------------------------------------------------------------------
TST aware field source monitor processing forced by environment variable: false
No TST aware field source monitors to be processed
-------------------------------------------------------------------------------

=================================
Finished matrix computation (PBA)
=================================

<<<<<<<<<<<<<<<<<<<<<<<<<<<<<<<<<<<<<<<<<<<<<<<<<<<<<
Sat Sat Aug 29 15:49:11 2026
Resource usage for calculating matrix coefficients:
	Runtime                          00:00:01.00733 s
	Peak Memory Usage:                        54 MB
<<<<<<<<<<<<<<<<<<<<<<<<<<<<<<<<<<<<<<<<<<<<<<<<<<<<<

--------------------------------
# of staircase filled cells: 0
# of staircase filled areas: 0
# of staircase filled edges: 0
# of faces above fill limit: 0
# of edges with FPBA topology: 0
--------------------------------

Frontend-Node:  =======================================================================
                FPBA has been activated in order to calculate connectivity information.
                =======================================================================

==============================================================================================
[Boundaries] - MCalc
open-add-space, open-add-space, open-add-space, open-add-space, open-add-space, open-add-space
==============================================================================================

========================================
[Mesh] Matrix calculation - NO ACIS mode
========================================

=============================
[Mesh] Expansion: 0 0 0 0 0 0
=============================

=================================================================================
 - hardware info
   + cpu name                    : Intel(R) Core(TM) 5 120U
   + sockets                     : 1
   + cores per socket            : 2
   + hyperthreading              : on
   + ht-units                    : 2
   + efficiency cores            : 8, not used
   + max cpuid level             : 32
   + max cpuid ext. level        : 8
   + numa nodes                  : 1
   + Numa Memory Info
     numa node     installed     available    (MByte)
       0                 0          7401
   + internal cpu info           : CPUID: selected engine is 'Leaf 0xB detection'
performance cores:
apic ids           : 0, 1, 8, 9
apic ids (fallback): 0, 1, 8, 9
from cpu registers: 0, 1, 8, 9
fallback: 0, 1, 8, 9
combined: 0, 1, 8, 9
core 0 type: Intel Core
core 1 type: Intel Core
core 2 type: Intel Core
core 3 type: Intel Core
max id per cpu: 64
SMT mask: 1
Core mask: 3e
Package mask: ffffffc0
set results:
  - packages: 1
  - cores: 2
  - smts: 2
generate core map, new implementation
0, 1, 2, 3
packages: 1
cores   : 2
ht units: 2
efficiency cores:
apic ids           : 16, 18, 20, 22, 24, 26, 28, 30
apic ids (fallback): 16, 18, 20, 22, 24, 26, 28, 30
from cpu registers: 16, 18, 20, 22, 24, 26, 28, 30
fallback: 16, 18, 20, 22, 24, 26, 28, 30
combined: 16, 18, 20, 22, 24, 26, 28, 30
core 0 type: Intel Atom
core 1 type: Intel Atom
core 2 type: Intel Atom
core 3 type: Intel Atom
core 4 type: Intel Atom
core 5 type: Intel Atom
core 6 type: Intel Atom
core 7 type: Intel Atom
max id per cpu: 64
SMT mask: 1
Core mask: 3e
Package mask: ffffffc0
set results:
  - packages: 1
  - cores: 8
  - smts: 1
generate core map, new implementation
0, 1, 2, 3, 4, 5, 6, 7
packages: 1
cores   : 8
ht units: 1
CPU sockets: 1 != 3
 - pinning rule in use   : PINNING_RULE_MCALC_SKIP_ALL
 - desired group         : 0
 - num cores available   : 12
 - efficiency cores      : 8, not used
 - active core list from affinity: 
   + num accessible procs          : 12
   + num logical procs             : 12
   + current affinity (env)        : 0,1,2,3,4,5,6,7,8,9,10,11
   + sockets ids in                : 0
   + core list                  (1): 0,2,4,5,6,7,8,9,10,11
 - active cores          : 0,2,4,5,6,7,8,9,10,11
 - hyperthreading        : on
 - allowed core ids      : 0,2
 - allowed core ids (aff): 10 10 00 00 
00 00 
 - used mask (string)    : 10 10 00 00 
00 00 
=================================================================================

===================================================================================================
Version: 2025.0 Release from 2024-08-30 (change 1315043) [Release]
Workflow: PBA matrix coefficients
Operation: [acis, fpba, meshfill, bg, port-path, port-domain, tst, tst-nextgen, coeff, surface-imp]
Architecture: Windows, ID: AMD64
System Windows-64bit
Using processor group 0/1
Matrix calculation information:
# of Nodes: 0
Concurrency: 0
Start ID: 0
Node ID: 0
HEX Mesh information:
Hex mesh: global: [hxr o(0 | 0 | 0) s(4 | 55 | 29) np (no TSTs): 6380] 
===================================================================================================

>>>>>>>>>>>>>>>>>>>>>>>>>>>>>>>>>>>>>>>>
Sat Sat Aug 29 15:49:13 2026
started: calculating matrix coefficients
>>>>>>>>>>>>>>>>>>>>>>>>>>>>>>>>>>>>>>>>

============================================================
Matrix computation (PBA)
	[Perfect Boundary Approximation (PBA), version: default]
	[GPU acceleration: off (by user)]
Version: 2025.0 Release from 2024-08-30 (change 1315043)
PBA version: default, 2.20240218
Model compatibility: 2025.20240830
Sub-Workflow: FARM-1x1-TST2
Workflow updated: -
Sat Sat Aug 29 15:49:13 2026
============================================================

----------------------------------------------
Used point accuracy enhancement value: 75.00%.
----------------------------------------------

========================================================================
The maximum supported number of mesh cells without MPI is: 2,147,483,647
========================================================================

------------------------------------------------------------------------------------------------
Geometry processing log
	PEC background is represented by CAD geometry: false
	Background shape: added
	Multithread portion: 100.00
	Number of CAD shapes: 2
	Number of lumps: 1
------------------------------------------------------------------------------------------------
=========================================
== CST Matrix Calculation Priority Log ==
=========================================
Priorities are sorted in ascending order beginning with the lowest priority
 
Group | Shape-ID | ShapeName | Material | User-priority | 2D/3D-Geometry | Material-attributes | Shape-attributes | Feature-ID | Schemetype
1 | 4 | </cst/Boundaries/> Low^X | $NFSMaterial$ | n/a | no | normal.vacuum. | boundary. | n/a | FIT_TD
1 | 5 | </cst/Boundaries/> Low^Y | $NFSMaterial$ | n/a | no | normal.vacuum. | boundary. | n/a | FIT_TD
1 | 6 | </cst/Boundaries/> Low^Z | $NFSMaterial$ | n/a | no | normal.vacuum. | boundary. | n/a | FIT_TD
1 | 7 | </cst/Boundaries/> Up^X | $NFSMaterial$ | n/a | no | normal.vacuum. | boundary. | n/a | FIT_TD
1 | 8 | </cst/Boundaries/> Up^Y | $NFSMaterial$ | n/a | no | normal.vacuum. | boundary. | n/a | FIT_TD
1 | 9 | </cst/Boundaries/> Up^Z | $NFSMaterial$ | n/a | no | normal.vacuum. | boundary. | n/a | FIT_TD
2 | 2 | component1:substrait__2_0 | Rogers RT-duroid 5880 (lossy) | n/a | yes | dispersive-mue.normal. | solid. | n/a | FIT_TD
3 | 1 | component1:GND__2_0 | Copper (annealed) | n/a | yes | pec.rho.surface-impedance. | solid. | n/a | FIT_TD
3 | 3 | component1:GND__2_0 (Lump 2) | Copper (annealed) | n/a | yes | pec.rho.surface-impedance. | solid. | n/a | FIT_TD
=========================================
************************************************************************************************
General settings
	PBA version: default, 2.20240218, potentials: not required
	Model compatibility: 2025.20240830
	Software version: 2025.0 Release from 2024-08-30 (change 1315043)
------------------------------------------------------------------------------------------------
Geometry processor: default
	Geo accuracy: 75.000000
	Watertightness check: true
	Self intersection check: false
	Inheritance (all): false
	Normal dominance (all): false
	Normal dominance (ports): false
	Flanges hollow: true
	One shape per flange: false
	Multi threading: true
		max # of threads used: 4
		requested max # of threads: 4
		representation: indexed
		method: multi thread
		retry: no
------------------------------------------------------------------------------------------------
CAD processing settings are set to default
------------------------------------------------------------------------------------------------
Connectivity settings
	Workflow selection: 0
	Workflow version: 20180101
	Gap detection: true
	Gap detection version: 2
	TST version: default, 2.20240218, potentials: not required
	QQ workflow: true
	CoCo workflow: true
	Legacy topology: false
	Connectivity check: false
------------------------------------------------------------------------------------------------
------------------------------------------------------------------------------------------------
CAD Processing Version Info
	ACIS version installed:	34.0.1
	ACIS version used:	34.0.1
------------------------------------------------------------------------------------------------
Success method:	multi-thread-22
************************************************************************************************

-------------------------------------------------
Geometry representation: extended-edge
Shared memory: none
FARM allocation scheme: PA
Parallelization: off
Gap-Detection activated for FARM-topology. Gaps are resolved, even partially.: gap tolerance value is 0.001000 and mesh geometry scale is 0.001000

----------------------
Acceleration mode: CPU
----------------------

Port homogenization method: M2H point index deviation
ccccccccccccccccccccccccccccccccccccccccccccccccccccccccccccccccccccc
FARM/Meshfill cache is set to 8 (local FI domains: 1, dynamic: false)
ccccccccccccccccccccccccccccccccccccccccccccccccccccccccccccccccccccc

=============================================================
Hex cell analyzer settings:
	max number of E fields per mesh edge: 2
	max number of H fields per mesh face: 4
	supporting dual grid: false
	performance improvement: ROI limit: true
	performance improvement: ROI threshold: 2
	performance improvement: single topology extraction: true
	performance improvement: pre-categorize cell volume: true
	periodic align: 0
	periodic cells: true
	homogenization version: pid
=============================================================

-------------------
TST Statistics:
E Split (0 | 0 | 0)
E Adapt (0 | 0 | 0)
B Split (0 | 0 | 0)
B Adapt (0 | 0 | 0)
-------------------

-------------------------------------------------------------
TST Version 2.20240218, tst tiny faces fix: on, TST1 BWC: off
-------------------------------------------------------------

------------------------------------------------------------------------------
+++++++++++++++++++++++++++++++++++++++++++++++++++++
settings for port mode calculation
+++++++++++++++++++++++++++++++++++++++++++++++++++++
PBA fill limit is applied in inverse mode.
PBA fill limit is applied on faces filled with at least 99.00% metal material.
--------------------------------------------------------------
detailed accuracy settings:
--------------------------------------------------------------
augmented fill limit:       true
augmented fill limit value: 99.00
automatic fill limit:       true
early fill limit:           true
inverse fill limit:         true
model complexity:           0.00
legacy 2015:                false
fixed point accuracy:       false
minimum point accuracy:     0
mesh step inheritance:      false
accuracy mode:              
------------------------------------------------------------------------------

--------------------------------------
Glued 0 metal grid points in port area
--------------------------------------

-------------------------------------------------------------------------------
TST aware field source monitor processing forced by environment variable: false
No TST aware field source monitors to be processed
-------------------------------------------------------------------------------

=================================
Finished matrix computation (PBA)
=================================

<<<<<<<<<<<<<<<<<<<<<<<<<<<<<<<<<<<<<<<<<<<<<<<<<<<<<
Sat Sat Aug 29 15:49:16 2026
Resource usage for calculating matrix coefficients:
	Runtime                          00:00:03.00100 s
	Peak Memory Usage:                        86 MB
<<<<<<<<<<<<<<<<<<<<<<<<<<<<<<<<<<<<<<<<<<<<<<<<<<<<<

--------------------------------
# of staircase filled cells: 0
# of staircase filled areas: 0
# of staircase filled edges: 0
# of faces above fill limit: 0
# of edges with FPBA topology: 0
--------------------------------

Frontend-Node:  =======================================================================
                FPBA has been activated in order to calculate connectivity information.
                =======================================================================

==============================================================================================
[Boundaries] - MCalc
open-add-space, open-add-space, open-add-space, open-add-space, open-add-space, open-add-space
==============================================================================================

========================================
[Mesh] Matrix calculation - NO ACIS mode
========================================

=============================
[Mesh] Expansion: 0 0 0 0 0 0
=============================

=================================================================================
 - hardware info
   + cpu name                    : Intel(R) Core(TM) 5 120U
   + sockets                     : 1
   + cores per socket            : 2
   + hyperthreading              : on
   + ht-units                    : 2
   + efficiency cores            : 8, not used
   + max cpuid level             : 32
   + max cpuid ext. level        : 8
   + numa nodes                  : 1
   + Numa Memory Info
     numa node     installed     available    (MByte)
       0                 0          7389
   + internal cpu info           : CPUID: selected engine is 'Leaf 0xB detection'
performance cores:
apic ids           : 0, 1, 8, 9
apic ids (fallback): 0, 1, 8, 9
from cpu registers: 0, 1, 8, 9
fallback: 0, 1, 8, 9
combined: 0, 1, 8, 9
core 0 type: Intel Core
core 1 type: Intel Core
core 2 type: Intel Core
core 3 type: Intel Core
max id per cpu: 64
SMT mask: 1
Core mask: 3e
Package mask: ffffffc0
set results:
  - packages: 1
  - cores: 2
  - smts: 2
generate core map, new implementation
0, 1, 2, 3
packages: 1
cores   : 2
ht units: 2
efficiency cores:
apic ids           : 16, 18, 20, 22, 24, 26, 28, 30
apic ids (fallback): 16, 18, 20, 22, 24, 26, 28, 30
from cpu registers: 16, 18, 20, 22, 24, 26, 28, 30
fallback: 16, 18, 20, 22, 24, 26, 28, 30
combined: 16, 18, 20, 22, 24, 26, 28, 30
core 0 type: Intel Atom
core 1 type: Intel Atom
core 2 type: Intel Atom
core 3 type: Intel Atom
core 4 type: Intel Atom
core 5 type: Intel Atom
core 6 type: Intel Atom
core 7 type: Intel Atom
max id per cpu: 64
SMT mask: 1
Core mask: 3e
Package mask: ffffffc0
set results:
  - packages: 1
  - cores: 8
  - smts: 1
generate core map, new implementation
0, 1, 2, 3, 4, 5, 6, 7
packages: 1
cores   : 8
ht units: 1
CPU sockets: 1 != 3
 - pinning rule in use   : PINNING_RULE_MCALC_SKIP_ALL
 - desired group         : 0
 - num cores available   : 12
 - efficiency cores      : 8, not used
 - active core list from affinity: 
   + num accessible procs          : 12
   + num logical procs             : 12
   + current affinity (env)        : 0,1,2,3,4,5,6,7,8,9,10,11
   + sockets ids in                : 0
   + core list                  (1): 0,2,4,5,6,7,8,9,10,11
 - active cores          : 0,2,4,5,6,7,8,9,10,11
 - hyperthreading        : on
 - allowed core ids      : 0,2
 - allowed core ids (aff): 10 10 00 00 
00 00 
 - used mask (string)    : 10 10 00 00 
00 00 
=================================================================================

===================================================================================================
Version: 2025.0 Release from 2024-08-30 (change 1315043) [Release]
Workflow: PBA matrix coefficients
Operation: [acis, fpba, meshfill, bg, port-path, port-domain, tst, tst-nextgen, coeff, surface-imp]
Architecture: Windows, ID: AMD64
System Windows-64bit
Using processor group 0/1
Matrix calculation information:
# of Nodes: 0
Concurrency: 0
Start ID: 0
Node ID: 0
HEX Mesh information:
Hex mesh: global: [hxr o(0 | 0 | 0) s(4 | 69 | 47) np (no TSTs): 12972] 
===================================================================================================

>>>>>>>>>>>>>>>>>>>>>>>>>>>>>>>>>>>>>>>>
Sat Sat Aug 29 15:49:19 2026
started: calculating matrix coefficients
>>>>>>>>>>>>>>>>>>>>>>>>>>>>>>>>>>>>>>>>

============================================================
Matrix computation (PBA)
	[Perfect Boundary Approximation (PBA), version: default]
	[GPU acceleration: off (by user)]
Version: 2025.0 Release from 2024-08-30 (change 1315043)
PBA version: default, 2.20240218
Model compatibility: 2025.20240830
Sub-Workflow: FARM-1x1-TST2
Workflow updated: -
Sat Sat Aug 29 15:49:19 2026
============================================================

----------------------------------------------
Used point accuracy enhancement value: 75.00%.
----------------------------------------------

========================================================================
The maximum supported number of mesh cells without MPI is: 2,147,483,647
========================================================================

------------------------------------------------------------------------------------------------
Geometry processing log
	PEC background is represented by CAD geometry: false
	Background shape: added
	Multithread portion: 100.00
	Number of CAD shapes: 2
	Number of lumps: 1
------------------------------------------------------------------------------------------------
=========================================
== CST Matrix Calculation Priority Log ==
=========================================
Priorities are sorted in ascending order beginning with the lowest priority
 
Group | Shape-ID | ShapeName | Material | User-priority | 2D/3D-Geometry | Material-attributes | Shape-attributes | Feature-ID | Schemetype
1 | 4 | </cst/Boundaries/> Low^X | $NFSMaterial$ | n/a | no | normal.vacuum. | boundary. | n/a | FIT_TD
1 | 5 | </cst/Boundaries/> Low^Y | $NFSMaterial$ | n/a | no | normal.vacuum. | boundary. | n/a | FIT_TD
1 | 6 | </cst/Boundaries/> Low^Z | $NFSMaterial$ | n/a | no | normal.vacuum. | boundary. | n/a | FIT_TD
1 | 7 | </cst/Boundaries/> Up^X | $NFSMaterial$ | n/a | no | normal.vacuum. | boundary. | n/a | FIT_TD
1 | 8 | </cst/Boundaries/> Up^Y | $NFSMaterial$ | n/a | no | normal.vacuum. | boundary. | n/a | FIT_TD
1 | 9 | </cst/Boundaries/> Up^Z | $NFSMaterial$ | n/a | no | normal.vacuum. | boundary. | n/a | FIT_TD
2 | 2 | component1:substrait__2_0 | Rogers RT-duroid 5880 (lossy) | n/a | yes | dispersive-mue.normal. | solid. | n/a | FIT_TD
3 | 1 | component1:GND__2_0 | Copper (annealed) | n/a | yes | pec.rho.surface-impedance. | solid. | n/a | FIT_TD
3 | 3 | component1:GND__2_0 (Lump 2) | Copper (annealed) | n/a | yes | pec.rho.surface-impedance. | solid. | n/a | FIT_TD
=========================================
************************************************************************************************
General settings
	PBA version: default, 2.20240218, potentials: not required
	Model compatibility: 2025.20240830
	Software version: 2025.0 Release from 2024-08-30 (change 1315043)
------------------------------------------------------------------------------------------------
Geometry processor: default
	Geo accuracy: 75.000000
	Watertightness check: true
	Self intersection check: false
	Inheritance (all): false
	Normal dominance (all): false
	Normal dominance (ports): false
	Flanges hollow: true
	One shape per flange: false
	Multi threading: true
		max # of threads used: 4
		requested max # of threads: 4
		representation: indexed
		method: multi thread
		retry: no
------------------------------------------------------------------------------------------------
CAD processing settings are set to default
------------------------------------------------------------------------------------------------
Connectivity settings
	Workflow selection: 0
	Workflow version: 20180101
	Gap detection: true
	Gap detection version: 2
	TST version: default, 2.20240218, potentials: not required
	QQ workflow: true
	CoCo workflow: true
	Legacy topology: false
	Connectivity check: false
------------------------------------------------------------------------------------------------
------------------------------------------------------------------------------------------------
CAD Processing Version Info
	ACIS version installed:	34.0.1
	ACIS version used:	34.0.1
------------------------------------------------------------------------------------------------
Success method:	multi-thread-22
************************************************************************************************

-------------------------------------------------
Geometry representation: extended-edge
Shared memory: none
FARM allocation scheme: PA
Parallelization: off
Gap-Detection activated for FARM-topology. Gaps are resolved, even partially.: gap tolerance value is 0.001000 and mesh geometry scale is 0.001000

----------------------
Acceleration mode: CPU
----------------------

Port homogenization method: M2H point index deviation
ccccccccccccccccccccccccccccccccccccccccccccccccccccccccccccccccccccc
FARM/Meshfill cache is set to 8 (local FI domains: 1, dynamic: false)
ccccccccccccccccccccccccccccccccccccccccccccccccccccccccccccccccccccc

=============================================================
Hex cell analyzer settings:
	max number of E fields per mesh edge: 2
	max number of H fields per mesh face: 4
	supporting dual grid: false
	performance improvement: ROI limit: true
	performance improvement: ROI threshold: 2
	performance improvement: single topology extraction: true
	performance improvement: pre-categorize cell volume: true
	periodic align: 0
	periodic cells: true
	homogenization version: pid
=============================================================

----------------------
TST Statistics:
E Split (0 | 0 | 94)
E Adapt (47 | 50 | 53)
B Split (100 | 94 | 0)
B Adapt (0 | 0 | 0)
----------------------

-------------------------------------------------------------
TST Version 2.20240218, tst tiny faces fix: on, TST1 BWC: off
-------------------------------------------------------------

------------------------------------------------------------------------------
+++++++++++++++++++++++++++++++++++++++++++++++++++++
settings for port mode calculation
+++++++++++++++++++++++++++++++++++++++++++++++++++++
PBA fill limit is applied in inverse mode.
PBA fill limit is applied on faces filled with at least 99.00% metal material.
--------------------------------------------------------------
detailed accuracy settings:
--------------------------------------------------------------
augmented fill limit:       true
augmented fill limit value: 99.00
automatic fill limit:       true
early fill limit:           true
inverse fill limit:         true
model complexity:           0.00
legacy 2015:                false
fixed point accuracy:       false
minimum point accuracy:     0
mesh step inheritance:      false
accuracy mode:              
------------------------------------------------------------------------------

--------------------------------------
Glued 0 metal grid points in port area
--------------------------------------

-------------------------------------------------------------------------------
TST aware field source monitor processing forced by environment variable: false
No TST aware field source monitors to be processed
-------------------------------------------------------------------------------

=================================
Finished matrix computation (PBA)
=================================

<<<<<<<<<<<<<<<<<<<<<<<<<<<<<<<<<<<<<<<<<<<<<<<<<<<<<
Sat Sat Aug 29 15:49:25 2026
Resource usage for calculating matrix coefficients:
	Runtime                          00:00:06.00020 s
	Peak Memory Usage:                       149 MB
<<<<<<<<<<<<<<<<<<<<<<<<<<<<<<<<<<<<<<<<<<<<<<<<<<<<<

--------------------------------
# of staircase filled cells: 0
# of staircase filled areas: 0
# of staircase filled edges: 0
# of faces above fill limit: 0
# of edges with FPBA topology: 0
--------------------------------

Frontend-Node:  =======================================================================
                FPBA has been activated in order to calculate connectivity information.
                =======================================================================

>>>>>>>>>>>>>>>>>>>>>>>>>>>>>>>>
Sat Sat Aug 29 15:49:28 2026
started: parallelization control
>>>>>>>>>>>>>>>>>>>>>>>>>>>>>>>>

=============================================================================================================
Access to CPU cores has been restricted for this process, reduce number of parallel matrixcalcs from 2 to 10.
=============================================================================================================

=================================================================================
 - hardware info
   + cpu name                    : Intel(R) Core(TM) 5 120U
   + sockets                     : 1
   + cores per socket            : 2
   + hyperthreading              : on
   + ht-units                    : 2
   + efficiency cores            : 8, not used
   + max cpuid level             : 32
   + max cpuid ext. level        : 8
   + numa nodes                  : 1
   + Numa Memory Info
     numa node     installed     available    (MByte)
       0                 0          7392
   + internal cpu info           : CPUID: selected engine is 'Leaf 0xB detection'
performance cores:
apic ids           : 0, 1, 8, 9
apic ids (fallback): 0, 1, 8, 9
from cpu registers: 0, 1, 8, 9
fallback: 0, 1, 8, 9
combined: 0, 1, 8, 9
core 0 type: Intel Core
core 1 type: Intel Core
core 2 type: Intel Core
core 3 type: Intel Core
max id per cpu: 64
SMT mask: 1
Core mask: 3e
Package mask: ffffffc0
set results:
  - packages: 1
  - cores: 2
  - smts: 2
generate core map, new implementation
0, 1, 2, 3
packages: 1
cores   : 2
ht units: 2
efficiency cores:
apic ids           : 16, 18, 20, 22, 24, 26, 28, 30
apic ids (fallback): 16, 18, 20, 22, 24, 26, 28, 30
from cpu registers: 16, 18, 20, 22, 24, 26, 28, 30
fallback: 16, 18, 20, 22, 24, 26, 28, 30
combined: 16, 18, 20, 22, 24, 26, 28, 30
core 0 type: Intel Atom
core 1 type: Intel Atom
core 2 type: Intel Atom
core 3 type: Intel Atom
core 4 type: Intel Atom
core 5 type: Intel Atom
core 6 type: Intel Atom
core 7 type: Intel Atom
max id per cpu: 64
SMT mask: 1
Core mask: 3e
Package mask: ffffffc0
set results:
  - packages: 1
  - cores: 8
  - smts: 1
generate core map, new implementation
0, 1, 2, 3, 4, 5, 6, 7
packages: 1
cores   : 8
ht units: 1
CPU sockets: 1 != 3
 - pinning rule in use   : PINNING_RULE_MCALC_SKIP_ALL
 - desired group         : 0
 - num cores available   : 12
 - efficiency cores      : 8, not used
 - active core list from affinity: 
   + num accessible procs          : 12
   + num logical procs             : 12
   + current affinity (env)        : 0,1,2,3,4,5,6,7,8,9,10,11
   + sockets ids in                : 0
   + core list                  (1): 0,2,4,5,6,7,8,9,10,11
 - active cores          : 0,2,4,5,6,7,8,9,10,11
 - hyperthreading        : on
 - allowed core ids      : 0,2
 - allowed core ids (aff): 10 10 00 00 
00 00 
 - used mask (string)    : 10 10 00 00 
00 00 
=================================================================================

===========================================================================
Version: 2025.0 Release from 2024-08-30 (change 1315043) [Release]
Workflow: QQ-Facets
Operation: [acis, fpba, bg]
Architecture: Windows, ID: AMD64
System Windows-64bit
Using processor group 0/1
Matrix calculation information:
# of Nodes: 0
Concurrency: 0
Start ID: 0
Node ID: 0
HEX Mesh information:
Hex mesh: global: [hxr o(0 | 0 | 0) s(71 | 201 | 33) np (no TSTs): 470943] 
===========================================================================

>>>>>>>>>>>>>>>>>>>>>>>>>>>>>
Sat Sat Aug 29 15:49:28 2026
started: processing CAD model
>>>>>>>>>>>>>>>>>>>>>>>>>>>>>

========================================================================
Processing CAD model
	[Improved internal geometry representation]
	[Accuracy improvement for long shapes in inhomogeneous mesh regions]
Version: 2025.0 Release from 2024-08-30 (change 1315043)
PBA version: default, 2.20240218
Model compatibility: 2025.20240830
Sub-Workflow: Facets-QQ
Workflow updated: -
Sat Sat Aug 29 15:49:28 2026
========================================================================

---------------------------------------------
Used point accuracy enhancement value: 0.00%.
---------------------------------------------

=============================================================================
Mesh statistics:
-----------------------------------------------------------------------------
Minimum edge length (x): 1.3 @ mesh line 37 (x)
Maximum edge length (x): 8.07 @ mesh line 3 (x)
Minimum face area (x): 0.48 @ mesh lines 96 | 13 (y | z)
Maximum face area (x): 66.5 @ mesh lines 1 | 25 (y | z)
Minimum edge length (y): 0.6 @ mesh line 96 (y)
Maximum edge length (y): 8.07 @ mesh line 1 (y)
Minimum face area (y): 1.04 @ mesh lines 13 | 37 (z | x)
Maximum face area (y): 66.5 @ mesh lines 25 | 3 (z | x)
Minimum edge length (z): 0.8 @ mesh line 13 (z)
Maximum edge length (z): 8.24 @ mesh line 25 (z)
Minimum face area (z): 0.781 @ mesh lines 37 | 96 (x | y)
Maximum face area (z): 65.2 @ mesh lines 3 | 1 (x | y)
Maximum mesh face aspect ratio (x): 13.7 : 1.0  @ mesh lines 96 | 25 (y | z)
Maximum mesh face aspect ratio (y): 10.1 : 1.0  @ mesh lines 13 | 3 (z | x)
Maximum mesh face aspect ratio (z): 13.5 : 1.0  @ mesh lines 3 | 96 (x | y)
=============================================================================

============================================================================
Available resources to store TST cells: 2147012704 (455896.51% of mesh size)
============================================================================

========================================================================
The maximum supported number of mesh cells without MPI is: 2,147,483,647
========================================================================

------------------------------------------------------------------------------------------------
Geometry processing log
	PEC background is represented by CAD geometry: false
	Background shape: added
	Multithread portion: 100.00
	Number of CAD shapes: 3
	Number of lumps: 0
------------------------------------------------------------------------------------------------
=========================================
== CST Matrix Calculation Priority Log ==
=========================================
Priorities are sorted in ascending order beginning with the lowest priority
 
Group | Shape-ID | ShapeName | Material | User-priority | 2D/3D-Geometry | Material-attributes | Shape-attributes | Feature-ID | Schemetype
1 | 4 | </cst/Boundaries/> Low^X | $NFSMaterial$ | n/a | no | normal.vacuum. | boundary. | n/a | FIT_TD
1 | 5 | </cst/Boundaries/> Low^Y | $NFSMaterial$ | n/a | no | normal.vacuum. | boundary. | n/a | FIT_TD
1 | 6 | </cst/Boundaries/> Low^Z | $NFSMaterial$ | n/a | no | normal.vacuum. | boundary. | n/a | FIT_TD
1 | 7 | </cst/Boundaries/> Up^X | $NFSMaterial$ | n/a | no | normal.vacuum. | boundary. | n/a | FIT_TD
1 | 8 | </cst/Boundaries/> Up^Y | $NFSMaterial$ | n/a | no | normal.vacuum. | boundary. | n/a | FIT_TD
1 | 9 | </cst/Boundaries/> Up^Z | $NFSMaterial$ | n/a | no | normal.vacuum. | boundary. | n/a | FIT_TD
2 | 3 | component1:substrait | Rogers RT-duroid 5880 (lossy) | n/a | yes | dispersive-mue.normal. | solid. | n/a | FIT_TD
3 | 1 | component1:GND | Copper (annealed) | n/a | yes | pec.rho.surface-impedance. | solid. | n/a | FIT_TD
3 | 2 | component1:microstrip | Copper (annealed) | n/a | yes | pec.rho.surface-impedance. | solid. | n/a | FIT_TD
=========================================
************************************************************************************************
General settings
	PBA version: default, 2.20240218, potentials: not required
	Model compatibility: 2025.20240830
	Software version: 2025.0 Release from 2024-08-30 (change 1315043)
------------------------------------------------------------------------------------------------
Geometry processor: default
	Geo accuracy: 0.000000
	Watertightness check: true
	Self intersection check: false
	Inheritance (all): false
	Normal dominance (all): false
	Normal dominance (ports): false
	Flanges hollow: true
	One shape per flange: false
	Multi threading: true
		max # of threads used: 4
		requested max # of threads: 4
		representation: indexed
		method: multi thread
		retry: no
------------------------------------------------------------------------------------------------
CAD processing settings are set to default
------------------------------------------------------------------------------------------------
Connectivity settings
	Workflow selection: 0
	Workflow version: 20190101
	Gap detection: true
	Gap detection version: 2
	TST version: default, 2.20240218, potentials: not required
	QQ workflow: true
	CoCo workflow: true
	Legacy topology: false
	Connectivity check: true
------------------------------------------------------------------------------------------------
------------------------------------------------------------------------------------------------
CAD Processing Version Info
	ACIS version installed:	34.0.1
	ACIS version used:	34.0.1
------------------------------------------------------------------------------------------------
Success method:	multi-thread-22
************************************************************************************************

-------------------------------------------------------------------------------
TST aware field source monitor processing forced by environment variable: false
No TST aware field source monitors to be processed
-------------------------------------------------------------------------------

=======================
Finished CAD processing
=======================

<<<<<<<<<<<<<<<<<<<<<<<<<<<<<<<<<<<<<<<<<<<<
Sat Sat Aug 29 15:49:29 2026
Resource usage for processing CAD model:
	Runtime                 00:00:00.00134 s
	Peak Memory Usage:               18 MB
<<<<<<<<<<<<<<<<<<<<<<<<<<<<<<<<<<<<<<<<<<<<

------------------------------------------------------------
Parallelization Info
------------------------------------------------------------
Hyperthreading active: true
Hyperthreading used: true
Number of concurrent threads: 4
Number of concurrent threads using GPU: 0
Number of node domains: 20
Domains-to-threads scaling: 2
Average FI domain size: 2e+04
Nice mode: true
Delayed matrix calculation start: false
Load balancing: Version 20090403
Number of mesh fill domains: 20
Memory downscale: 1
Shared memory representation: read/write
CPU load: 33.33%
Emptiness: 0.00%
Hex mesh complexity: 0.44800
Geometric complexity: 0.00088
lower size limit of domain (1D): 60
------------------------------------------------------------
Node order
9, 8, 13, 1, 15, 10, 18, 11, 4, 6, 14, 5, 7, 17, 12, 2, 
16, 19, 3, 0
------------------------------------------------------------

------------------------------------------------------------------
Matrix calculation job submit section 0
Currently running jobs: 0
Waiting jobs: 20
Concurrency for section: 4/4
Memory physically installed: 16.8062 GB
Memory currently available: 7.71425 GB
Memory already used: 9.09199 GB
Matrix calculation @ 1xN-Node 0009
	Mesh coverage: 2016000.00 %
	Estimated peak memory usage per node: 78 MB, tightness: 1.01 %
	GPU acceleration: off
	Processor group: 0
Matrix calculation @ 1xN-Node 0008
	Mesh coverage: 2016000.00 %
	Estimated peak memory usage per node: 77 MB, tightness: 1.00 %
	GPU acceleration: off
	Processor group: 0
Matrix calculation @ 1xN-Node 0013
	Mesh coverage: 2886400.00 %
	Estimated peak memory usage per node: 79 MB, tightness: 1.03 %
	GPU acceleration: off
	Processor group: 0
Matrix calculation @ 1xN-Node 0001
	Mesh coverage: 1881600.00 %
	Estimated peak memory usage per node: 77 MB, tightness: 1.00 %
	GPU acceleration: off
	Processor group: 0
Node distribution on 1 processor group: 4
------------------------------------------------------------------

------------------------------------------------------------------
Matrix calculation job submit section 1
Currently running jobs: 3
Waiting jobs: 16
Concurrency for section: 1/4
Memory physically installed: 16.8062 GB
Memory currently available: 7.55488 GB
Memory already used: 9.25136 GB
Matrix calculation @ 1xN-Node 0015
	Mesh coverage: 2752000.00 %
	Estimated peak memory usage per node: 83 MB, tightness: 1.10 %
	GPU acceleration: off
	Processor group: 0
Node distribution on 1 processor group: 4
------------------------------------------------------------------

------------------------------------------------------------------
Matrix calculation job submit section 2
Currently running jobs: 3
Waiting jobs: 15
Concurrency for section: 1/4
Memory physically installed: 16.8062 GB
Memory currently available: 7.58275 GB
Memory already used: 9.2235 GB
Matrix calculation @ 1xN-Node 0010
	Mesh coverage: 2688000.00 %
	Estimated peak memory usage per node: 76 MB, tightness: 1.01 %
	GPU acceleration: off
	Processor group: 0
Node distribution on 1 processor group: 4
------------------------------------------------------------------

------------------------------------------------------------------
Matrix calculation job submit section 3
Currently running jobs: 3
Waiting jobs: 14
Concurrency for section: 1/4
Memory physically installed: 16.8062 GB
Memory currently available: 7.56844 GB
Memory already used: 9.23781 GB
Matrix calculation @ 1xN-Node 0018
	Mesh coverage: 2777600.00 %
	Estimated peak memory usage per node: 84 MB, tightness: 1.12 %
	GPU acceleration: off
	Processor group: 0
Node distribution on 1 processor group: 4
------------------------------------------------------------------

------------------------------------------------------------------
Matrix calculation job submit section 4
Currently running jobs: 3
Waiting jobs: 13
Concurrency for section: 1/4
Memory physically installed: 16.8062 GB
Memory currently available: 7.49026 GB
Memory already used: 9.31598 GB
Matrix calculation @ 1xN-Node 0011
	Mesh coverage: 2777600.00 %
	Estimated peak memory usage per node: 76 MB, tightness: 1.02 %
	GPU acceleration: off
	Processor group: 0
Node distribution on 1 processor group: 4
------------------------------------------------------------------

------------------------------------------------------------------
Matrix calculation job submit section 5
Currently running jobs: 3
Waiting jobs: 12
Concurrency for section: 1/4
Memory physically installed: 16.8062 GB
Memory currently available: 7.56742 GB
Memory already used: 9.23882 GB
Matrix calculation @ 1xN-Node 0004
	Mesh coverage: 2016000.00 %
	Estimated peak memory usage per node: 85 MB, tightness: 1.12 %
	GPU acceleration: off
	Processor group: 0
Node distribution on 1 processor group: 4
------------------------------------------------------------------

------------------------------------------------------------------
Matrix calculation job submit section 6
Currently running jobs: 3
Waiting jobs: 11
Concurrency for section: 1/4
Memory physically installed: 16.8062 GB
Memory currently available: 7.5632 GB
Memory already used: 9.24304 GB
Matrix calculation @ 1xN-Node 0006
	Mesh coverage: 1881600.00 %
	Estimated peak memory usage per node: 70 MB, tightness: 0.93 %
	GPU acceleration: off
	Processor group: 0
Node distribution on 1 processor group: 4
------------------------------------------------------------------

------------------------------------------------------------------
Matrix calculation job submit section 7
Currently running jobs: 3
Waiting jobs: 10
Concurrency for section: 1/4
Memory physically installed: 16.8062 GB
Memory currently available: 7.54013 GB
Memory already used: 9.26612 GB
Matrix calculation @ 1xN-Node 0014
	Mesh coverage: 2752000.00 %
	Estimated peak memory usage per node: 88 MB, tightness: 1.16 %
	GPU acceleration: off
	Processor group: 0
Node distribution on 1 processor group: 4
------------------------------------------------------------------

------------------------------------------------------------------
Matrix calculation job submit section 8
Currently running jobs: 3
Waiting jobs: 9
Concurrency for section: 1/4
Memory physically installed: 16.8062 GB
Memory currently available: 7.61438 GB
Memory already used: 9.19187 GB
Matrix calculation @ 1xN-Node 0005
	Mesh coverage: 1881600.00 %
	Estimated peak memory usage per node: 70 MB, tightness: 0.92 %
	GPU acceleration: off
	Processor group: 0
Node distribution on 1 processor group: 4
------------------------------------------------------------------

------------------------------------------------------------------
Matrix calculation job submit section 9
Currently running jobs: 3
Waiting jobs: 8
Concurrency for section: 1/4
Memory physically installed: 16.8062 GB
Memory currently available: 7.60248 GB
Memory already used: 9.20377 GB
Matrix calculation @ 1xN-Node 0007
	Mesh coverage: 1836800.00 %
	Estimated peak memory usage per node: 96 MB, tightness: 1.26 %
	GPU acceleration: off
	Processor group: 0
Node distribution on 1 processor group: 4
------------------------------------------------------------------

------------------------------------------------------------------
Matrix calculation job submit section 10
Currently running jobs: 3
Waiting jobs: 7
Concurrency for section: 1/4
Memory physically installed: 16.8062 GB
Memory currently available: 7.63172 GB
Memory already used: 9.17453 GB
Matrix calculation @ 1xN-Node 0017
	Mesh coverage: 2956800.00 %
	Estimated peak memory usage per node: 61 MB, tightness: 0.80 %
	GPU acceleration: off
	Processor group: 0
Node distribution on 1 processor group: 4
------------------------------------------------------------------

-------------------------------------------------------------------
Matrix calculation job submit section 11
Currently running jobs: 3
Waiting jobs: 6
Concurrency for section: 1/4
Memory physically installed: 16.8062 GB
Memory currently available: 7.60263 GB
Memory already used: 9.20361 GB
Matrix calculation @ 1xN-Node 0012
	Mesh coverage: 2886400.00 %
	Estimated peak memory usage per node: 105 MB, tightness: 1.38 %
	GPU acceleration: off
	Processor group: 0
Node distribution on 1 processor group: 4
-------------------------------------------------------------------

------------------------------------------------------------------
Matrix calculation job submit section 12
Currently running jobs: 3
Waiting jobs: 5
Concurrency for section: 1/4
Memory physically installed: 16.8062 GB
Memory currently available: 7.56506 GB
Memory already used: 9.24119 GB
Matrix calculation @ 1xN-Node 0002
	Mesh coverage: 1836800.00 %
	Estimated peak memory usage per node: 60 MB, tightness: 0.80 %
	GPU acceleration: off
	Processor group: 0
Node distribution on 1 processor group: 4
------------------------------------------------------------------

------------------------------------------------------------------
Matrix calculation job submit section 13
Currently running jobs: 3
Waiting jobs: 4
Concurrency for section: 1/4
Memory physically installed: 16.8062 GB
Memory currently available: 7.56896 GB
Memory already used: 9.23728 GB
Matrix calculation @ 1xN-Node 0016
	Mesh coverage: 2956800.00 %
	Estimated peak memory usage per node: 49 MB, tightness: 0.65 %
	GPU acceleration: off
	Processor group: 0
Node distribution on 1 processor group: 4
------------------------------------------------------------------

------------------------------------------------------------------
Matrix calculation job submit section 14
Currently running jobs: 3
Waiting jobs: 3
Concurrency for section: 1/4
Memory physically installed: 16.8062 GB
Memory currently available: 7.59541 GB
Memory already used: 9.21083 GB
Matrix calculation @ 1xN-Node 0019
	Mesh coverage: 2777600.00 %
	Estimated peak memory usage per node: 48 MB, tightness: 0.63 %
	GPU acceleration: off
	Processor group: 0
Node distribution on 1 processor group: 4
------------------------------------------------------------------

------------------------------------------------------------------
Matrix calculation job submit section 15
Currently running jobs: 3
Waiting jobs: 2
Concurrency for section: 1/4
Memory physically installed: 16.8062 GB
Memory currently available: 7.58297 GB
Memory already used: 9.22327 GB
Matrix calculation @ 1xN-Node 0003
	Mesh coverage: 2016000.00 %
	Estimated peak memory usage per node: 41 MB, tightness: 0.54 %
	GPU acceleration: off
	Processor group: 0
Node distribution on 1 processor group: 4
------------------------------------------------------------------

------------------------------------------------------------------
Matrix calculation job submit section 16
Currently running jobs: 3
Waiting jobs: 1
Concurrency for section: 1/4
Memory physically installed: 16.8062 GB
Memory currently available: 7.60942 GB
Memory already used: 9.19682 GB
Matrix calculation @ 1xN-Node 0000
	Mesh coverage: 1881600.00 %
	Estimated peak memory usage per node: 41 MB, tightness: 0.54 %
	GPU acceleration: off
	Processor group: 0
Node distribution on 1 processor group: 4
------------------------------------------------------------------

------------------------------------
Mesh: # of points excl. TSTs: 470943
      # of points incl. TSTs: 470943
------------------------------------

===========================================
Data rearrangement statistics:
Disk IO directories:	00:00:00.0053
Disk IO node domain files:	00:00:00.0833
Disk IO FI domain files:	00:00:00.0000
Disk IO meta information:	00:00:00.0033
Sequential merge (TST):	00:00:00.0000
===========================================

1xN000:  ========================================================================
         [Boundaries] - MCalc
         open-add-space, mpi, open-add-space, mpi, open-add-space, open-add-space
         ========================================================================

1xN000:  ========================================
         [Mesh] Matrix calculation - NO ACIS mode
         [Mesh] 1xN MPI or parallelization mode
         ========================================

1xN000:  =============================
         [Mesh] Expansion: 0 2 0 2 0 0
         =============================

1xN000:  ==================================================
         [Mesh] world: o(0000,0000,0000) e(0071,0201,0033)
         [Mesh] l-1xN: o(0000,0000,0000) e(0029,0022,0033)
         [Mesh] e-1xN: o(0000,0000,0000) e(0031,0024,0033)
         [Mesh] g-MPI: not available
         [Mesh] bound offset: (0 | 2 | 0)
         ==================================================

1xN000:  =================================================================================
          - hardware info
            + cpu name                    : Intel(R) Core(TM) 5 120U
            + sockets                     : 1
            + cores per socket            : 2
            + hyperthreading              : on
            + ht-units                    : 2
            + efficiency cores            : 8, not used
            + max cpuid level             : 32
            + max cpuid ext. level        : 8
            + numa nodes                  : 1
            + Numa Memory Info
              numa node     installed     available    (MByte)
                0                 0          7256
            + internal cpu info           : CPUID: selected engine is 'Leaf 0xB detection'
         performance cores:
         apic ids           : 0, 1, 8, 9
         apic ids (fallback): 0, 1, 8, 9
         from cpu registers: 0, 1, 8, 9
         fallback: 0, 1, 8, 9
         combined: 0, 1, 8, 9
         core 0 type: Intel Core
         core 1 type: Intel Core
         core 2 type: Intel Core
         core 3 type: Intel Core
         max id per cpu: 64
         SMT mask: 1
         Core mask: 3e
         Package mask: ffffffc0
         set results:
           - packages: 1
           - cores: 2
           - smts: 2
         generate core map, new implementation
         0, 1, 2, 3
         packages: 1
         cores   : 2
         ht units: 2
         efficiency cores:
         apic ids           : 16, 18, 20, 22, 24, 26, 28, 30
         apic ids (fallback): 16, 18, 20, 22, 24, 26, 28, 30
         from cpu registers: 16, 18, 20, 22, 24, 26, 28, 30
         fallback: 16, 18, 20, 22, 24, 26, 28, 30
         combined: 16, 18, 20, 22, 24, 26, 28, 30
         core 0 type: Intel Atom
         core 1 type: Intel Atom
         core 2 type: Intel Atom
         core 3 type: Intel Atom
         core 4 type: Intel Atom
         core 5 type: Intel Atom
         core 6 type: Intel Atom
         core 7 type: Intel Atom
         max id per cpu: 64
         SMT mask: 1
         Core mask: 3e
         Package mask: ffffffc0
         set results:
           - packages: 1
           - cores: 8
           - smts: 1
         generate core map, new implementation
         0, 1, 2, 3, 4, 5, 6, 7
         packages: 1
         cores   : 8
         ht units: 1
         CPU sockets: 1 != 3
          - pinning rule in use   : PINNING_RULE_MCALC_SKIP_ALL
          - desired group         : 0
          - num cores available   : 12
          - efficiency cores      : 8, not used
          - active core list from affinity:
            + num accessible procs          : 12
            + num logical procs             : 12
            + current affinity (env)        : 0,1,2,3,4,5,6,7,8,9,10,11
            + sockets ids in                : 0
            + core list                  (1): 0,1,2,3,4,5,6,7,8,9,10,11
          - active cores          : 0,1,2,3,4,5,6,7,8,9,10,11
          - hyperthreading        : on
          - skip pinning: + allowed number of sockets = available number of sockets
                          + hyperthreading allowed by solver
         =================================================================================

1xN000:  ===================================================================================================
         Version: 2025.0 Release from 2024-08-30 (change 1315043) [Release]
         Workflow: PBA matrix coefficients
         Operation: [fpba, meshfill, bg, port-path, tst, tst-nextgen, coeff, surface-imp, connectivity-tree]
         Architecture: Windows, ID: AMD64
         System Windows-64bit
         Using processor group 0/1
         Matrix calculation information:
         # of Nodes: 20
         Concurrency: 4
         Start ID: 19
         Node ID: 0
         HEX Mesh information:
         Hex mesh: node: [hxr o(0 | 0 | 0) s(29 | 22 | 33) np (no TSTs): 21054]
         Hex mesh: extended: [hxr o(0 | 0 | 0) s(31 | 24 | 33) np (no TSTs): 24552]
         ===================================================================================================

1xN000:  -----------------------------------------------------
         Memory status on node "1xN000" for matrix calculation
         	Estimated memory consumption: 0.0410044 GB
         	Physical memory installed: 16.8062 GB
         	Available physical memory: 7.63397 GB
         	Available relative memory: 45.4234 %
         -----------------------------------------------------

1xN000:  >>>>>>>>>>>>>>>>>>>>>>>>>>>>>>>>>>>>>>>>>>>>>>>>>
         Sat Sat Aug 29 15:50:07 2026
         started: calculating matrix coefficients per node
         >>>>>>>>>>>>>>>>>>>>>>>>>>>>>>>>>>>>>>>>>>>>>>>>>

1xN000:  ============================================================
         Matrix computation (PBA)
         	[Perfect Boundary Approximation (PBA), version: default]
         	[GPU acceleration: off (by user)]
         Version: 2025.0 Release from 2024-08-30 (change 1315043)
         PBA version: default, 2.20240218
         Model compatibility: 2025.20240830
         Sub-Workflow: FARM-1xN-TST2-Node
         Workflow updated: -
         Sat Sat Aug 29 15:50:07 2026
         ============================================================

1xN000:  ---------------------------------------------
         Used point accuracy enhancement value: 0.00%.
         ---------------------------------------------

1xN000:  -------------------------------------------------
         Geometry representation: shared-attached
         Shared memory: read-only
         FARM allocation scheme: PA
         Parallelization: on, used

1xN000:  Gap-Detection activated for FARM-topology. Gaps are resolved, even partially.: gap tolerance value is 0.001000 and mesh geometry scale is 0.001000
1xN000:
1xN000:



1xN000:  ----------------------
         Acceleration mode: CPU
         ----------------------

1xN000:  Port homogenization method: M2H point index deviation
1xN000:  cccccccccccccccccccccccccccccccccccccccccccccccccccccccccccccccccccc
         FARM/Meshfill cache is set to 8 (local FI domains: 2, dynamic: true)
         cccccccccccccccccccccccccccccccccccccccccccccccccccccccccccccccccccc

1xN000:  =============================================================
         Hex cell analyzer settings:
         	max number of E fields per mesh edge: 2
         	max number of H fields per mesh face: 4
         	supporting dual grid: false
         	performance improvement: ROI limit: true
         	performance improvement: ROI threshold: 2
         	performance improvement: single topology extraction: true
         	performance improvement: pre-categorize cell volume: true
         	periodic align: 0
         	periodic cells: true
         	homogenization version: pid
         =============================================================

1xN000:  -------------------
         TST Statistics:
         E Split (0 | 0 | 0)
         E Adapt (0 | 0 | 0)
         B Split (0 | 0 | 0)
         B Adapt (0 | 0 | 0)
         -------------------

1xN000:  -------------------------------------------------------------
         TST Version 2.20240218, tst tiny faces fix: on, TST1 BWC: off
         -------------------------------------------------------------

1xN000:  ssssssssssssssssssssssssssssssssssssssssss
         # of curls with SI accuracy enhancement: 0
         ssssssssssssssssssssssssssssssssssssssssss

1xN000:  ------------------------------------------------------------------------------
         PBA fill limit is applied in inverse mode.
         PBA fill limit is applied on faces filled with at least 93.77% metal material.
         --------------------------------------------------------------
         detailed accuracy settings:
         --------------------------------------------------------------
         augmented fill limit:       true
         augmented fill limit value: 93.77
         automatic fill limit:       true
         early fill limit:           true
         inverse fill limit:         true
         model complexity:           0.00
         legacy 2015:                false
         fixed point accuracy:       false
         minimum point accuracy:     0
         mesh step inheritance:      false
         accuracy mode:
         ------------------------------------------------------------------------------

1xN000:  -------------------------------------------------------------------------------
         TST aware field source monitor processing forced by environment variable: false
         No TST aware field source monitors to be processed
         -------------------------------------------------------------------------------

1xN000:  =================================
         Finished matrix computation (PBA)
         =================================

1xN000:  <<<<<<<<<<<<<<<<<<<<<<<<<<<<<<<<<<<<<<<<<<<<<<<<<<<<<<<<<<<<
         Sat Sat Aug 29 15:50:10 2026
         Resource usage for calculating matrix coefficients per node:
         	Runtime                          00:00:02.00451 s
         	Peak Memory Estimation:                   41 MB
         	Peak Memory Usage:                        22 MB
         <<<<<<<<<<<<<<<<<<<<<<<<<<<<<<<<<<<<<<<<<<<<<<<<<<<<<<<<<<<<



1xN001:  =============================================================
         [Boundaries] - MCalc
         open-add-space, mpi, mpi, mpi, open-add-space, open-add-space
         =============================================================

1xN001:  ========================================
         [Mesh] Matrix calculation - NO ACIS mode
         [Mesh] 1xN MPI or parallelization mode
         ========================================

1xN001:  ==============================
         [Mesh] Expansion: 0 2 -2 2 0 0
         ==============================

1xN001:  ==================================================
         [Mesh] world: o(0000,0000,0000) e(0071,0201,0033)
         [Mesh] l-1xN: o(0000,0020,0000) e(0029,0042,0033)
         [Mesh] e-1xN: o(0000,0018,0000) e(0031,0044,0033)
         [Mesh] g-MPI: not available
         [Mesh] bound offset: (0 | 2 | -2)
         ==================================================

1xN001:  =================================================================================
          - hardware info
            + cpu name                    : Intel(R) Core(TM) 5 120U
            + sockets                     : 1
            + cores per socket            : 2
            + hyperthreading              : on
            + ht-units                    : 2
            + efficiency cores            : 8, not used
            + max cpuid level             : 32
            + max cpuid ext. level        : 8
            + numa nodes                  : 1
            + Numa Memory Info
              numa node     installed     available    (MByte)
                0                 0          7342
            + internal cpu info           : CPUID: selected engine is 'Leaf 0xB detection'
         performance cores:
         apic ids           : 0, 1, 8, 9
         apic ids (fallback): 0, 1, 8, 9
         from cpu registers: 0, 1, 8, 9
         fallback: 0, 1, 8, 9
         combined: 0, 1, 8, 9
         core 0 type: Intel Core
         core 1 type: Intel Core
         core 2 type: Intel Core
         core 3 type: Intel Core
         max id per cpu: 64
         SMT mask: 1
         Core mask: 3e
         Package mask: ffffffc0
         set results:
           - packages: 1
           - cores: 2
           - smts: 2
         generate core map, new implementation
         0, 1, 2, 3
         packages: 1
         cores   : 2
         ht units: 2
         efficiency cores:
         apic ids           : 16, 18, 20, 22, 24, 26, 28, 30
         apic ids (fallback): 16, 18, 20, 22, 24, 26, 28, 30
         from cpu registers: 16, 18, 20, 22, 24, 26, 28, 30
         fallback: 16, 18, 20, 22, 24, 26, 28, 30
         combined: 16, 18, 20, 22, 24, 26, 28, 30
         core 0 type: Intel Atom
         core 1 type: Intel Atom
         core 2 type: Intel Atom
         core 3 type: Intel Atom
         core 4 type: Intel Atom
         core 5 type: Intel Atom
         core 6 type: Intel Atom
         core 7 type: Intel Atom
         max id per cpu: 64
         SMT mask: 1
         Core mask: 3e
         Package mask: ffffffc0
         set results:
           - packages: 1
           - cores: 8
           - smts: 1
         generate core map, new implementation
         0, 1, 2, 3, 4, 5, 6, 7
         packages: 1
         cores   : 8
         ht units: 1
         CPU sockets: 1 != 3
          - pinning rule in use   : PINNING_RULE_MCALC_SKIP_ALL
          - desired group         : 0
          - num cores available   : 12
          - efficiency cores      : 8, not used
          - active core list from affinity:
            + num accessible procs          : 12
            + num logical procs             : 12
            + current affinity (env)        : 0,1,2,3,4,5,6,7,8,9,10,11
            + sockets ids in                : 0
            + core list                  (1): 0,1,2,3,4,5,6,7,8,9,10,11
          - active cores          : 0,1,2,3,4,5,6,7,8,9,10,11
          - hyperthreading        : on
          - skip pinning: + allowed number of sockets = available number of sockets
                          + hyperthreading allowed by solver
         =================================================================================

1xN001:  ===================================================================================================
         Version: 2025.0 Release from 2024-08-30 (change 1315043) [Release]
         Workflow: PBA matrix coefficients
         Operation: [fpba, meshfill, bg, port-path, tst, tst-nextgen, coeff, surface-imp, connectivity-tree]
         Architecture: Windows, ID: AMD64
         System Windows-64bit
         Using processor group 0/1
         Matrix calculation information:
         # of Nodes: 20
         Concurrency: 4
         Start ID: 3
         Node ID: 1
         HEX Mesh information:
         Hex mesh: node: [hxr o(0 | 20 | 0) s(29 | 22 | 33) np (no TSTs): 21054]
         Hex mesh: extended: [hxr o(0 | 18 | 0) s(31 | 26 | 33) np (no TSTs): 26598]
         ===================================================================================================

1xN001:  -----------------------------------------------------
         Memory status on node "1xN001" for matrix calculation
         	Estimated memory consumption: 0.0769871 GB
         	Physical memory installed: 16.8062 GB
         	Available physical memory: 7.6826 GB
         	Available relative memory: 45.7128 %
         -----------------------------------------------------

1xN001:  >>>>>>>>>>>>>>>>>>>>>>>>>>>>>>>>>>>>>>>>>>>>>>>>>
         Sat Sat Aug 29 15:49:32 2026
         started: calculating matrix coefficients per node
         >>>>>>>>>>>>>>>>>>>>>>>>>>>>>>>>>>>>>>>>>>>>>>>>>

1xN001:  ============================================================
         Matrix computation (PBA)
         	[Perfect Boundary Approximation (PBA), version: default]
         	[GPU acceleration: off (by user)]
         Version: 2025.0 Release from 2024-08-30 (change 1315043)
         PBA version: default, 2.20240218
         Model compatibility: 2025.20240830
         Sub-Workflow: FARM-1xN-TST2-Node
         Workflow updated: -
         Sat Sat Aug 29 15:49:32 2026
         ============================================================

1xN001:  ---------------------------------------------
         Used point accuracy enhancement value: 0.00%.
         ---------------------------------------------

1xN001:  -------------------------------------------------
         Geometry representation: shared-attached
         Shared memory: read-only
         FARM allocation scheme: PA
         Parallelization: on, used

1xN001:  Gap-Detection activated for FARM-topology. Gaps are resolved, even partially.: gap tolerance value is 0.001000 and mesh geometry scale is 0.001000
1xN001:
1xN001:



1xN001:  ----------------------
         Acceleration mode: CPU
         ----------------------

1xN001:  Port homogenization method: M2H point index deviation
1xN001:  cccccccccccccccccccccccccccccccccccccccccccccccccccccccccccccccccccc
         FARM/Meshfill cache is set to 8 (local FI domains: 4, dynamic: true)
         cccccccccccccccccccccccccccccccccccccccccccccccccccccccccccccccccccc

1xN001:  =============================================================
         Hex cell analyzer settings:
         	max number of E fields per mesh edge: 2
         	max number of H fields per mesh face: 4
         	supporting dual grid: false
         	performance improvement: ROI limit: true
         	performance improvement: ROI threshold: 2
         	performance improvement: single topology extraction: true
         	performance improvement: pre-categorize cell volume: true
         	periodic align: 0
         	periodic cells: true
         	homogenization version: pid
         =============================================================

1xN001:  -------------------
         TST Statistics:
         E Split (0 | 0 | 0)
         E Adapt (0 | 0 | 0)
         B Split (0 | 0 | 0)
         B Adapt (0 | 0 | 0)
         -------------------

1xN001:  -------------------------------------------------------------
         TST Version 2.20240218, tst tiny faces fix: on, TST1 BWC: off
         -------------------------------------------------------------

1xN001:  ssssssssssssssssssssssssssssssssssssssssss
         # of curls with SI accuracy enhancement: 0
         ssssssssssssssssssssssssssssssssssssssssss

1xN001:  ------------------------------------------------------------------------------
         PBA fill limit is applied in inverse mode.
         PBA fill limit is applied on faces filled with at least 93.77% metal material.
         --------------------------------------------------------------
         detailed accuracy settings:
         --------------------------------------------------------------
         augmented fill limit:       true
         augmented fill limit value: 93.77
         automatic fill limit:       true
         early fill limit:           true
         inverse fill limit:         true
         model complexity:           0.00
         legacy 2015:                false
         fixed point accuracy:       false
         minimum point accuracy:     0
         mesh step inheritance:      false
         accuracy mode:
         ------------------------------------------------------------------------------

1xN001:  -------------------------------------------------------------------------------
         TST aware field source monitor processing forced by environment variable: false
         No TST aware field source monitors to be processed
         -------------------------------------------------------------------------------

1xN001:  =================================
         Finished matrix computation (PBA)
         =================================

1xN001:  <<<<<<<<<<<<<<<<<<<<<<<<<<<<<<<<<<<<<<<<<<<<<<<<<<<<<<<<<<<<
         Sat Sat Aug 29 15:49:37 2026
         Resource usage for calculating matrix coefficients per node:
         	Runtime                          00:00:05.00452 s
         	Peak Memory Estimation:                   77 MB
         	Peak Memory Usage:                        35 MB
         <<<<<<<<<<<<<<<<<<<<<<<<<<<<<<<<<<<<<<<<<<<<<<<<<<<<<<<<<<<<



1xN002:  =============================================================
         [Boundaries] - MCalc
         mpi, mpi, open-add-space, mpi, open-add-space, open-add-space
         =============================================================

1xN002:  ========================================
         [Mesh] Matrix calculation - NO ACIS mode
         [Mesh] 1xN MPI or parallelization mode
         ========================================

1xN002:  ==============================
         [Mesh] Expansion: -2 2 0 2 0 0
         ==============================

1xN002:  ==================================================
         [Mesh] world: o(0000,0000,0000) e(0071,0201,0033)
         [Mesh] l-1xN: o(0027,0000,0000) e(0042,0042,0033)
         [Mesh] e-1xN: o(0025,0000,0000) e(0044,0044,0033)
         [Mesh] g-MPI: not available
         [Mesh] bound offset: (-2 | 2 | 0)
         ==================================================

1xN002:  =================================================================================
          - hardware info
            + cpu name                    : Intel(R) Core(TM) 5 120U
            + sockets                     : 1
            + cores per socket            : 2
            + hyperthreading              : on
            + ht-units                    : 2
            + efficiency cores            : 8, not used
            + max cpuid level             : 32
            + max cpuid ext. level        : 8
            + numa nodes                  : 1
            + Numa Memory Info
              numa node     installed     available    (MByte)
                0                 0          7228
            + internal cpu info           : CPUID: selected engine is 'Leaf 0xB detection'
         performance cores:
         apic ids           : 0, 1, 8, 9
         apic ids (fallback): 0, 1, 8, 9
         from cpu registers: 0, 1, 8, 9
         fallback: 0, 1, 8, 9
         combined: 0, 1, 8, 9
         core 0 type: Intel Core
         core 1 type: Intel Core
         core 2 type: Intel Core
         core 3 type: Intel Core
         max id per cpu: 64
         SMT mask: 1
         Core mask: 3e
         Package mask: ffffffc0
         set results:
           - packages: 1
           - cores: 2
           - smts: 2
         generate core map, new implementation
         0, 1, 2, 3
         packages: 1
         cores   : 2
         ht units: 2
         efficiency cores:
         apic ids           : 16, 18, 20, 22, 24, 26, 28, 30
         apic ids (fallback): 16, 18, 20, 22, 24, 26, 28, 30
         from cpu registers: 16, 18, 20, 22, 24, 26, 28, 30
         fallback: 16, 18, 20, 22, 24, 26, 28, 30
         combined: 16, 18, 20, 22, 24, 26, 28, 30
         core 0 type: Intel Atom
         core 1 type: Intel Atom
         core 2 type: Intel Atom
         core 3 type: Intel Atom
         core 4 type: Intel Atom
         core 5 type: Intel Atom
         core 6 type: Intel Atom
         core 7 type: Intel Atom
         max id per cpu: 64
         SMT mask: 1
         Core mask: 3e
         Package mask: ffffffc0
         set results:
           - packages: 1
           - cores: 8
           - smts: 1
         generate core map, new implementation
         0, 1, 2, 3, 4, 5, 6, 7
         packages: 1
         cores   : 8
         ht units: 1
         CPU sockets: 1 != 3
          - pinning rule in use   : PINNING_RULE_MCALC_SKIP_ALL
          - desired group         : 0
          - num cores available   : 12
          - efficiency cores      : 8, not used
          - active core list from affinity:
            + num accessible procs          : 12
            + num logical procs             : 12
            + current affinity (env)        : 0,1,2,3,4,5,6,7,8,9,10,11
            + sockets ids in                : 0
            + core list                  (1): 0,1,2,3,4,5,6,7,8,9,10,11
          - active cores          : 0,1,2,3,4,5,6,7,8,9,10,11
          - hyperthreading        : on
          - skip pinning: + allowed number of sockets = available number of sockets
                          + hyperthreading allowed by solver
         =================================================================================

1xN002:  ===================================================================================================
         Version: 2025.0 Release from 2024-08-30 (change 1315043) [Release]
         Workflow: PBA matrix coefficients
         Operation: [fpba, meshfill, bg, port-path, tst, tst-nextgen, coeff, surface-imp, connectivity-tree]
         Architecture: Windows, ID: AMD64
         System Windows-64bit
         Using processor group 0/1
         Matrix calculation information:
         # of Nodes: 20
         Concurrency: 4
         Start ID: 15
         Node ID: 2
         HEX Mesh information:
         Hex mesh: node: [hxr o(27 | 0 | 0) s(15 | 42 | 33) np (no TSTs): 20790]
         Hex mesh: extended: [hxr o(25 | 0 | 0) s(19 | 44 | 33) np (no TSTs): 27588]
         ===================================================================================================

1xN002:  -----------------------------------------------------
         Memory status on node "1xN002" for matrix calculation
         	Estimated memory consumption: 0.0604799 GB
         	Physical memory installed: 16.8062 GB
         	Available physical memory: 7.5837 GB
         	Available relative memory: 45.1243 %
         -----------------------------------------------------

1xN002:  >>>>>>>>>>>>>>>>>>>>>>>>>>>>>>>>>>>>>>>>>>>>>>>>>
         Sat Sat Aug 29 15:49:57 2026
         started: calculating matrix coefficients per node
         >>>>>>>>>>>>>>>>>>>>>>>>>>>>>>>>>>>>>>>>>>>>>>>>>

1xN002:  ============================================================
         Matrix computation (PBA)
         	[Perfect Boundary Approximation (PBA), version: default]
         	[GPU acceleration: off (by user)]
         Version: 2025.0 Release from 2024-08-30 (change 1315043)
         PBA version: default, 2.20240218
         Model compatibility: 2025.20240830
         Sub-Workflow: FARM-1xN-TST2-Node
         Workflow updated: -
         Sat Sat Aug 29 15:49:57 2026
         ============================================================

1xN002:  ---------------------------------------------
         Used point accuracy enhancement value: 0.00%.
         ---------------------------------------------

1xN002:  -------------------------------------------------
         Geometry representation: shared-attached
         Shared memory: read-only
         FARM allocation scheme: PA
         Parallelization: on, used

1xN002:  Gap-Detection activated for FARM-topology. Gaps are resolved, even partially.: gap tolerance value is 0.001000 and mesh geometry scale is 0.001000
1xN002:
1xN002:



1xN002:  ----------------------
         Acceleration mode: CPU
         ----------------------

1xN002:  Port homogenization method: M2H point index deviation
1xN002:  cccccccccccccccccccccccccccccccccccccccccccccccccccccccccccccccccccc
         FARM/Meshfill cache is set to 8 (local FI domains: 8, dynamic: true)
         cccccccccccccccccccccccccccccccccccccccccccccccccccccccccccccccccccc

1xN002:  =============================================================
         Hex cell analyzer settings:
         	max number of E fields per mesh edge: 2
         	max number of H fields per mesh face: 4
         	supporting dual grid: false
         	performance improvement: ROI limit: true
         	performance improvement: ROI threshold: 2
         	performance improvement: single topology extraction: true
         	performance improvement: pre-categorize cell volume: true
         	periodic align: 0
         	periodic cells: true
         	homogenization version: pid
         =============================================================

1xN002:  -------------------
         TST Statistics:
         E Split (0 | 0 | 0)
         E Adapt (0 | 0 | 0)
         B Split (0 | 0 | 0)
         B Adapt (0 | 0 | 0)
         -------------------

1xN002:  -------------------------------------------------------------
         TST Version 2.20240218, tst tiny faces fix: on, TST1 BWC: off
         -------------------------------------------------------------

1xN002:  ssssssssssssssssssssssssssssssssssssssssss
         # of curls with SI accuracy enhancement: 0
         ssssssssssssssssssssssssssssssssssssssssss

1xN002:  ------------------------------------------------------------------------------
         PBA fill limit is applied in inverse mode.
         PBA fill limit is applied on faces filled with at least 93.77% metal material.
         --------------------------------------------------------------
         detailed accuracy settings:
         --------------------------------------------------------------
         augmented fill limit:       true
         augmented fill limit value: 93.77
         automatic fill limit:       true
         early fill limit:           true
         inverse fill limit:         true
         model complexity:           0.00
         legacy 2015:                false
         fixed point accuracy:       false
         minimum point accuracy:     0
         mesh step inheritance:      false
         accuracy mode:
         ------------------------------------------------------------------------------

1xN002:  -------------------------------------------------------------------------------
         TST aware field source monitor processing forced by environment variable: false
         No TST aware field source monitors to be processed
         -------------------------------------------------------------------------------

1xN002:  =================================
         Finished matrix computation (PBA)
         =================================

1xN002:  <<<<<<<<<<<<<<<<<<<<<<<<<<<<<<<<<<<<<<<<<<<<<<<<<<<<<<<<<<<<
         Sat Sat Aug 29 15:50:03 2026
         Resource usage for calculating matrix coefficients per node:
         	Runtime                          00:00:06.00260 s
         	Peak Memory Estimation:                   60 MB
         	Peak Memory Usage:                        34 MB
         <<<<<<<<<<<<<<<<<<<<<<<<<<<<<<<<<<<<<<<<<<<<<<<<<<<<<<<<<<<<



1xN003:  ========================================================================
         [Boundaries] - MCalc
         mpi, open-add-space, open-add-space, mpi, open-add-space, open-add-space
         ========================================================================

1xN003:  ========================================
         [Mesh] Matrix calculation - NO ACIS mode
         [Mesh] 1xN MPI or parallelization mode
         ========================================

1xN003:  ==============================
         [Mesh] Expansion: -2 0 0 2 0 0
         ==============================

1xN003:  ==================================================
         [Mesh] world: o(0000,0000,0000) e(0071,0201,0033)
         [Mesh] l-1xN: o(0040,0000,0000) e(0071,0022,0033)
         [Mesh] e-1xN: o(0038,0000,0000) e(0071,0024,0033)
         [Mesh] g-MPI: not available
         [Mesh] bound offset: (-2 | 0 | 0)
         ==================================================

1xN003:  =================================================================================
          - hardware info
            + cpu name                    : Intel(R) Core(TM) 5 120U
            + sockets                     : 1
            + cores per socket            : 2
            + hyperthreading              : on
            + ht-units                    : 2
            + efficiency cores            : 8, not used
            + max cpuid level             : 32
            + max cpuid ext. level        : 8
            + numa nodes                  : 1
            + Numa Memory Info
              numa node     installed     available    (MByte)
                0                 0          7209
            + internal cpu info           : CPUID: selected engine is 'Leaf 0xB detection'
         performance cores:
         apic ids           : 0, 1, 8, 9
         apic ids (fallback): 0, 1, 8, 9
         from cpu registers: 0, 1, 8, 9
         fallback: 0, 1, 8, 9
         combined: 0, 1, 8, 9
         core 0 type: Intel Core
         core 1 type: Intel Core
         core 2 type: Intel Core
         core 3 type: Intel Core
         max id per cpu: 64
         SMT mask: 1
         Core mask: 3e
         Package mask: ffffffc0
         set results:
           - packages: 1
           - cores: 2
           - smts: 2
         generate core map, new implementation
         0, 1, 2, 3
         packages: 1
         cores   : 2
         ht units: 2
         efficiency cores:
         apic ids           : 16, 18, 20, 22, 24, 26, 28, 30
         apic ids (fallback): 16, 18, 20, 22, 24, 26, 28, 30
         from cpu registers: 16, 18, 20, 22, 24, 26, 28, 30
         fallback: 16, 18, 20, 22, 24, 26, 28, 30
         combined: 16, 18, 20, 22, 24, 26, 28, 30
         core 0 type: Intel Atom
         core 1 type: Intel Atom
         core 2 type: Intel Atom
         core 3 type: Intel Atom
         core 4 type: Intel Atom
         core 5 type: Intel Atom
         core 6 type: Intel Atom
         core 7 type: Intel Atom
         max id per cpu: 64
         SMT mask: 1
         Core mask: 3e
         Package mask: ffffffc0
         set results:
           - packages: 1
           - cores: 8
           - smts: 1
         generate core map, new implementation
         0, 1, 2, 3, 4, 5, 6, 7
         packages: 1
         cores   : 8
         ht units: 1
         CPU sockets: 1 != 3
          - pinning rule in use   : PINNING_RULE_MCALC_SKIP_ALL
          - desired group         : 0
          - num cores available   : 12
          - efficiency cores      : 8, not used
          - active core list from affinity:
            + num accessible procs          : 12
            + num logical procs             : 12
            + current affinity (env)        : 0,1,2,3,4,5,6,7,8,9,10,11
            + sockets ids in                : 0
            + core list                  (1): 0,1,2,3,4,5,6,7,8,9,10,11
          - active cores          : 0,1,2,3,4,5,6,7,8,9,10,11
          - hyperthreading        : on
          - skip pinning: + allowed number of sockets = available number of sockets
                          + hyperthreading allowed by solver
         =================================================================================

1xN003:  ===================================================================================================
         Version: 2025.0 Release from 2024-08-30 (change 1315043) [Release]
         Workflow: PBA matrix coefficients
         Operation: [fpba, meshfill, bg, port-path, tst, tst-nextgen, coeff, surface-imp, connectivity-tree]
         Architecture: Windows, ID: AMD64
         System Windows-64bit
         Using processor group 0/1
         Matrix calculation information:
         # of Nodes: 20
         Concurrency: 4
         Start ID: 18
         Node ID: 3
         HEX Mesh information:
         Hex mesh: node: [hxr o(40 | 0 | 0) s(31 | 22 | 33) np (no TSTs): 22506]
         Hex mesh: extended: [hxr o(38 | 0 | 0) s(33 | 24 | 33) np (no TSTs): 26136]
         ===================================================================================================

1xN003:  -----------------------------------------------------
         Memory status on node "1xN003" for matrix calculation
         	Estimated memory consumption: 0.0410044 GB
         	Physical memory installed: 16.8062 GB
         	Available physical memory: 7.59942 GB
         	Available relative memory: 45.2179 %
         -----------------------------------------------------

1xN003:  >>>>>>>>>>>>>>>>>>>>>>>>>>>>>>>>>>>>>>>>>>>>>>>>>
         Sat Sat Aug 29 15:50:04 2026
         started: calculating matrix coefficients per node
         >>>>>>>>>>>>>>>>>>>>>>>>>>>>>>>>>>>>>>>>>>>>>>>>>

1xN003:  ============================================================
         Matrix computation (PBA)
         	[Perfect Boundary Approximation (PBA), version: default]
         	[GPU acceleration: off (by user)]
         Version: 2025.0 Release from 2024-08-30 (change 1315043)
         PBA version: default, 2.20240218
         Model compatibility: 2025.20240830
         Sub-Workflow: FARM-1xN-TST2-Node
         Workflow updated: -
         Sat Sat Aug 29 15:50:04 2026
         ============================================================

1xN003:  ---------------------------------------------
         Used point accuracy enhancement value: 0.00%.
         ---------------------------------------------

1xN003:  -------------------------------------------------
         Geometry representation: shared-attached
         Shared memory: read-only
         FARM allocation scheme: PA
         Parallelization: on, used

1xN003:  Gap-Detection activated for FARM-topology. Gaps are resolved, even partially.: gap tolerance value is 0.001000 and mesh geometry scale is 0.001000
1xN003:
1xN003:



1xN003:  ----------------------
         Acceleration mode: CPU
         ----------------------

1xN003:  Port homogenization method: M2H point index deviation
1xN003:  cccccccccccccccccccccccccccccccccccccccccccccccccccccccccccccccccccc
         FARM/Meshfill cache is set to 8 (local FI domains: 2, dynamic: true)
         cccccccccccccccccccccccccccccccccccccccccccccccccccccccccccccccccccc

1xN003:  =============================================================
         Hex cell analyzer settings:
         	max number of E fields per mesh edge: 2
         	max number of H fields per mesh face: 4
         	supporting dual grid: false
         	performance improvement: ROI limit: true
         	performance improvement: ROI threshold: 2
         	performance improvement: single topology extraction: true
         	performance improvement: pre-categorize cell volume: true
         	periodic align: 0
         	periodic cells: true
         	homogenization version: pid
         =============================================================

1xN003:  -------------------
         TST Statistics:
         E Split (0 | 0 | 0)
         E Adapt (0 | 0 | 0)
         B Split (0 | 0 | 0)
         B Adapt (0 | 0 | 0)
         -------------------

1xN003:  -------------------------------------------------------------
         TST Version 2.20240218, tst tiny faces fix: on, TST1 BWC: off
         -------------------------------------------------------------

1xN003:  ssssssssssssssssssssssssssssssssssssssssss
         # of curls with SI accuracy enhancement: 0
         ssssssssssssssssssssssssssssssssssssssssss

1xN003:  ------------------------------------------------------------------------------
         PBA fill limit is applied in inverse mode.
         PBA fill limit is applied on faces filled with at least 93.77% metal material.
         --------------------------------------------------------------
         detailed accuracy settings:
         --------------------------------------------------------------
         augmented fill limit:       true
         augmented fill limit value: 93.77
         automatic fill limit:       true
         early fill limit:           true
         inverse fill limit:         true
         model complexity:           0.00
         legacy 2015:                false
         fixed point accuracy:       false
         minimum point accuracy:     0
         mesh step inheritance:      false
         accuracy mode:
         ------------------------------------------------------------------------------

1xN003:  -------------------------------------------------------------------------------
         TST aware field source monitor processing forced by environment variable: false
         No TST aware field source monitors to be processed
         -------------------------------------------------------------------------------

1xN003:  =================================
         Finished matrix computation (PBA)
         =================================

1xN003:  <<<<<<<<<<<<<<<<<<<<<<<<<<<<<<<<<<<<<<<<<<<<<<<<<<<<<<<<<<<<
         Sat Sat Aug 29 15:50:07 2026
         Resource usage for calculating matrix coefficients per node:
         	Runtime                          00:00:03.00667 s
         	Peak Memory Estimation:                   41 MB
         	Peak Memory Usage:                        23 MB
         <<<<<<<<<<<<<<<<<<<<<<<<<<<<<<<<<<<<<<<<<<<<<<<<<<<<<<<<<<<<



1xN004:  =============================================================
         [Boundaries] - MCalc
         mpi, open-add-space, mpi, mpi, open-add-space, open-add-space
         =============================================================

1xN004:  ========================================
         [Mesh] Matrix calculation - NO ACIS mode
         [Mesh] 1xN MPI or parallelization mode
         ========================================

1xN004:  ===============================
         [Mesh] Expansion: -2 0 -2 2 0 0
         ===============================

1xN004:  ==================================================
         [Mesh] world: o(0000,0000,0000) e(0071,0201,0033)
         [Mesh] l-1xN: o(0040,0020,0000) e(0071,0042,0033)
         [Mesh] e-1xN: o(0038,0018,0000) e(0071,0044,0033)
         [Mesh] g-MPI: not available
         [Mesh] bound offset: (-2 | 0 | -2)
         ==================================================

1xN004:  =================================================================================
          - hardware info
            + cpu name                    : Intel(R) Core(TM) 5 120U
            + sockets                     : 1
            + cores per socket            : 2
            + hyperthreading              : on
            + ht-units                    : 2
            + efficiency cores            : 8, not used
            + max cpuid level             : 32
            + max cpuid ext. level        : 8
            + numa nodes                  : 1
            + Numa Memory Info
              numa node     installed     available    (MByte)
                0                 0          7216
            + internal cpu info           : CPUID: selected engine is 'Leaf 0xB detection'
         performance cores:
         apic ids           : 0, 1, 8, 9
         apic ids (fallback): 0, 1, 8, 9
         from cpu registers: 0, 1, 8, 9
         fallback: 0, 1, 8, 9
         combined: 0, 1, 8, 9
         core 0 type: Intel Core
         core 1 type: Intel Core
         core 2 type: Intel Core
         core 3 type: Intel Core
         max id per cpu: 64
         SMT mask: 1
         Core mask: 3e
         Package mask: ffffffc0
         set results:
           - packages: 1
           - cores: 2
           - smts: 2
         generate core map, new implementation
         0, 1, 2, 3
         packages: 1
         cores   : 2
         ht units: 2
         efficiency cores:
         apic ids           : 16, 18, 20, 22, 24, 26, 28, 30
         apic ids (fallback): 16, 18, 20, 22, 24, 26, 28, 30
         from cpu registers: 16, 18, 20, 22, 24, 26, 28, 30
         fallback: 16, 18, 20, 22, 24, 26, 28, 30
         combined: 16, 18, 20, 22, 24, 26, 28, 30
         core 0 type: Intel Atom
         core 1 type: Intel Atom
         core 2 type: Intel Atom
         core 3 type: Intel Atom
         core 4 type: Intel Atom
         core 5 type: Intel Atom
         core 6 type: Intel Atom
         core 7 type: Intel Atom
         max id per cpu: 64
         SMT mask: 1
         Core mask: 3e
         Package mask: ffffffc0
         set results:
           - packages: 1
           - cores: 8
           - smts: 1
         generate core map, new implementation
         0, 1, 2, 3, 4, 5, 6, 7
         packages: 1
         cores   : 8
         ht units: 1
         CPU sockets: 1 != 3
          - pinning rule in use   : PINNING_RULE_MCALC_SKIP_ALL
          - desired group         : 0
          - num cores available   : 12
          - efficiency cores      : 8, not used
          - active core list from affinity:
            + num accessible procs          : 12
            + num logical procs             : 12
            + current affinity (env)        : 0,1,2,3,4,5,6,7,8,9,10,11
            + sockets ids in                : 0
            + core list                  (1): 0,1,2,3,4,5,6,7,8,9,10,11
          - active cores          : 0,1,2,3,4,5,6,7,8,9,10,11
          - hyperthreading        : on
          - skip pinning: + allowed number of sockets = available number of sockets
                          + hyperthreading allowed by solver
         =================================================================================

1xN004:  ===================================================================================================
         Version: 2025.0 Release from 2024-08-30 (change 1315043) [Release]
         Workflow: PBA matrix coefficients
         Operation: [fpba, meshfill, bg, port-path, tst, tst-nextgen, coeff, surface-imp, connectivity-tree]
         Architecture: Windows, ID: AMD64
         System Windows-64bit
         Using processor group 0/1
         Matrix calculation information:
         # of Nodes: 20
         Concurrency: 4
         Start ID: 8
         Node ID: 4
         HEX Mesh information:
         Hex mesh: node: [hxr o(40 | 20 | 0) s(31 | 22 | 33) np (no TSTs): 22506]
         Hex mesh: extended: [hxr o(38 | 18 | 0) s(33 | 26 | 33) np (no TSTs): 28314]
         ===================================================================================================

1xN004:  -----------------------------------------------------
         Memory status on node "1xN004" for matrix calculation
         	Estimated memory consumption: 0.0847609 GB
         	Physical memory installed: 16.8062 GB
         	Available physical memory: 7.58132 GB
         	Available relative memory: 45.1101 %
         -----------------------------------------------------

1xN004:  >>>>>>>>>>>>>>>>>>>>>>>>>>>>>>>>>>>>>>>>>>>>>>>>>
         Sat Sat Aug 29 15:49:46 2026
         started: calculating matrix coefficients per node
         >>>>>>>>>>>>>>>>>>>>>>>>>>>>>>>>>>>>>>>>>>>>>>>>>

1xN004:  ============================================================
         Matrix computation (PBA)
         	[Perfect Boundary Approximation (PBA), version: default]
         	[GPU acceleration: off (by user)]
         Version: 2025.0 Release from 2024-08-30 (change 1315043)
         PBA version: default, 2.20240218
         Model compatibility: 2025.20240830
         Sub-Workflow: FARM-1xN-TST2-Node
         Workflow updated: -
         Sat Sat Aug 29 15:49:46 2026
         ============================================================

1xN004:  ---------------------------------------------
         Used point accuracy enhancement value: 0.00%.
         ---------------------------------------------

1xN004:  -------------------------------------------------
         Geometry representation: shared-attached
         Shared memory: read-only
         FARM allocation scheme: PA
         Parallelization: on, used

1xN004:  Gap-Detection activated for FARM-topology. Gaps are resolved, even partially.: gap tolerance value is 0.001000 and mesh geometry scale is 0.001000
1xN004:
1xN004:



1xN004:  ----------------------
         Acceleration mode: CPU
         ----------------------

1xN004:  Port homogenization method: M2H point index deviation
1xN004:  cccccccccccccccccccccccccccccccccccccccccccccccccccccccccccccccccccc
         FARM/Meshfill cache is set to 8 (local FI domains: 4, dynamic: true)
         cccccccccccccccccccccccccccccccccccccccccccccccccccccccccccccccccccc

1xN004:  =============================================================
         Hex cell analyzer settings:
         	max number of E fields per mesh edge: 2
         	max number of H fields per mesh face: 4
         	supporting dual grid: false
         	performance improvement: ROI limit: true
         	performance improvement: ROI threshold: 2
         	performance improvement: single topology extraction: true
         	performance improvement: pre-categorize cell volume: true
         	periodic align: 0
         	periodic cells: true
         	homogenization version: pid
         =============================================================

1xN004:  -------------------
         TST Statistics:
         E Split (0 | 0 | 0)
         E Adapt (0 | 0 | 0)
         B Split (0 | 0 | 0)
         B Adapt (0 | 0 | 0)
         -------------------

1xN004:  -------------------------------------------------------------
         TST Version 2.20240218, tst tiny faces fix: on, TST1 BWC: off
         -------------------------------------------------------------

1xN004:  ssssssssssssssssssssssssssssssssssssssssss
         # of curls with SI accuracy enhancement: 0
         ssssssssssssssssssssssssssssssssssssssssss

1xN004:  ------------------------------------------------------------------------------
         PBA fill limit is applied in inverse mode.
         PBA fill limit is applied on faces filled with at least 93.77% metal material.
         --------------------------------------------------------------
         detailed accuracy settings:
         --------------------------------------------------------------
         augmented fill limit:       true
         augmented fill limit value: 93.77
         automatic fill limit:       true
         early fill limit:           true
         inverse fill limit:         true
         model complexity:           0.00
         legacy 2015:                false
         fixed point accuracy:       false
         minimum point accuracy:     0
         mesh step inheritance:      false
         accuracy mode:
         ------------------------------------------------------------------------------

1xN004:  -------------------------------------------------------------------------------
         TST aware field source monitor processing forced by environment variable: false
         No TST aware field source monitors to be processed
         -------------------------------------------------------------------------------

1xN004:  =================================
         Finished matrix computation (PBA)
         =================================

1xN004:  <<<<<<<<<<<<<<<<<<<<<<<<<<<<<<<<<<<<<<<<<<<<<<<<<<<<<<<<<<<<
         Sat Sat Aug 29 15:49:52 2026
         Resource usage for calculating matrix coefficients per node:
         	Runtime                          00:00:05.00969 s
         	Peak Memory Estimation:                   85 MB
         	Peak Memory Usage:                        33 MB
         <<<<<<<<<<<<<<<<<<<<<<<<<<<<<<<<<<<<<<<<<<<<<<<<<<<<<<<<<<<<



1xN005:  =============================================================
         [Boundaries] - MCalc
         open-add-space, mpi, mpi, mpi, open-add-space, open-add-space
         =============================================================

1xN005:  ========================================
         [Mesh] Matrix calculation - NO ACIS mode
         [Mesh] 1xN MPI or parallelization mode
         ========================================

1xN005:  ==============================
         [Mesh] Expansion: 0 2 -2 2 0 0
         ==============================

1xN005:  ==================================================
         [Mesh] world: o(0000,0000,0000) e(0071,0201,0033)
         [Mesh] l-1xN: o(0000,0040,0000) e(0029,0062,0033)
         [Mesh] e-1xN: o(0000,0038,0000) e(0031,0064,0033)
         [Mesh] g-MPI: not available
         [Mesh] bound offset: (0 | 2 | -2)
         ==================================================

1xN005:  =================================================================================
          - hardware info
            + cpu name                    : Intel(R) Core(TM) 5 120U
            + sockets                     : 1
            + cores per socket            : 2
            + hyperthreading              : on
            + ht-units                    : 2
            + efficiency cores            : 8, not used
            + max cpuid level             : 32
            + max cpuid ext. level        : 8
            + numa nodes                  : 1
            + Numa Memory Info
              numa node     installed     available    (MByte)
                0                 0          7274
            + internal cpu info           : CPUID: selected engine is 'Leaf 0xB detection'
         performance cores:
         apic ids           : 0, 1, 8, 9
         apic ids (fallback): 0, 1, 8, 9
         from cpu registers: 0, 1, 8, 9
         fallback: 0, 1, 8, 9
         combined: 0, 1, 8, 9
         core 0 type: Intel Core
         core 1 type: Intel Core
         core 2 type: Intel Core
         core 3 type: Intel Core
         max id per cpu: 64
         SMT mask: 1
         Core mask: 3e
         Package mask: ffffffc0
         set results:
           - packages: 1
           - cores: 2
           - smts: 2
         generate core map, new implementation
         0, 1, 2, 3
         packages: 1
         cores   : 2
         ht units: 2
         efficiency cores:
         apic ids           : 16, 18, 20, 22, 24, 26, 28, 30
         apic ids (fallback): 16, 18, 20, 22, 24, 26, 28, 30
         from cpu registers: 16, 18, 20, 22, 24, 26, 28, 30
         fallback: 16, 18, 20, 22, 24, 26, 28, 30
         combined: 16, 18, 20, 22, 24, 26, 28, 30
         core 0 type: Intel Atom
         core 1 type: Intel Atom
         core 2 type: Intel Atom
         core 3 type: Intel Atom
         core 4 type: Intel Atom
         core 5 type: Intel Atom
         core 6 type: Intel Atom
         core 7 type: Intel Atom
         max id per cpu: 64
         SMT mask: 1
         Core mask: 3e
         Package mask: ffffffc0
         set results:
           - packages: 1
           - cores: 8
           - smts: 1
         generate core map, new implementation
         0, 1, 2, 3, 4, 5, 6, 7
         packages: 1
         cores   : 8
         ht units: 1
         CPU sockets: 1 != 3
          - pinning rule in use   : PINNING_RULE_MCALC_SKIP_ALL
          - desired group         : 0
          - num cores available   : 12
          - efficiency cores      : 8, not used
          - active core list from affinity:
            + num accessible procs          : 12
            + num logical procs             : 12
            + current affinity (env)        : 0,1,2,3,4,5,6,7,8,9,10,11
            + sockets ids in                : 0
            + core list                  (1): 0,1,2,3,4,5,6,7,8,9,10,11
          - active cores          : 0,1,2,3,4,5,6,7,8,9,10,11
          - hyperthreading        : on
          - skip pinning: + allowed number of sockets = available number of sockets
                          + hyperthreading allowed by solver
         =================================================================================

1xN005:  ===================================================================================================
         Version: 2025.0 Release from 2024-08-30 (change 1315043) [Release]
         Workflow: PBA matrix coefficients
         Operation: [fpba, meshfill, bg, port-path, tst, tst-nextgen, coeff, surface-imp, connectivity-tree]
         Architecture: Windows, ID: AMD64
         System Windows-64bit
         Using processor group 0/1
         Matrix calculation information:
         # of Nodes: 20
         Concurrency: 4
         Start ID: 11
         Node ID: 5
         HEX Mesh information:
         Hex mesh: node: [hxr o(0 | 40 | 0) s(29 | 22 | 33) np (no TSTs): 21054]
         Hex mesh: extended: [hxr o(0 | 38 | 0) s(31 | 26 | 33) np (no TSTs): 26598]
         ===================================================================================================

1xN005:  -----------------------------------------------------
         Memory status on node "1xN005" for matrix calculation
         	Estimated memory consumption: 0.0701593 GB
         	Physical memory installed: 16.8062 GB
         	Available physical memory: 7.62694 GB
         	Available relative memory: 45.3816 %
         -----------------------------------------------------

1xN005:  >>>>>>>>>>>>>>>>>>>>>>>>>>>>>>>>>>>>>>>>>>>>>>>>>
         Sat Sat Aug 29 15:49:48 2026
         started: calculating matrix coefficients per node
         >>>>>>>>>>>>>>>>>>>>>>>>>>>>>>>>>>>>>>>>>>>>>>>>>

1xN005:  ============================================================
         Matrix computation (PBA)
         	[Perfect Boundary Approximation (PBA), version: default]
         	[GPU acceleration: off (by user)]
         Version: 2025.0 Release from 2024-08-30 (change 1315043)
         PBA version: default, 2.20240218
         Model compatibility: 2025.20240830
         Sub-Workflow: FARM-1xN-TST2-Node
         Workflow updated: -
         Sat Sat Aug 29 15:49:48 2026
         ============================================================

1xN005:  ---------------------------------------------
         Used point accuracy enhancement value: 0.00%.
         ---------------------------------------------

1xN005:  -------------------------------------------------
         Geometry representation: shared-attached
         Shared memory: read-only
         FARM allocation scheme: PA
         Parallelization: on, used

1xN005:  Gap-Detection activated for FARM-topology. Gaps are resolved, even partially.: gap tolerance value is 0.001000 and mesh geometry scale is 0.001000
1xN005:
1xN005:



1xN005:  ----------------------
         Acceleration mode: CPU
         ----------------------

1xN005:  Port homogenization method: M2H point index deviation
1xN005:  cccccccccccccccccccccccccccccccccccccccccccccccccccccccccccccccccccc
         FARM/Meshfill cache is set to 8 (local FI domains: 4, dynamic: true)
         cccccccccccccccccccccccccccccccccccccccccccccccccccccccccccccccccccc

1xN005:  =============================================================
         Hex cell analyzer settings:
         	max number of E fields per mesh edge: 2
         	max number of H fields per mesh face: 4
         	supporting dual grid: false
         	performance improvement: ROI limit: true
         	performance improvement: ROI threshold: 2
         	performance improvement: single topology extraction: true
         	performance improvement: pre-categorize cell volume: true
         	periodic align: 0
         	periodic cells: true
         	homogenization version: pid
         =============================================================

1xN005:  -------------------
         TST Statistics:
         E Split (0 | 0 | 0)
         E Adapt (0 | 0 | 0)
         B Split (0 | 0 | 0)
         B Adapt (0 | 0 | 0)
         -------------------

1xN005:  -------------------------------------------------------------
         TST Version 2.20240218, tst tiny faces fix: on, TST1 BWC: off
         -------------------------------------------------------------

1xN005:  ssssssssssssssssssssssssssssssssssssssssss
         # of curls with SI accuracy enhancement: 0
         ssssssssssssssssssssssssssssssssssssssssss

1xN005:  ------------------------------------------------------------------------------
         PBA fill limit is applied in inverse mode.
         PBA fill limit is applied on faces filled with at least 93.77% metal material.
         --------------------------------------------------------------
         detailed accuracy settings:
         --------------------------------------------------------------
         augmented fill limit:       true
         augmented fill limit value: 93.77
         automatic fill limit:       true
         early fill limit:           true
         inverse fill limit:         true
         model complexity:           0.00
         legacy 2015:                false
         fixed point accuracy:       false
         minimum point accuracy:     0
         mesh step inheritance:      false
         accuracy mode:
         ------------------------------------------------------------------------------

1xN005:  -------------------------------------------------------------------------------
         TST aware field source monitor processing forced by environment variable: false
         No TST aware field source monitors to be processed
         -------------------------------------------------------------------------------

1xN005:  =================================
         Finished matrix computation (PBA)
         =================================

1xN005:  <<<<<<<<<<<<<<<<<<<<<<<<<<<<<<<<<<<<<<<<<<<<<<<<<<<<<<<<<<<<
         Sat Sat Aug 29 15:49:53 2026
         Resource usage for calculating matrix coefficients per node:
         	Runtime                          00:00:05.00291 s
         	Peak Memory Estimation:                   70 MB
         	Peak Memory Usage:                        30 MB
         <<<<<<<<<<<<<<<<<<<<<<<<<<<<<<<<<<<<<<<<<<<<<<<<<<<<<<<<<<<<



1xN006:  =============================================================
         [Boundaries] - MCalc
         open-add-space, mpi, mpi, mpi, open-add-space, open-add-space
         =============================================================

1xN006:  ========================================
         [Mesh] Matrix calculation - NO ACIS mode
         [Mesh] 1xN MPI or parallelization mode
         ========================================

1xN006:  ==============================
         [Mesh] Expansion: 0 2 -2 2 0 0
         ==============================

1xN006:  ==================================================
         [Mesh] world: o(0000,0000,0000) e(0071,0201,0033)
         [Mesh] l-1xN: o(0000,0060,0000) e(0029,0082,0033)
         [Mesh] e-1xN: o(0000,0058,0000) e(0031,0084,0033)
         [Mesh] g-MPI: not available
         [Mesh] bound offset: (0 | 2 | -2)
         ==================================================

1xN006:  =================================================================================
          - hardware info
            + cpu name                    : Intel(R) Core(TM) 5 120U
            + sockets                     : 1
            + cores per socket            : 2
            + hyperthreading              : on
            + ht-units                    : 2
            + efficiency cores            : 8, not used
            + max cpuid level             : 32
            + max cpuid ext. level        : 8
            + numa nodes                  : 1
            + Numa Memory Info
              numa node     installed     available    (MByte)
                0                 0          7221
            + internal cpu info           : CPUID: selected engine is 'Leaf 0xB detection'
         performance cores:
         apic ids           : 0, 1, 8, 9
         apic ids (fallback): 0, 1, 8, 9
         from cpu registers: 0, 1, 8, 9
         fallback: 0, 1, 8, 9
         combined: 0, 1, 8, 9
         core 0 type: Intel Core
         core 1 type: Intel Core
         core 2 type: Intel Core
         core 3 type: Intel Core
         max id per cpu: 64
         SMT mask: 1
         Core mask: 3e
         Package mask: ffffffc0
         set results:
           - packages: 1
           - cores: 2
           - smts: 2
         generate core map, new implementation
         0, 1, 2, 3
         packages: 1
         cores   : 2
         ht units: 2
         efficiency cores:
         apic ids           : 16, 18, 20, 22, 24, 26, 28, 30
         apic ids (fallback): 16, 18, 20, 22, 24, 26, 28, 30
         from cpu registers: 16, 18, 20, 22, 24, 26, 28, 30
         fallback: 16, 18, 20, 22, 24, 26, 28, 30
         combined: 16, 18, 20, 22, 24, 26, 28, 30
         core 0 type: Intel Atom
         core 1 type: Intel Atom
         core 2 type: Intel Atom
         core 3 type: Intel Atom
         core 4 type: Intel Atom
         core 5 type: Intel Atom
         core 6 type: Intel Atom
         core 7 type: Intel Atom
         max id per cpu: 64
         SMT mask: 1
         Core mask: 3e
         Package mask: ffffffc0
         set results:
           - packages: 1
           - cores: 8
           - smts: 1
         generate core map, new implementation
         0, 1, 2, 3, 4, 5, 6, 7
         packages: 1
         cores   : 8
         ht units: 1
         CPU sockets: 1 != 3
          - pinning rule in use   : PINNING_RULE_MCALC_SKIP_ALL
          - desired group         : 0
          - num cores available   : 12
          - efficiency cores      : 8, not used
          - active core list from affinity:
            + num accessible procs          : 12
            + num logical procs             : 12
            + current affinity (env)        : 0,1,2,3,4,5,6,7,8,9,10,11
            + sockets ids in                : 0
            + core list                  (1): 0,1,2,3,4,5,6,7,8,9,10,11
          - active cores          : 0,1,2,3,4,5,6,7,8,9,10,11
          - hyperthreading        : on
          - skip pinning: + allowed number of sockets = available number of sockets
                          + hyperthreading allowed by solver
         =================================================================================

1xN006:  ===================================================================================================
         Version: 2025.0 Release from 2024-08-30 (change 1315043) [Release]
         Workflow: PBA matrix coefficients
         Operation: [fpba, meshfill, bg, port-path, tst, tst-nextgen, coeff, surface-imp, connectivity-tree]
         Architecture: Windows, ID: AMD64
         System Windows-64bit
         Using processor group 0/1
         Matrix calculation information:
         # of Nodes: 20
         Concurrency: 4
         Start ID: 9
         Node ID: 6
         HEX Mesh information:
         Hex mesh: node: [hxr o(0 | 60 | 0) s(29 | 22 | 33) np (no TSTs): 21054]
         Hex mesh: extended: [hxr o(0 | 58 | 0) s(31 | 26 | 33) np (no TSTs): 26598]
         ===================================================================================================

1xN006:  -----------------------------------------------------
         Memory status on node "1xN006" for matrix calculation
         	Estimated memory consumption: 0.0704289 GB
         	Physical memory installed: 16.8062 GB
         	Available physical memory: 7.57711 GB
         	Available relative memory: 45.0851 %
         -----------------------------------------------------

1xN006:  >>>>>>>>>>>>>>>>>>>>>>>>>>>>>>>>>>>>>>>>>>>>>>>>>
         Sat Sat Aug 29 15:49:47 2026
         started: calculating matrix coefficients per node
         >>>>>>>>>>>>>>>>>>>>>>>>>>>>>>>>>>>>>>>>>>>>>>>>>

1xN006:  ============================================================
         Matrix computation (PBA)
         	[Perfect Boundary Approximation (PBA), version: default]
         	[GPU acceleration: off (by user)]
         Version: 2025.0 Release from 2024-08-30 (change 1315043)
         PBA version: default, 2.20240218
         Model compatibility: 2025.20240830
         Sub-Workflow: FARM-1xN-TST2-Node
         Workflow updated: -
         Sat Sat Aug 29 15:49:47 2026
         ============================================================

1xN006:  ---------------------------------------------
         Used point accuracy enhancement value: 0.00%.
         ---------------------------------------------

1xN006:  -------------------------------------------------
         Geometry representation: shared-attached
         Shared memory: read-only
         FARM allocation scheme: PA
         Parallelization: on, used

1xN006:  Gap-Detection activated for FARM-topology. Gaps are resolved, even partially.: gap tolerance value is 0.001000 and mesh geometry scale is 0.001000
1xN006:
1xN006:



1xN006:  ----------------------
         Acceleration mode: CPU
         ----------------------

1xN006:  Port homogenization method: M2H point index deviation
1xN006:  cccccccccccccccccccccccccccccccccccccccccccccccccccccccccccccccccccc
         FARM/Meshfill cache is set to 8 (local FI domains: 4, dynamic: true)
         cccccccccccccccccccccccccccccccccccccccccccccccccccccccccccccccccccc

1xN006:  =============================================================
         Hex cell analyzer settings:
         	max number of E fields per mesh edge: 2
         	max number of H fields per mesh face: 4
         	supporting dual grid: false
         	performance improvement: ROI limit: true
         	performance improvement: ROI threshold: 2
         	performance improvement: single topology extraction: true
         	performance improvement: pre-categorize cell volume: true
         	periodic align: 0
         	periodic cells: true
         	homogenization version: pid
         =============================================================

1xN006:  -------------------
         TST Statistics:
         E Split (0 | 0 | 0)
         E Adapt (0 | 0 | 0)
         B Split (0 | 0 | 0)
         B Adapt (0 | 0 | 0)
         -------------------

1xN006:  -------------------------------------------------------------
         TST Version 2.20240218, tst tiny faces fix: on, TST1 BWC: off
         -------------------------------------------------------------

1xN006:  ssssssssssssssssssssssssssssssssssssssssss
         # of curls with SI accuracy enhancement: 0
         ssssssssssssssssssssssssssssssssssssssssss

1xN006:  ------------------------------------------------------------------------------
         PBA fill limit is applied in inverse mode.
         PBA fill limit is applied on faces filled with at least 93.77% metal material.
         --------------------------------------------------------------
         detailed accuracy settings:
         --------------------------------------------------------------
         augmented fill limit:       true
         augmented fill limit value: 93.77
         automatic fill limit:       true
         early fill limit:           true
         inverse fill limit:         true
         model complexity:           0.00
         legacy 2015:                false
         fixed point accuracy:       false
         minimum point accuracy:     0
         mesh step inheritance:      false
         accuracy mode:
         ------------------------------------------------------------------------------

1xN006:  -------------------------------------------------------------------------------
         TST aware field source monitor processing forced by environment variable: false
         No TST aware field source monitors to be processed
         -------------------------------------------------------------------------------

1xN006:  =================================
         Finished matrix computation (PBA)
         =================================

1xN006:  <<<<<<<<<<<<<<<<<<<<<<<<<<<<<<<<<<<<<<<<<<<<<<<<<<<<<<<<<<<<
         Sat Sat Aug 29 15:49:52 2026
         Resource usage for calculating matrix coefficients per node:
         	Runtime                          00:00:05.00428 s
         	Peak Memory Estimation:                   70 MB
         	Peak Memory Usage:                        30 MB
         <<<<<<<<<<<<<<<<<<<<<<<<<<<<<<<<<<<<<<<<<<<<<<<<<<<<<<<<<<<<



1xN007:  ==================================================
         [Boundaries] - MCalc
         mpi, mpi, mpi, mpi, open-add-space, open-add-space
         ==================================================

1xN007:  ========================================
         [Mesh] Matrix calculation - NO ACIS mode
         [Mesh] 1xN MPI or parallelization mode
         ========================================

1xN007:  ===============================
         [Mesh] Expansion: -2 2 -2 2 0 0
         ===============================

1xN007:  ==================================================
         [Mesh] world: o(0000,0000,0000) e(0071,0201,0033)
         [Mesh] l-1xN: o(0027,0040,0000) e(0042,0082,0033)
         [Mesh] e-1xN: o(0025,0038,0000) e(0044,0084,0033)
         [Mesh] g-MPI: not available
         [Mesh] bound offset: (-2 | 2 | -2)
         ==================================================

1xN007:  =================================================================================
          - hardware info
            + cpu name                    : Intel(R) Core(TM) 5 120U
            + sockets                     : 1
            + cores per socket            : 2
            + hyperthreading              : on
            + ht-units                    : 2
            + efficiency cores            : 8, not used
            + max cpuid level             : 32
            + max cpuid ext. level        : 8
            + numa nodes                  : 1
            + Numa Memory Info
              numa node     installed     available    (MByte)
                0                 0          7258
            + internal cpu info           : CPUID: selected engine is 'Leaf 0xB detection'
         performance cores:
         apic ids           : 0, 1, 8, 9
         apic ids (fallback): 0, 1, 8, 9
         from cpu registers: 0, 1, 8, 9
         fallback: 0, 1, 8, 9
         combined: 0, 1, 8, 9
         core 0 type: Intel Core
         core 1 type: Intel Core
         core 2 type: Intel Core
         core 3 type: Intel Core
         max id per cpu: 64
         SMT mask: 1
         Core mask: 3e
         Package mask: ffffffc0
         set results:
           - packages: 1
           - cores: 2
           - smts: 2
         generate core map, new implementation
         0, 1, 2, 3
         packages: 1
         cores   : 2
         ht units: 2
         efficiency cores:
         apic ids           : 16, 18, 20, 22, 24, 26, 28, 30
         apic ids (fallback): 16, 18, 20, 22, 24, 26, 28, 30
         from cpu registers: 16, 18, 20, 22, 24, 26, 28, 30
         fallback: 16, 18, 20, 22, 24, 26, 28, 30
         combined: 16, 18, 20, 22, 24, 26, 28, 30
         core 0 type: Intel Atom
         core 1 type: Intel Atom
         core 2 type: Intel Atom
         core 3 type: Intel Atom
         core 4 type: Intel Atom
         core 5 type: Intel Atom
         core 6 type: Intel Atom
         core 7 type: Intel Atom
         max id per cpu: 64
         SMT mask: 1
         Core mask: 3e
         Package mask: ffffffc0
         set results:
           - packages: 1
           - cores: 8
           - smts: 1
         generate core map, new implementation
         0, 1, 2, 3, 4, 5, 6, 7
         packages: 1
         cores   : 8
         ht units: 1
         CPU sockets: 1 != 3
          - pinning rule in use   : PINNING_RULE_MCALC_SKIP_ALL
          - desired group         : 0
          - num cores available   : 12
          - efficiency cores      : 8, not used
          - active core list from affinity:
            + num accessible procs          : 12
            + num logical procs             : 12
            + current affinity (env)        : 0,1,2,3,4,5,6,7,8,9,10,11
            + sockets ids in                : 0
            + core list                  (1): 0,1,2,3,4,5,6,7,8,9,10,11
          - active cores          : 0,1,2,3,4,5,6,7,8,9,10,11
          - hyperthreading        : on
          - skip pinning: + allowed number of sockets = available number of sockets
                          + hyperthreading allowed by solver
         =================================================================================

1xN007:  ===================================================================================================
         Version: 2025.0 Release from 2024-08-30 (change 1315043) [Release]
         Workflow: PBA matrix coefficients
         Operation: [fpba, meshfill, bg, port-path, tst, tst-nextgen, coeff, surface-imp, connectivity-tree]
         Architecture: Windows, ID: AMD64
         System Windows-64bit
         Using processor group 0/1
         Matrix calculation information:
         # of Nodes: 20
         Concurrency: 4
         Start ID: 12
         Node ID: 7
         HEX Mesh information:
         Hex mesh: node: [hxr o(27 | 40 | 0) s(15 | 42 | 33) np (no TSTs): 20790]
         Hex mesh: extended: [hxr o(25 | 38 | 0) s(19 | 46 | 33) np (no TSTs): 28842]
         ===================================================================================================

1xN007:  -----------------------------------------------------
         Memory status on node "1xN007" for matrix calculation
         	Estimated memory consumption: 0.095589 GB
         	Physical memory installed: 16.8062 GB
         	Available physical memory: 7.62669 GB
         	Available relative memory: 45.3801 %
         -----------------------------------------------------

1xN007:  >>>>>>>>>>>>>>>>>>>>>>>>>>>>>>>>>>>>>>>>>>>>>>>>>
         Sat Sat Aug 29 15:49:53 2026
         started: calculating matrix coefficients per node
         >>>>>>>>>>>>>>>>>>>>>>>>>>>>>>>>>>>>>>>>>>>>>>>>>

1xN007:  ============================================================
         Matrix computation (PBA)
         	[Perfect Boundary Approximation (PBA), version: default]
         	[GPU acceleration: off (by user)]
         Version: 2025.0 Release from 2024-08-30 (change 1315043)
         PBA version: default, 2.20240218
         Model compatibility: 2025.20240830
         Sub-Workflow: FARM-1xN-TST2-Node
         Workflow updated: -
         Sat Sat Aug 29 15:49:53 2026
         ============================================================

1xN007:  ---------------------------------------------
         Used point accuracy enhancement value: 0.00%.
         ---------------------------------------------

1xN007:  -------------------------------------------------
         Geometry representation: shared-attached
         Shared memory: read-only
         FARM allocation scheme: PA
         Parallelization: on, used

1xN007:  Gap-Detection activated for FARM-topology. Gaps are resolved, even partially.: gap tolerance value is 0.001000 and mesh geometry scale is 0.001000
1xN007:
1xN007:



1xN007:  ----------------------
         Acceleration mode: CPU
         ----------------------

1xN007:  Port homogenization method: M2H point index deviation
1xN007:  cccccccccccccccccccccccccccccccccccccccccccccccccccccccccccccccccccccc
         FARM/Meshfill cache is set to 12 (local FI domains: 12, dynamic: true)
         cccccccccccccccccccccccccccccccccccccccccccccccccccccccccccccccccccccc

1xN007:  =============================================================
         Hex cell analyzer settings:
         	max number of E fields per mesh edge: 2
         	max number of H fields per mesh face: 4
         	supporting dual grid: false
         	performance improvement: ROI limit: true
         	performance improvement: ROI threshold: 2
         	performance improvement: single topology extraction: true
         	performance improvement: pre-categorize cell volume: true
         	periodic align: 0
         	periodic cells: true
         	homogenization version: pid
         =============================================================

1xN007:  -------------------
         TST Statistics:
         E Split (0 | 0 | 0)
         E Adapt (0 | 0 | 0)
         B Split (0 | 0 | 0)
         B Adapt (0 | 0 | 0)
         -------------------

1xN007:  -------------------------------------------------------------
         TST Version 2.20240218, tst tiny faces fix: on, TST1 BWC: off
         -------------------------------------------------------------

1xN007:  ssssssssssssssssssssssssssssssssssssssssss
         # of curls with SI accuracy enhancement: 0
         ssssssssssssssssssssssssssssssssssssssssss

1xN007:  ------------------------------------------------------------------------------
         PBA fill limit is applied in inverse mode.
         PBA fill limit is applied on faces filled with at least 93.77% metal material.
         --------------------------------------------------------------
         detailed accuracy settings:
         --------------------------------------------------------------
         augmented fill limit:       true
         augmented fill limit value: 93.77
         automatic fill limit:       true
         early fill limit:           true
         inverse fill limit:         true
         model complexity:           0.00
         legacy 2015:                false
         fixed point accuracy:       false
         minimum point accuracy:     0
         mesh step inheritance:      false
         accuracy mode:
         ------------------------------------------------------------------------------

1xN007:  -------------------------------------------------------------------------------
         TST aware field source monitor processing forced by environment variable: false
         No TST aware field source monitors to be processed
         -------------------------------------------------------------------------------

1xN007:  =================================
         Finished matrix computation (PBA)
         =================================

1xN007:  <<<<<<<<<<<<<<<<<<<<<<<<<<<<<<<<<<<<<<<<<<<<<<<<<<<<<<<<<<<<
         Sat Sat Aug 29 15:50:02 2026
         Resource usage for calculating matrix coefficients per node:
         	Runtime                          00:00:09.00286 s
         	Peak Memory Estimation:                   96 MB
         	Peak Memory Usage:                        44 MB
         <<<<<<<<<<<<<<<<<<<<<<<<<<<<<<<<<<<<<<<<<<<<<<<<<<<<<<<<<<<<



1xN008:  =============================================================
         [Boundaries] - MCalc
         mpi, open-add-space, mpi, mpi, open-add-space, open-add-space
         =============================================================

1xN008:  ========================================
         [Mesh] Matrix calculation - NO ACIS mode
         [Mesh] 1xN MPI or parallelization mode
         ========================================

1xN008:  ===============================
         [Mesh] Expansion: -2 0 -2 2 0 0
         ===============================

1xN008:  ==================================================
         [Mesh] world: o(0000,0000,0000) e(0071,0201,0033)
         [Mesh] l-1xN: o(0040,0040,0000) e(0071,0062,0033)
         [Mesh] e-1xN: o(0038,0038,0000) e(0071,0064,0033)
         [Mesh] g-MPI: not available
         [Mesh] bound offset: (-2 | 0 | -2)
         ==================================================

1xN008:  =================================================================================
          - hardware info
            + cpu name                    : Intel(R) Core(TM) 5 120U
            + sockets                     : 1
            + cores per socket            : 2
            + hyperthreading              : on
            + ht-units                    : 2
            + efficiency cores            : 8, not used
            + max cpuid level             : 32
            + max cpuid ext. level        : 8
            + numa nodes                  : 1
            + Numa Memory Info
              numa node     installed     available    (MByte)
                0                 0          7354
            + internal cpu info           : CPUID: selected engine is 'Leaf 0xB detection'
         performance cores:
         apic ids           : 0, 1, 8, 9
         apic ids (fallback): 0, 1, 8, 9
         from cpu registers: 0, 1, 8, 9
         fallback: 0, 1, 8, 9
         combined: 0, 1, 8, 9
         core 0 type: Intel Core
         core 1 type: Intel Core
         core 2 type: Intel Core
         core 3 type: Intel Core
         max id per cpu: 64
         SMT mask: 1
         Core mask: 3e
         Package mask: ffffffc0
         set results:
           - packages: 1
           - cores: 2
           - smts: 2
         generate core map, new implementation
         0, 1, 2, 3
         packages: 1
         cores   : 2
         ht units: 2
         efficiency cores:
         apic ids           : 16, 18, 20, 22, 24, 26, 28, 30
         apic ids (fallback): 16, 18, 20, 22, 24, 26, 28, 30
         from cpu registers: 16, 18, 20, 22, 24, 26, 28, 30
         fallback: 16, 18, 20, 22, 24, 26, 28, 30
         combined: 16, 18, 20, 22, 24, 26, 28, 30
         core 0 type: Intel Atom
         core 1 type: Intel Atom
         core 2 type: Intel Atom
         core 3 type: Intel Atom
         core 4 type: Intel Atom
         core 5 type: Intel Atom
         core 6 type: Intel Atom
         core 7 type: Intel Atom
         max id per cpu: 64
         SMT mask: 1
         Core mask: 3e
         Package mask: ffffffc0
         set results:
           - packages: 1
           - cores: 8
           - smts: 1
         generate core map, new implementation
         0, 1, 2, 3, 4, 5, 6, 7
         packages: 1
         cores   : 8
         ht units: 1
         CPU sockets: 1 != 3
          - pinning rule in use   : PINNING_RULE_MCALC_SKIP_ALL
          - desired group         : 0
          - num cores available   : 12
          - efficiency cores      : 8, not used
          - active core list from affinity:
            + num accessible procs          : 12
            + num logical procs             : 12
            + current affinity (env)        : 0,1,2,3,4,5,6,7,8,9,10,11
            + sockets ids in                : 0
            + core list                  (1): 0,1,2,3,4,5,6,7,8,9,10,11
          - active cores          : 0,1,2,3,4,5,6,7,8,9,10,11
          - hyperthreading        : on
          - skip pinning: + allowed number of sockets = available number of sockets
                          + hyperthreading allowed by solver
         =================================================================================

1xN008:  ===================================================================================================
         Version: 2025.0 Release from 2024-08-30 (change 1315043) [Release]
         Workflow: PBA matrix coefficients
         Operation: [fpba, meshfill, bg, port-path, tst, tst-nextgen, coeff, surface-imp, connectivity-tree]
         Architecture: Windows, ID: AMD64
         System Windows-64bit
         Using processor group 0/1
         Matrix calculation information:
         # of Nodes: 20
         Concurrency: 4
         Start ID: 1
         Node ID: 8
         HEX Mesh information:
         Hex mesh: node: [hxr o(40 | 40 | 0) s(31 | 22 | 33) np (no TSTs): 22506]
         Hex mesh: extended: [hxr o(38 | 38 | 0) s(33 | 26 | 33) np (no TSTs): 28314]
         ===================================================================================================

1xN008:  -----------------------------------------------------
         Memory status on node "1xN008" for matrix calculation
         	Estimated memory consumption: 0.0772345 GB
         	Physical memory installed: 16.8062 GB
         	Available physical memory: 7.68465 GB
         	Available relative memory: 45.725 %
         -----------------------------------------------------

1xN008:  >>>>>>>>>>>>>>>>>>>>>>>>>>>>>>>>>>>>>>>>>>>>>>>>>
         Sat Sat Aug 29 15:49:32 2026
         started: calculating matrix coefficients per node
         >>>>>>>>>>>>>>>>>>>>>>>>>>>>>>>>>>>>>>>>>>>>>>>>>

1xN008:  ============================================================
         Matrix computation (PBA)
         	[Perfect Boundary Approximation (PBA), version: default]
         	[GPU acceleration: off (by user)]
         Version: 2025.0 Release from 2024-08-30 (change 1315043)
         PBA version: default, 2.20240218
         Model compatibility: 2025.20240830
         Sub-Workflow: FARM-1xN-TST2-Node
         Workflow updated: -
         Sat Sat Aug 29 15:49:32 2026
         ============================================================

1xN008:  ---------------------------------------------
         Used point accuracy enhancement value: 0.00%.
         ---------------------------------------------

1xN008:  -------------------------------------------------
         Geometry representation: shared-attached
         Shared memory: read-only
         FARM allocation scheme: PA
         Parallelization: on, used

1xN008:  Gap-Detection activated for FARM-topology. Gaps are resolved, even partially.: gap tolerance value is 0.001000 and mesh geometry scale is 0.001000
1xN008:
1xN008:



1xN008:  ----------------------
         Acceleration mode: CPU
         ----------------------

1xN008:  Port homogenization method: M2H point index deviation
1xN008:  cccccccccccccccccccccccccccccccccccccccccccccccccccccccccccccccccccc
         FARM/Meshfill cache is set to 8 (local FI domains: 4, dynamic: true)
         cccccccccccccccccccccccccccccccccccccccccccccccccccccccccccccccccccc

1xN008:  =============================================================
         Hex cell analyzer settings:
         	max number of E fields per mesh edge: 2
         	max number of H fields per mesh face: 4
         	supporting dual grid: false
         	performance improvement: ROI limit: true
         	performance improvement: ROI threshold: 2
         	performance improvement: single topology extraction: true
         	performance improvement: pre-categorize cell volume: true
         	periodic align: 0
         	periodic cells: true
         	homogenization version: pid
         =============================================================

1xN008:  -------------------
         TST Statistics:
         E Split (0 | 0 | 0)
         E Adapt (0 | 0 | 0)
         B Split (0 | 0 | 0)
         B Adapt (0 | 0 | 0)
         -------------------

1xN008:  -------------------------------------------------------------
         TST Version 2.20240218, tst tiny faces fix: on, TST1 BWC: off
         -------------------------------------------------------------

1xN008:  ssssssssssssssssssssssssssssssssssssssssss
         # of curls with SI accuracy enhancement: 0
         ssssssssssssssssssssssssssssssssssssssssss

1xN008:  ------------------------------------------------------------------------------
         PBA fill limit is applied in inverse mode.
         PBA fill limit is applied on faces filled with at least 93.77% metal material.
         --------------------------------------------------------------
         detailed accuracy settings:
         --------------------------------------------------------------
         augmented fill limit:       true
         augmented fill limit value: 93.77
         automatic fill limit:       true
         early fill limit:           true
         inverse fill limit:         true
         model complexity:           0.00
         legacy 2015:                false
         fixed point accuracy:       false
         minimum point accuracy:     0
         mesh step inheritance:      false
         accuracy mode:
         ------------------------------------------------------------------------------

1xN008:  -------------------------------------------------------------------------------
         TST aware field source monitor processing forced by environment variable: false
         No TST aware field source monitors to be processed
         -------------------------------------------------------------------------------

1xN008:  =================================
         Finished matrix computation (PBA)
         =================================

1xN008:  <<<<<<<<<<<<<<<<<<<<<<<<<<<<<<<<<<<<<<<<<<<<<<<<<<<<<<<<<<<<
         Sat Sat Aug 29 15:49:38 2026
         Resource usage for calculating matrix coefficients per node:
         	Runtime                          00:00:06.00055 s
         	Peak Memory Estimation:                   77 MB
         	Peak Memory Usage:                        37 MB
         <<<<<<<<<<<<<<<<<<<<<<<<<<<<<<<<<<<<<<<<<<<<<<<<<<<<<<<<<<<<



1xN009:  =============================================================
         [Boundaries] - MCalc
         mpi, open-add-space, mpi, mpi, open-add-space, open-add-space
         =============================================================

1xN009:  ========================================
         [Mesh] Matrix calculation - NO ACIS mode
         [Mesh] 1xN MPI or parallelization mode
         ========================================

1xN009:  ===============================
         [Mesh] Expansion: -2 0 -2 2 0 0
         ===============================

1xN009:  ==================================================
         [Mesh] world: o(0000,0000,0000) e(0071,0201,0033)
         [Mesh] l-1xN: o(0040,0060,0000) e(0071,0082,0033)
         [Mesh] e-1xN: o(0038,0058,0000) e(0071,0084,0033)
         [Mesh] g-MPI: not available
         [Mesh] bound offset: (-2 | 0 | -2)
         ==================================================

1xN009:  =================================================================================
          - hardware info
            + cpu name                    : Intel(R) Core(TM) 5 120U
            + sockets                     : 1
            + cores per socket            : 2
            + hyperthreading              : on
            + ht-units                    : 2
            + efficiency cores            : 8, not used
            + max cpuid level             : 32
            + max cpuid ext. level        : 8
            + numa nodes                  : 1
            + Numa Memory Info
              numa node     installed     available    (MByte)
                0                 0          7354
            + internal cpu info           : CPUID: selected engine is 'Leaf 0xB detection'
         performance cores:
         apic ids           : 0, 1, 8, 9
         apic ids (fallback): 0, 1, 8, 9
         from cpu registers: 0, 1, 8, 9
         fallback: 0, 1, 8, 9
         combined: 0, 1, 8, 9
         core 0 type: Intel Core
         core 1 type: Intel Core
         core 2 type: Intel Core
         core 3 type: Intel Core
         max id per cpu: 64
         SMT mask: 1
         Core mask: 3e
         Package mask: ffffffc0
         set results:
           - packages: 1
           - cores: 2
           - smts: 2
         generate core map, new implementation
         0, 1, 2, 3
         packages: 1
         cores   : 2
         ht units: 2
         efficiency cores:
         apic ids           : 16, 18, 20, 22, 24, 26, 28, 30
         apic ids (fallback): 16, 18, 20, 22, 24, 26, 28, 30
         from cpu registers: 16, 18, 20, 22, 24, 26, 28, 30
         fallback: 16, 18, 20, 22, 24, 26, 28, 30
         combined: 16, 18, 20, 22, 24, 26, 28, 30
         core 0 type: Intel Atom
         core 1 type: Intel Atom
         core 2 type: Intel Atom
         core 3 type: Intel Atom
         core 4 type: Intel Atom
         core 5 type: Intel Atom
         core 6 type: Intel Atom
         core 7 type: Intel Atom
         max id per cpu: 64
         SMT mask: 1
         Core mask: 3e
         Package mask: ffffffc0
         set results:
           - packages: 1
           - cores: 8
           - smts: 1
         generate core map, new implementation
         0, 1, 2, 3, 4, 5, 6, 7
         packages: 1
         cores   : 8
         ht units: 1
         CPU sockets: 1 != 3
          - pinning rule in use   : PINNING_RULE_MCALC_SKIP_ALL
          - desired group         : 0
          - num cores available   : 12
          - efficiency cores      : 8, not used
          - active core list from affinity:
            + num accessible procs          : 12
            + num logical procs             : 12
            + current affinity (env)        : 0,1,2,3,4,5,6,7,8,9,10,11
            + sockets ids in                : 0
            + core list                  (1): 0,1,2,3,4,5,6,7,8,9,10,11
          - active cores          : 0,1,2,3,4,5,6,7,8,9,10,11
          - hyperthreading        : on
          - skip pinning: + allowed number of sockets = available number of sockets
                          + hyperthreading allowed by solver
         =================================================================================

1xN009:  ===================================================================================================
         Version: 2025.0 Release from 2024-08-30 (change 1315043) [Release]
         Workflow: PBA matrix coefficients
         Operation: [fpba, meshfill, bg, port-path, tst, tst-nextgen, coeff, surface-imp, connectivity-tree]
         Architecture: Windows, ID: AMD64
         System Windows-64bit
         Using processor group 0/1
         Matrix calculation information:
         # of Nodes: 20
         Concurrency: 4
         Start ID: 0
         Node ID: 9
         HEX Mesh information:
         Hex mesh: node: [hxr o(40 | 60 | 0) s(31 | 22 | 33) np (no TSTs): 22506]
         Hex mesh: extended: [hxr o(38 | 58 | 0) s(33 | 26 | 33) np (no TSTs): 28314]
         ===================================================================================================

1xN009:  -----------------------------------------------------
         Memory status on node "1xN009" for matrix calculation
         	Estimated memory consumption: 0.0775317 GB
         	Physical memory installed: 16.8062 GB
         	Available physical memory: 7.68716 GB
         	Available relative memory: 45.7399 %
         -----------------------------------------------------

1xN009:  >>>>>>>>>>>>>>>>>>>>>>>>>>>>>>>>>>>>>>>>>>>>>>>>>
         Sat Sat Aug 29 15:49:32 2026
         started: calculating matrix coefficients per node
         >>>>>>>>>>>>>>>>>>>>>>>>>>>>>>>>>>>>>>>>>>>>>>>>>

1xN009:  ============================================================
         Matrix computation (PBA)
         	[Perfect Boundary Approximation (PBA), version: default]
         	[GPU acceleration: off (by user)]
         Version: 2025.0 Release from 2024-08-30 (change 1315043)
         PBA version: default, 2.20240218
         Model compatibility: 2025.20240830
         Sub-Workflow: FARM-1xN-TST2-Node
         Workflow updated: -
         Sat Sat Aug 29 15:49:32 2026
         ============================================================

1xN009:  ---------------------------------------------
         Used point accuracy enhancement value: 0.00%.
         ---------------------------------------------

1xN009:  -------------------------------------------------
         Geometry representation: shared-attached
         Shared memory: read-only
         FARM allocation scheme: PA
         Parallelization: on, used

1xN009:  Gap-Detection activated for FARM-topology. Gaps are resolved, even partially.: gap tolerance value is 0.001000 and mesh geometry scale is 0.001000
1xN009:
1xN009:



1xN009:  ----------------------
         Acceleration mode: CPU
         ----------------------

1xN009:  Port homogenization method: M2H point index deviation
1xN009:  cccccccccccccccccccccccccccccccccccccccccccccccccccccccccccccccccccc
         FARM/Meshfill cache is set to 8 (local FI domains: 4, dynamic: true)
         cccccccccccccccccccccccccccccccccccccccccccccccccccccccccccccccccccc

1xN009:  =============================================================
         Hex cell analyzer settings:
         	max number of E fields per mesh edge: 2
         	max number of H fields per mesh face: 4
         	supporting dual grid: false
         	performance improvement: ROI limit: true
         	performance improvement: ROI threshold: 2
         	performance improvement: single topology extraction: true
         	performance improvement: pre-categorize cell volume: true
         	periodic align: 0
         	periodic cells: true
         	homogenization version: pid
         =============================================================

1xN009:  -------------------
         TST Statistics:
         E Split (0 | 0 | 0)
         E Adapt (0 | 0 | 0)
         B Split (0 | 0 | 0)
         B Adapt (0 | 0 | 0)
         -------------------

1xN009:  -------------------------------------------------------------
         TST Version 2.20240218, tst tiny faces fix: on, TST1 BWC: off
         -------------------------------------------------------------

1xN009:  ssssssssssssssssssssssssssssssssssssssssss
         # of curls with SI accuracy enhancement: 0
         ssssssssssssssssssssssssssssssssssssssssss

1xN009:  ------------------------------------------------------------------------------
         PBA fill limit is applied in inverse mode.
         PBA fill limit is applied on faces filled with at least 93.77% metal material.
         --------------------------------------------------------------
         detailed accuracy settings:
         --------------------------------------------------------------
         augmented fill limit:       true
         augmented fill limit value: 93.77
         automatic fill limit:       true
         early fill limit:           true
         inverse fill limit:         true
         model complexity:           0.00
         legacy 2015:                false
         fixed point accuracy:       false
         minimum point accuracy:     0
         mesh step inheritance:      false
         accuracy mode:
         ------------------------------------------------------------------------------

1xN009:  -------------------------------------------------------------------------------
         TST aware field source monitor processing forced by environment variable: false
         No TST aware field source monitors to be processed
         -------------------------------------------------------------------------------

1xN009:  =================================
         Finished matrix computation (PBA)
         =================================

1xN009:  <<<<<<<<<<<<<<<<<<<<<<<<<<<<<<<<<<<<<<<<<<<<<<<<<<<<<<<<<<<<
         Sat Sat Aug 29 15:49:38 2026
         Resource usage for calculating matrix coefficients per node:
         	Runtime                          00:00:05.00882 s
         	Peak Memory Estimation:                   78 MB
         	Peak Memory Usage:                        37 MB
         <<<<<<<<<<<<<<<<<<<<<<<<<<<<<<<<<<<<<<<<<<<<<<<<<<<<<<<<<<<<



1xN010:  =============================================================
         [Boundaries] - MCalc
         open-add-space, mpi, mpi, mpi, open-add-space, open-add-space
         =============================================================

1xN010:  ========================================
         [Mesh] Matrix calculation - NO ACIS mode
         [Mesh] 1xN MPI or parallelization mode
         ========================================

1xN010:  ==============================
         [Mesh] Expansion: 0 2 -2 2 0 0
         ==============================

1xN010:  ==================================================
         [Mesh] world: o(0000,0000,0000) e(0071,0201,0033)
         [Mesh] l-1xN: o(0000,0080,0000) e(0029,0111,0033)
         [Mesh] e-1xN: o(0000,0078,0000) e(0031,0113,0033)
         [Mesh] g-MPI: not available
         [Mesh] bound offset: (0 | 2 | -2)
         ==================================================

1xN010:  =================================================================================
          - hardware info
            + cpu name                    : Intel(R) Core(TM) 5 120U
            + sockets                     : 1
            + cores per socket            : 2
            + hyperthreading              : on
            + ht-units                    : 2
            + efficiency cores            : 8, not used
            + max cpuid level             : 32
            + max cpuid ext. level        : 8
            + numa nodes                  : 1
            + Numa Memory Info
              numa node     installed     available    (MByte)
                0                 0          7246
            + internal cpu info           : CPUID: selected engine is 'Leaf 0xB detection'
         performance cores:
         apic ids           : 0, 1, 8, 9
         apic ids (fallback): 0, 1, 8, 9
         from cpu registers: 0, 1, 8, 9
         fallback: 0, 1, 8, 9
         combined: 0, 1, 8, 9
         core 0 type: Intel Core
         core 1 type: Intel Core
         core 2 type: Intel Core
         core 3 type: Intel Core
         max id per cpu: 64
         SMT mask: 1
         Core mask: 3e
         Package mask: ffffffc0
         set results:
           - packages: 1
           - cores: 2
           - smts: 2
         generate core map, new implementation
         0, 1, 2, 3
         packages: 1
         cores   : 2
         ht units: 2
         efficiency cores:
         apic ids           : 16, 18, 20, 22, 24, 26, 28, 30
         apic ids (fallback): 16, 18, 20, 22, 24, 26, 28, 30
         from cpu registers: 16, 18, 20, 22, 24, 26, 28, 30
         fallback: 16, 18, 20, 22, 24, 26, 28, 30
         combined: 16, 18, 20, 22, 24, 26, 28, 30
         core 0 type: Intel Atom
         core 1 type: Intel Atom
         core 2 type: Intel Atom
         core 3 type: Intel Atom
         core 4 type: Intel Atom
         core 5 type: Intel Atom
         core 6 type: Intel Atom
         core 7 type: Intel Atom
         max id per cpu: 64
         SMT mask: 1
         Core mask: 3e
         Package mask: ffffffc0
         set results:
           - packages: 1
           - cores: 8
           - smts: 1
         generate core map, new implementation
         0, 1, 2, 3, 4, 5, 6, 7
         packages: 1
         cores   : 8
         ht units: 1
         CPU sockets: 1 != 3
          - pinning rule in use   : PINNING_RULE_MCALC_SKIP_ALL
          - desired group         : 0
          - num cores available   : 12
          - efficiency cores      : 8, not used
          - active core list from affinity:
            + num accessible procs          : 12
            + num logical procs             : 12
            + current affinity (env)        : 0,1,2,3,4,5,6,7,8,9,10,11
            + sockets ids in                : 0
            + core list                  (1): 0,1,2,3,4,5,6,7,8,9,10,11
          - active cores          : 0,1,2,3,4,5,6,7,8,9,10,11
          - hyperthreading        : on
          - skip pinning: + allowed number of sockets = available number of sockets
                          + hyperthreading allowed by solver
         =================================================================================

1xN010:  ===================================================================================================
         Version: 2025.0 Release from 2024-08-30 (change 1315043) [Release]
         Workflow: PBA matrix coefficients
         Operation: [fpba, meshfill, bg, port-path, tst, tst-nextgen, coeff, surface-imp, connectivity-tree]
         Architecture: Windows, ID: AMD64
         System Windows-64bit
         Using processor group 0/1
         Matrix calculation information:
         # of Nodes: 20
         Concurrency: 4
         Start ID: 5
         Node ID: 10
         HEX Mesh information:
         Hex mesh: node: [hxr o(0 | 80 | 0) s(29 | 31 | 33) np (no TSTs): 29667]
         Hex mesh: extended: [hxr o(0 | 78 | 0) s(31 | 35 | 33) np (no TSTs): 35805]
         ===================================================================================================

1xN010:  -----------------------------------------------------
         Memory status on node "1xN010" for matrix calculation
         	Estimated memory consumption: 0.07626 GB
         	Physical memory installed: 16.8062 GB
         	Available physical memory: 7.56728 GB
         	Available relative memory: 45.0266 %
         -----------------------------------------------------

1xN010:  >>>>>>>>>>>>>>>>>>>>>>>>>>>>>>>>>>>>>>>>>>>>>>>>>
         Sat Sat Aug 29 15:49:38 2026
         started: calculating matrix coefficients per node
         >>>>>>>>>>>>>>>>>>>>>>>>>>>>>>>>>>>>>>>>>>>>>>>>>

1xN010:  ============================================================
         Matrix computation (PBA)
         	[Perfect Boundary Approximation (PBA), version: default]
         	[GPU acceleration: off (by user)]
         Version: 2025.0 Release from 2024-08-30 (change 1315043)
         PBA version: default, 2.20240218
         Model compatibility: 2025.20240830
         Sub-Workflow: FARM-1xN-TST2-Node
         Workflow updated: -
         Sat Sat Aug 29 15:49:38 2026
         ============================================================

1xN010:  ---------------------------------------------
         Used point accuracy enhancement value: 0.00%.
         ---------------------------------------------

1xN010:  -------------------------------------------------
         Geometry representation: shared-attached
         Shared memory: read-only
         FARM allocation scheme: PA
         Parallelization: on, used

1xN010:  Gap-Detection activated for FARM-topology. Gaps are resolved, even partially.: gap tolerance value is 0.001000 and mesh geometry scale is 0.001000
1xN010:
1xN010:



1xN010:  ----------------------
         Acceleration mode: CPU
         ----------------------

1xN010:  Port homogenization method: M2H point index deviation
1xN010:  cccccccccccccccccccccccccccccccccccccccccccccccccccccccccccccccccccc
         FARM/Meshfill cache is set to 8 (local FI domains: 4, dynamic: true)
         cccccccccccccccccccccccccccccccccccccccccccccccccccccccccccccccccccc

1xN010:  =============================================================
         Hex cell analyzer settings:
         	max number of E fields per mesh edge: 2
         	max number of H fields per mesh face: 4
         	supporting dual grid: false
         	performance improvement: ROI limit: true
         	performance improvement: ROI threshold: 2
         	performance improvement: single topology extraction: true
         	performance improvement: pre-categorize cell volume: true
         	periodic align: 0
         	periodic cells: true
         	homogenization version: pid
         =============================================================

1xN010:  -------------------
         TST Statistics:
         E Split (0 | 0 | 0)
         E Adapt (0 | 0 | 0)
         B Split (0 | 0 | 0)
         B Adapt (0 | 0 | 0)
         -------------------

1xN010:  -------------------------------------------------------------
         TST Version 2.20240218, tst tiny faces fix: on, TST1 BWC: off
         -------------------------------------------------------------

1xN010:  ssssssssssssssssssssssssssssssssssssssssss
         # of curls with SI accuracy enhancement: 0
         ssssssssssssssssssssssssssssssssssssssssss

1xN010:  ------------------------------------------------------------------------------
         PBA fill limit is applied in inverse mode.
         PBA fill limit is applied on faces filled with at least 93.77% metal material.
         --------------------------------------------------------------
         detailed accuracy settings:
         --------------------------------------------------------------
         augmented fill limit:       true
         augmented fill limit value: 93.77
         automatic fill limit:       true
         early fill limit:           true
         inverse fill limit:         true
         model complexity:           0.00
         legacy 2015:                false
         fixed point accuracy:       false
         minimum point accuracy:     0
         mesh step inheritance:      false
         accuracy mode:
         ------------------------------------------------------------------------------

1xN010:  -------------------------------------------------------------------------------
         TST aware field source monitor processing forced by environment variable: false
         No TST aware field source monitors to be processed
         -------------------------------------------------------------------------------

1xN010:  =================================
         Finished matrix computation (PBA)
         =================================

1xN010:  <<<<<<<<<<<<<<<<<<<<<<<<<<<<<<<<<<<<<<<<<<<<<<<<<<<<<<<<<<<<
         Sat Sat Aug 29 15:49:46 2026
         Resource usage for calculating matrix coefficients per node:
         	Runtime                          00:00:07.00179 s
         	Peak Memory Estimation:                   76 MB
         	Peak Memory Usage:                        36 MB
         <<<<<<<<<<<<<<<<<<<<<<<<<<<<<<<<<<<<<<<<<<<<<<<<<<<<<<<<<<<<



1xN011:  =============================================================
         [Boundaries] - MCalc
         open-add-space, mpi, mpi, mpi, open-add-space, open-add-space
         =============================================================

1xN011:  ========================================
         [Mesh] Matrix calculation - NO ACIS mode
         [Mesh] 1xN MPI or parallelization mode
         ========================================

1xN011:  ==============================
         [Mesh] Expansion: 0 2 -2 2 0 0
         ==============================

1xN011:  ==================================================
         [Mesh] world: o(0000,0000,0000) e(0071,0201,0033)
         [Mesh] l-1xN: o(0000,0109,0000) e(0029,0141,0033)
         [Mesh] e-1xN: o(0000,0107,0000) e(0031,0143,0033)
         [Mesh] g-MPI: not available
         [Mesh] bound offset: (0 | 2 | -2)
         ==================================================

1xN011:  =================================================================================
          - hardware info
            + cpu name                    : Intel(R) Core(TM) 5 120U
            + sockets                     : 1
            + cores per socket            : 2
            + hyperthreading              : on
            + ht-units                    : 2
            + efficiency cores            : 8, not used
            + max cpuid level             : 32
            + max cpuid ext. level        : 8
            + numa nodes                  : 1
            + Numa Memory Info
              numa node     installed     available    (MByte)
                0                 0          7136
            + internal cpu info           : CPUID: selected engine is 'Leaf 0xB detection'
         performance cores:
         apic ids           : 0, 1, 8, 9
         apic ids (fallback): 0, 1, 8, 9
         from cpu registers: 0, 1, 8, 9
         fallback: 0, 1, 8, 9
         combined: 0, 1, 8, 9
         core 0 type: Intel Core
         core 1 type: Intel Core
         core 2 type: Intel Core
         core 3 type: Intel Core
         max id per cpu: 64
         SMT mask: 1
         Core mask: 3e
         Package mask: ffffffc0
         set results:
           - packages: 1
           - cores: 2
           - smts: 2
         generate core map, new implementation
         0, 1, 2, 3
         packages: 1
         cores   : 2
         ht units: 2
         efficiency cores:
         apic ids           : 16, 18, 20, 22, 24, 26, 28, 30
         apic ids (fallback): 16, 18, 20, 22, 24, 26, 28, 30
         from cpu registers: 16, 18, 20, 22, 24, 26, 28, 30
         fallback: 16, 18, 20, 22, 24, 26, 28, 30
         combined: 16, 18, 20, 22, 24, 26, 28, 30
         core 0 type: Intel Atom
         core 1 type: Intel Atom
         core 2 type: Intel Atom
         core 3 type: Intel Atom
         core 4 type: Intel Atom
         core 5 type: Intel Atom
         core 6 type: Intel Atom
         core 7 type: Intel Atom
         max id per cpu: 64
         SMT mask: 1
         Core mask: 3e
         Package mask: ffffffc0
         set results:
           - packages: 1
           - cores: 8
           - smts: 1
         generate core map, new implementation
         0, 1, 2, 3, 4, 5, 6, 7
         packages: 1
         cores   : 8
         ht units: 1
         CPU sockets: 1 != 3
          - pinning rule in use   : PINNING_RULE_MCALC_SKIP_ALL
          - desired group         : 0
          - num cores available   : 12
          - efficiency cores      : 8, not used
          - active core list from affinity:
            + num accessible procs          : 12
            + num logical procs             : 12
            + current affinity (env)        : 0,1,2,3,4,5,6,7,8,9,10,11
            + sockets ids in                : 0
            + core list                  (1): 0,1,2,3,4,5,6,7,8,9,10,11
          - active cores          : 0,1,2,3,4,5,6,7,8,9,10,11
          - hyperthreading        : on
          - skip pinning: + allowed number of sockets = available number of sockets
                          + hyperthreading allowed by solver
         =================================================================================

1xN011:  ===================================================================================================
         Version: 2025.0 Release from 2024-08-30 (change 1315043) [Release]
         Workflow: PBA matrix coefficients
         Operation: [fpba, meshfill, bg, port-path, tst, tst-nextgen, coeff, surface-imp, connectivity-tree]
         Architecture: Windows, ID: AMD64
         System Windows-64bit
         Using processor group 0/1
         Matrix calculation information:
         # of Nodes: 20
         Concurrency: 4
         Start ID: 7
         Node ID: 11
         HEX Mesh information:
         Hex mesh: node: [hxr o(0 | 109 | 0) s(29 | 32 | 33) np (no TSTs): 30624]
         Hex mesh: extended: [hxr o(0 | 107 | 0) s(31 | 36 | 33) np (no TSTs): 36828]
         ===================================================================================================

1xN011:  -----------------------------------------------------
         Memory status on node "1xN011" for matrix calculation
         	Estimated memory consumption: 0.0762237 GB
         	Physical memory installed: 16.8062 GB
         	Available physical memory: 7.60995 GB
         	Available relative memory: 45.2805 %
         -----------------------------------------------------

1xN011:  >>>>>>>>>>>>>>>>>>>>>>>>>>>>>>>>>>>>>>>>>>>>>>>>>
         Sat Sat Aug 29 15:49:40 2026
         started: calculating matrix coefficients per node
         >>>>>>>>>>>>>>>>>>>>>>>>>>>>>>>>>>>>>>>>>>>>>>>>>

1xN011:  ============================================================
         Matrix computation (PBA)
         	[Perfect Boundary Approximation (PBA), version: default]
         	[GPU acceleration: off (by user)]
         Version: 2025.0 Release from 2024-08-30 (change 1315043)
         PBA version: default, 2.20240218
         Model compatibility: 2025.20240830
         Sub-Workflow: FARM-1xN-TST2-Node
         Workflow updated: -
         Sat Sat Aug 29 15:49:40 2026
         ============================================================

1xN011:  ---------------------------------------------
         Used point accuracy enhancement value: 0.00%.
         ---------------------------------------------

1xN011:  -------------------------------------------------
         Geometry representation: shared-attached
         Shared memory: read-only
         FARM allocation scheme: PA
         Parallelization: on, used

1xN011:  Gap-Detection activated for FARM-topology. Gaps are resolved, even partially.: gap tolerance value is 0.001000 and mesh geometry scale is 0.001000
1xN011:
1xN011:



1xN011:  ----------------------
         Acceleration mode: CPU
         ----------------------

1xN011:  Port homogenization method: M2H point index deviation
1xN011:  cccccccccccccccccccccccccccccccccccccccccccccccccccccccccccccccccccc
         FARM/Meshfill cache is set to 8 (local FI domains: 4, dynamic: true)
         cccccccccccccccccccccccccccccccccccccccccccccccccccccccccccccccccccc

1xN011:  =============================================================
         Hex cell analyzer settings:
         	max number of E fields per mesh edge: 2
         	max number of H fields per mesh face: 4
         	supporting dual grid: false
         	performance improvement: ROI limit: true
         	performance improvement: ROI threshold: 2
         	performance improvement: single topology extraction: true
         	performance improvement: pre-categorize cell volume: true
         	periodic align: 0
         	periodic cells: true
         	homogenization version: pid
         =============================================================

1xN011:  -------------------
         TST Statistics:
         E Split (0 | 0 | 0)
         E Adapt (0 | 0 | 0)
         B Split (0 | 0 | 0)
         B Adapt (0 | 0 | 0)
         -------------------

1xN011:  -------------------------------------------------------------
         TST Version 2.20240218, tst tiny faces fix: on, TST1 BWC: off
         -------------------------------------------------------------

1xN011:  ssssssssssssssssssssssssssssssssssssssssss
         # of curls with SI accuracy enhancement: 0
         ssssssssssssssssssssssssssssssssssssssssss

1xN011:  ------------------------------------------------------------------------------
         PBA fill limit is applied in inverse mode.
         PBA fill limit is applied on faces filled with at least 93.77% metal material.
         --------------------------------------------------------------
         detailed accuracy settings:
         --------------------------------------------------------------
         augmented fill limit:       true
         augmented fill limit value: 93.77
         automatic fill limit:       true
         early fill limit:           true
         inverse fill limit:         true
         model complexity:           0.00
         legacy 2015:                false
         fixed point accuracy:       false
         minimum point accuracy:     0
         mesh step inheritance:      false
         accuracy mode:
         ------------------------------------------------------------------------------

1xN011:  -------------------------------------------------------------------------------
         TST aware field source monitor processing forced by environment variable: false
         No TST aware field source monitors to be processed
         -------------------------------------------------------------------------------

1xN011:  =================================
         Finished matrix computation (PBA)
         =================================

1xN011:  <<<<<<<<<<<<<<<<<<<<<<<<<<<<<<<<<<<<<<<<<<<<<<<<<<<<<<<<<<<<
         Sat Sat Aug 29 15:49:47 2026
         Resource usage for calculating matrix coefficients per node:
         	Runtime                          00:00:07.00399 s
         	Peak Memory Estimation:                   76 MB
         	Peak Memory Usage:                        37 MB
         <<<<<<<<<<<<<<<<<<<<<<<<<<<<<<<<<<<<<<<<<<<<<<<<<<<<<<<<<<<<



1xN012:  ==================================================
         [Boundaries] - MCalc
         mpi, mpi, mpi, mpi, open-add-space, open-add-space
         ==================================================

1xN012:  ========================================
         [Mesh] Matrix calculation - NO ACIS mode
         [Mesh] 1xN MPI or parallelization mode
         ========================================

1xN012:  ===============================
         [Mesh] Expansion: -2 2 -2 2 0 0
         ===============================

1xN012:  ==================================================
         [Mesh] world: o(0000,0000,0000) e(0071,0201,0033)
         [Mesh] l-1xN: o(0027,0080,0000) e(0050,0122,0033)
         [Mesh] e-1xN: o(0025,0078,0000) e(0052,0124,0033)
         [Mesh] g-MPI: not available
         [Mesh] bound offset: (-2 | 2 | -2)
         ==================================================

1xN012:  =================================================================================
          - hardware info
            + cpu name                    : Intel(R) Core(TM) 5 120U
            + sockets                     : 1
            + cores per socket            : 2
            + hyperthreading              : on
            + ht-units                    : 2
            + efficiency cores            : 8, not used
            + max cpuid level             : 32
            + max cpuid ext. level        : 8
            + numa nodes                  : 1
            + Numa Memory Info
              numa node     installed     available    (MByte)
                0                 0          7248
            + internal cpu info           : CPUID: selected engine is 'Leaf 0xB detection'
         performance cores:
         apic ids           : 0, 1, 8, 9
         apic ids (fallback): 0, 1, 8, 9
         from cpu registers: 0, 1, 8, 9
         fallback: 0, 1, 8, 9
         combined: 0, 1, 8, 9
         core 0 type: Intel Core
         core 1 type: Intel Core
         core 2 type: Intel Core
         core 3 type: Intel Core
         max id per cpu: 64
         SMT mask: 1
         Core mask: 3e
         Package mask: ffffffc0
         set results:
           - packages: 1
           - cores: 2
           - smts: 2
         generate core map, new implementation
         0, 1, 2, 3
         packages: 1
         cores   : 2
         ht units: 2
         efficiency cores:
         apic ids           : 16, 18, 20, 22, 24, 26, 28, 30
         apic ids (fallback): 16, 18, 20, 22, 24, 26, 28, 30
         from cpu registers: 16, 18, 20, 22, 24, 26, 28, 30
         fallback: 16, 18, 20, 22, 24, 26, 28, 30
         combined: 16, 18, 20, 22, 24, 26, 28, 30
         core 0 type: Intel Atom
         core 1 type: Intel Atom
         core 2 type: Intel Atom
         core 3 type: Intel Atom
         core 4 type: Intel Atom
         core 5 type: Intel Atom
         core 6 type: Intel Atom
         core 7 type: Intel Atom
         max id per cpu: 64
         SMT mask: 1
         Core mask: 3e
         Package mask: ffffffc0
         set results:
           - packages: 1
           - cores: 8
           - smts: 1
         generate core map, new implementation
         0, 1, 2, 3, 4, 5, 6, 7
         packages: 1
         cores   : 8
         ht units: 1
         CPU sockets: 1 != 3
          - pinning rule in use   : PINNING_RULE_MCALC_SKIP_ALL
          - desired group         : 0
          - num cores available   : 12
          - efficiency cores      : 8, not used
          - active core list from affinity:
            + num accessible procs          : 12
            + num logical procs             : 12
            + current affinity (env)        : 0,1,2,3,4,5,6,7,8,9,10,11
            + sockets ids in                : 0
            + core list                  (1): 0,1,2,3,4,5,6,7,8,9,10,11
          - active cores          : 0,1,2,3,4,5,6,7,8,9,10,11
          - hyperthreading        : on
          - skip pinning: + allowed number of sockets = available number of sockets
                          + hyperthreading allowed by solver
         =================================================================================

1xN012:  ===================================================================================================
         Version: 2025.0 Release from 2024-08-30 (change 1315043) [Release]
         Workflow: PBA matrix coefficients
         Operation: [fpba, meshfill, bg, port-path, tst, tst-nextgen, coeff, surface-imp, connectivity-tree]
         Architecture: Windows, ID: AMD64
         System Windows-64bit
         Using processor group 0/1
         Matrix calculation information:
         # of Nodes: 20
         Concurrency: 4
         Start ID: 14
         Node ID: 12
         HEX Mesh information:
         Hex mesh: node: [hxr o(27 | 80 | 0) s(23 | 42 | 33) np (no TSTs): 31878]
         Hex mesh: extended: [hxr o(25 | 78 | 0) s(27 | 46 | 33) np (no TSTs): 40986]
         ===================================================================================================

1xN012:  -----------------------------------------------------
         Memory status on node "1xN012" for matrix calculation
         	Estimated memory consumption: 0.104794 GB
         	Physical memory installed: 16.8062 GB
         	Available physical memory: 7.58391 GB
         	Available relative memory: 45.1256 %
         -----------------------------------------------------

1xN012:  >>>>>>>>>>>>>>>>>>>>>>>>>>>>>>>>>>>>>>>>>>>>>>>>>
         Sat Sat Aug 29 15:49:54 2026
         started: calculating matrix coefficients per node
         >>>>>>>>>>>>>>>>>>>>>>>>>>>>>>>>>>>>>>>>>>>>>>>>>

1xN012:  ============================================================
         Matrix computation (PBA)
         	[Perfect Boundary Approximation (PBA), version: default]
         	[GPU acceleration: off (by user)]
         Version: 2025.0 Release from 2024-08-30 (change 1315043)
         PBA version: default, 2.20240218
         Model compatibility: 2025.20240830
         Sub-Workflow: FARM-1xN-TST2-Node
         Workflow updated: -
         Sat Sat Aug 29 15:49:54 2026
         ============================================================

1xN012:  ---------------------------------------------
         Used point accuracy enhancement value: 0.00%.
         ---------------------------------------------

1xN012:  -------------------------------------------------
         Geometry representation: shared-attached
         Shared memory: read-only
         FARM allocation scheme: PA
         Parallelization: on, used

1xN012:  Gap-Detection activated for FARM-topology. Gaps are resolved, even partially.: gap tolerance value is 0.001000 and mesh geometry scale is 0.001000
1xN012:
1xN012:



1xN012:  ----------------------
         Acceleration mode: CPU
         ----------------------

1xN012:  Port homogenization method: M2H point index deviation
1xN012:  cccccccccccccccccccccccccccccccccccccccccccccccccccccccccccccccccccccc
         FARM/Meshfill cache is set to 12 (local FI domains: 12, dynamic: true)
         cccccccccccccccccccccccccccccccccccccccccccccccccccccccccccccccccccccc

1xN012:  =============================================================
         Hex cell analyzer settings:
         	max number of E fields per mesh edge: 2
         	max number of H fields per mesh face: 4
         	supporting dual grid: false
         	performance improvement: ROI limit: true
         	performance improvement: ROI threshold: 2
         	performance improvement: single topology extraction: true
         	performance improvement: pre-categorize cell volume: true
         	periodic align: 0
         	periodic cells: true
         	homogenization version: pid
         =============================================================

1xN012:  -------------------
         TST Statistics:
         E Split (0 | 0 | 0)
         E Adapt (0 | 0 | 0)
         B Split (0 | 0 | 0)
         B Adapt (0 | 0 | 0)
         -------------------

1xN012:  -------------------------------------------------------------
         TST Version 2.20240218, tst tiny faces fix: on, TST1 BWC: off
         -------------------------------------------------------------

1xN012:  ssssssssssssssssssssssssssssssssssssssssss
         # of curls with SI accuracy enhancement: 0
         ssssssssssssssssssssssssssssssssssssssssss

1xN012:  ------------------------------------------------------------------------------
         PBA fill limit is applied in inverse mode.
         PBA fill limit is applied on faces filled with at least 93.77% metal material.
         --------------------------------------------------------------
         detailed accuracy settings:
         --------------------------------------------------------------
         augmented fill limit:       true
         augmented fill limit value: 93.77
         automatic fill limit:       true
         early fill limit:           true
         inverse fill limit:         true
         model complexity:           0.00
         legacy 2015:                false
         fixed point accuracy:       false
         minimum point accuracy:     0
         mesh step inheritance:      false
         accuracy mode:
         ------------------------------------------------------------------------------

1xN012:  -------------------------------------------------------------------------------
         TST aware field source monitor processing forced by environment variable: false
         No TST aware field source monitors to be processed
         -------------------------------------------------------------------------------

1xN012:  =================================
         Finished matrix computation (PBA)
         =================================

1xN012:  <<<<<<<<<<<<<<<<<<<<<<<<<<<<<<<<<<<<<<<<<<<<<<<<<<<<<<<<<<<<
         Sat Sat Aug 29 15:50:07 2026
         Resource usage for calculating matrix coefficients per node:
         	Runtime                          00:00:12.00876 s
         	Peak Memory Estimation:                  105 MB
         	Peak Memory Usage:                        61 MB
         <<<<<<<<<<<<<<<<<<<<<<<<<<<<<<<<<<<<<<<<<<<<<<<<<<<<<<<<<<<<



1xN013:  =============================================================
         [Boundaries] - MCalc
         mpi, open-add-space, mpi, mpi, open-add-space, open-add-space
         =============================================================

1xN013:  ========================================
         [Mesh] Matrix calculation - NO ACIS mode
         [Mesh] 1xN MPI or parallelization mode
         ========================================

1xN013:  ===============================
         [Mesh] Expansion: -2 0 -2 2 0 0
         ===============================

1xN013:  ==================================================
         [Mesh] world: o(0000,0000,0000) e(0071,0201,0033)
         [Mesh] l-1xN: o(0048,0080,0000) e(0071,0122,0033)
         [Mesh] e-1xN: o(0046,0078,0000) e(0071,0124,0033)
         [Mesh] g-MPI: not available
         [Mesh] bound offset: (-2 | 0 | -2)
         ==================================================

1xN013:  =================================================================================
          - hardware info
            + cpu name                    : Intel(R) Core(TM) 5 120U
            + sockets                     : 1
            + cores per socket            : 2
            + hyperthreading              : on
            + ht-units                    : 2
            + efficiency cores            : 8, not used
            + max cpuid level             : 32
            + max cpuid ext. level        : 8
            + numa nodes                  : 1
            + Numa Memory Info
              numa node     installed     available    (MByte)
                0                 0          7353
            + internal cpu info           : CPUID: selected engine is 'Leaf 0xB detection'
         performance cores:
         apic ids           : 0, 1, 8, 9
         apic ids (fallback): 0, 1, 8, 9
         from cpu registers: 0, 1, 8, 9
         fallback: 0, 1, 8, 9
         combined: 0, 1, 8, 9
         core 0 type: Intel Core
         core 1 type: Intel Core
         core 2 type: Intel Core
         core 3 type: Intel Core
         max id per cpu: 64
         SMT mask: 1
         Core mask: 3e
         Package mask: ffffffc0
         set results:
           - packages: 1
           - cores: 2
           - smts: 2
         generate core map, new implementation
         0, 1, 2, 3
         packages: 1
         cores   : 2
         ht units: 2
         efficiency cores:
         apic ids           : 16, 18, 20, 22, 24, 26, 28, 30
         apic ids (fallback): 16, 18, 20, 22, 24, 26, 28, 30
         from cpu registers: 16, 18, 20, 22, 24, 26, 28, 30
         fallback: 16, 18, 20, 22, 24, 26, 28, 30
         combined: 16, 18, 20, 22, 24, 26, 28, 30
         core 0 type: Intel Atom
         core 1 type: Intel Atom
         core 2 type: Intel Atom
         core 3 type: Intel Atom
         core 4 type: Intel Atom
         core 5 type: Intel Atom
         core 6 type: Intel Atom
         core 7 type: Intel Atom
         max id per cpu: 64
         SMT mask: 1
         Core mask: 3e
         Package mask: ffffffc0
         set results:
           - packages: 1
           - cores: 8
           - smts: 1
         generate core map, new implementation
         0, 1, 2, 3, 4, 5, 6, 7
         packages: 1
         cores   : 8
         ht units: 1
         CPU sockets: 1 != 3
          - pinning rule in use   : PINNING_RULE_MCALC_SKIP_ALL
          - desired group         : 0
          - num cores available   : 12
          - efficiency cores      : 8, not used
          - active core list from affinity:
            + num accessible procs          : 12
            + num logical procs             : 12
            + current affinity (env)        : 0,1,2,3,4,5,6,7,8,9,10,11
            + sockets ids in                : 0
            + core list                  (1): 0,1,2,3,4,5,6,7,8,9,10,11
          - active cores          : 0,1,2,3,4,5,6,7,8,9,10,11
          - hyperthreading        : on
          - skip pinning: + allowed number of sockets = available number of sockets
                          + hyperthreading allowed by solver
         =================================================================================

1xN013:  ===================================================================================================
         Version: 2025.0 Release from 2024-08-30 (change 1315043) [Release]
         Workflow: PBA matrix coefficients
         Operation: [fpba, meshfill, bg, port-path, tst, tst-nextgen, coeff, surface-imp, connectivity-tree]
         Architecture: Windows, ID: AMD64
         System Windows-64bit
         Using processor group 0/1
         Matrix calculation information:
         # of Nodes: 20
         Concurrency: 4
         Start ID: 2
         Node ID: 13
         HEX Mesh information:
         Hex mesh: node: [hxr o(48 | 80 | 0) s(23 | 42 | 33) np (no TSTs): 31878]
         Hex mesh: extended: [hxr o(46 | 78 | 0) s(25 | 46 | 33) np (no TSTs): 37950]
         ===================================================================================================

1xN013:  -----------------------------------------------------
         Memory status on node "1xN013" for matrix calculation
         	Estimated memory consumption: 0.0793056 GB
         	Physical memory installed: 16.8062 GB
         	Available physical memory: 7.68465 GB
         	Available relative memory: 45.725 %
         -----------------------------------------------------

1xN013:  >>>>>>>>>>>>>>>>>>>>>>>>>>>>>>>>>>>>>>>>>>>>>>>>>
         Sat Sat Aug 29 15:49:32 2026
         started: calculating matrix coefficients per node
         >>>>>>>>>>>>>>>>>>>>>>>>>>>>>>>>>>>>>>>>>>>>>>>>>

1xN013:  ============================================================
         Matrix computation (PBA)
         	[Perfect Boundary Approximation (PBA), version: default]
         	[GPU acceleration: off (by user)]
         Version: 2025.0 Release from 2024-08-30 (change 1315043)
         PBA version: default, 2.20240218
         Model compatibility: 2025.20240830
         Sub-Workflow: FARM-1xN-TST2-Node
         Workflow updated: -
         Sat Sat Aug 29 15:49:32 2026
         ============================================================

1xN013:  ---------------------------------------------
         Used point accuracy enhancement value: 0.00%.
         ---------------------------------------------

1xN013:  -------------------------------------------------
         Geometry representation: shared-attached
         Shared memory: read-only
         FARM allocation scheme: PA
         Parallelization: on, used

1xN013:  Gap-Detection activated for FARM-topology. Gaps are resolved, even partially.: gap tolerance value is 0.001000 and mesh geometry scale is 0.001000
1xN013:
1xN013:



1xN013:  ----------------------
         Acceleration mode: CPU
         ----------------------

1xN013:  Port homogenization method: M2H point index deviation
1xN013:  cccccccccccccccccccccccccccccccccccccccccccccccccccccccccccccccccccc
         FARM/Meshfill cache is set to 8 (local FI domains: 6, dynamic: true)
         cccccccccccccccccccccccccccccccccccccccccccccccccccccccccccccccccccc

1xN013:  =============================================================
         Hex cell analyzer settings:
         	max number of E fields per mesh edge: 2
         	max number of H fields per mesh face: 4
         	supporting dual grid: false
         	performance improvement: ROI limit: true
         	performance improvement: ROI threshold: 2
         	performance improvement: single topology extraction: true
         	performance improvement: pre-categorize cell volume: true
         	periodic align: 0
         	periodic cells: true
         	homogenization version: pid
         =============================================================

1xN013:  -------------------
         TST Statistics:
         E Split (0 | 0 | 0)
         E Adapt (0 | 0 | 0)
         B Split (0 | 0 | 0)
         B Adapt (0 | 0 | 0)
         -------------------

1xN013:  -------------------------------------------------------------
         TST Version 2.20240218, tst tiny faces fix: on, TST1 BWC: off
         -------------------------------------------------------------

1xN013:  ssssssssssssssssssssssssssssssssssssssssss
         # of curls with SI accuracy enhancement: 0
         ssssssssssssssssssssssssssssssssssssssssss

1xN013:  ------------------------------------------------------------------------------
         PBA fill limit is applied in inverse mode.
         PBA fill limit is applied on faces filled with at least 93.77% metal material.
         --------------------------------------------------------------
         detailed accuracy settings:
         --------------------------------------------------------------
         augmented fill limit:       true
         augmented fill limit value: 93.77
         automatic fill limit:       true
         early fill limit:           true
         inverse fill limit:         true
         model complexity:           0.00
         legacy 2015:                false
         fixed point accuracy:       false
         minimum point accuracy:     0
         mesh step inheritance:      false
         accuracy mode:
         ------------------------------------------------------------------------------

1xN013:  --------------------------------------
         Glued 0 metal grid points in port area
         --------------------------------------

1xN013:  -------------------------------------------------------------------------------
         TST aware field source monitor processing forced by environment variable: false
         No TST aware field source monitors to be processed
         -------------------------------------------------------------------------------

1xN013:  =================================
         Finished matrix computation (PBA)
         =================================

1xN013:  <<<<<<<<<<<<<<<<<<<<<<<<<<<<<<<<<<<<<<<<<<<<<<<<<<<<<<<<<<<<
         Sat Sat Aug 29 15:49:39 2026
         Resource usage for calculating matrix coefficients per node:
         	Runtime                          00:00:07.00583 s
         	Peak Memory Estimation:                   79 MB
         	Peak Memory Usage:                        61 MB
         <<<<<<<<<<<<<<<<<<<<<<<<<<<<<<<<<<<<<<<<<<<<<<<<<<<<<<<<<<<<



1xN014:  =============================================================
         [Boundaries] - MCalc
         mpi, open-add-space, mpi, mpi, open-add-space, open-add-space
         =============================================================

1xN014:  ========================================
         [Mesh] Matrix calculation - NO ACIS mode
         [Mesh] 1xN MPI or parallelization mode
         ========================================

1xN014:  ===============================
         [Mesh] Expansion: -2 0 -2 2 0 0
         ===============================

1xN014:  ==================================================
         [Mesh] world: o(0000,0000,0000) e(0071,0201,0033)
         [Mesh] l-1xN: o(0027,0120,0000) e(0071,0141,0033)
         [Mesh] e-1xN: o(0025,0118,0000) e(0071,0143,0033)
         [Mesh] g-MPI: not available
         [Mesh] bound offset: (-2 | 0 | -2)
         ==================================================

1xN014:  =================================================================================
          - hardware info
            + cpu name                    : Intel(R) Core(TM) 5 120U
            + sockets                     : 1
            + cores per socket            : 2
            + hyperthreading              : on
            + ht-units                    : 2
            + efficiency cores            : 8, not used
            + max cpuid level             : 32
            + max cpuid ext. level        : 8
            + numa nodes                  : 1
            + Numa Memory Info
              numa node     installed     available    (MByte)
                0                 0          7187
            + internal cpu info           : CPUID: selected engine is 'Leaf 0xB detection'
         performance cores:
         apic ids           : 0, 1, 8, 9
         apic ids (fallback): 0, 1, 8, 9
         from cpu registers: 0, 1, 8, 9
         fallback: 0, 1, 8, 9
         combined: 0, 1, 8, 9
         core 0 type: Intel Core
         core 1 type: Intel Core
         core 2 type: Intel Core
         core 3 type: Intel Core
         max id per cpu: 64
         SMT mask: 1
         Core mask: 3e
         Package mask: ffffffc0
         set results:
           - packages: 1
           - cores: 2
           - smts: 2
         generate core map, new implementation
         0, 1, 2, 3
         packages: 1
         cores   : 2
         ht units: 2
         efficiency cores:
         apic ids           : 16, 18, 20, 22, 24, 26, 28, 30
         apic ids (fallback): 16, 18, 20, 22, 24, 26, 28, 30
         from cpu registers: 16, 18, 20, 22, 24, 26, 28, 30
         fallback: 16, 18, 20, 22, 24, 26, 28, 30
         combined: 16, 18, 20, 22, 24, 26, 28, 30
         core 0 type: Intel Atom
         core 1 type: Intel Atom
         core 2 type: Intel Atom
         core 3 type: Intel Atom
         core 4 type: Intel Atom
         core 5 type: Intel Atom
         core 6 type: Intel Atom
         core 7 type: Intel Atom
         max id per cpu: 64
         SMT mask: 1
         Core mask: 3e
         Package mask: ffffffc0
         set results:
           - packages: 1
           - cores: 8
           - smts: 1
         generate core map, new implementation
         0, 1, 2, 3, 4, 5, 6, 7
         packages: 1
         cores   : 8
         ht units: 1
         CPU sockets: 1 != 3
          - pinning rule in use   : PINNING_RULE_MCALC_SKIP_ALL
          - desired group         : 0
          - num cores available   : 12
          - efficiency cores      : 8, not used
          - active core list from affinity:
            + num accessible procs          : 12
            + num logical procs             : 12
            + current affinity (env)        : 0,1,2,3,4,5,6,7,8,9,10,11
            + sockets ids in                : 0
            + core list                  (1): 0,1,2,3,4,5,6,7,8,9,10,11
          - active cores          : 0,1,2,3,4,5,6,7,8,9,10,11
          - hyperthreading        : on
          - skip pinning: + allowed number of sockets = available number of sockets
                          + hyperthreading allowed by solver
         =================================================================================

1xN014:  ===================================================================================================
         Version: 2025.0 Release from 2024-08-30 (change 1315043) [Release]
         Workflow: PBA matrix coefficients
         Operation: [fpba, meshfill, bg, port-path, tst, tst-nextgen, coeff, surface-imp, connectivity-tree]
         Architecture: Windows, ID: AMD64
         System Windows-64bit
         Using processor group 0/1
         Matrix calculation information:
         # of Nodes: 20
         Concurrency: 4
         Start ID: 10
         Node ID: 14
         HEX Mesh information:
         Hex mesh: node: [hxr o(27 | 120 | 0) s(44 | 21 | 33) np (no TSTs): 30492]
         Hex mesh: extended: [hxr o(25 | 118 | 0) s(46 | 25 | 33) np (no TSTs): 37950]
         ===================================================================================================

1xN014:  -----------------------------------------------------
         Memory status on node "1xN014" for matrix calculation
         	Estimated memory consumption: 0.087752 GB
         	Physical memory installed: 16.8062 GB
         	Available physical memory: 7.58943 GB
         	Available relative memory: 45.1584 %
         -----------------------------------------------------

1xN014:  >>>>>>>>>>>>>>>>>>>>>>>>>>>>>>>>>>>>>>>>>>>>>>>>>
         Sat Sat Aug 29 15:49:47 2026
         started: calculating matrix coefficients per node
         >>>>>>>>>>>>>>>>>>>>>>>>>>>>>>>>>>>>>>>>>>>>>>>>>

1xN014:  ============================================================
         Matrix computation (PBA)
         	[Perfect Boundary Approximation (PBA), version: default]
         	[GPU acceleration: off (by user)]
         Version: 2025.0 Release from 2024-08-30 (change 1315043)
         PBA version: default, 2.20240218
         Model compatibility: 2025.20240830
         Sub-Workflow: FARM-1xN-TST2-Node
         Workflow updated: -
         Sat Sat Aug 29 15:49:47 2026
         ============================================================

1xN014:  ---------------------------------------------
         Used point accuracy enhancement value: 0.00%.
         ---------------------------------------------

1xN014:  -------------------------------------------------
         Geometry representation: shared-attached
         Shared memory: read-only
         FARM allocation scheme: PA
         Parallelization: on, used

1xN014:  Gap-Detection activated for FARM-topology. Gaps are resolved, even partially.: gap tolerance value is 0.001000 and mesh geometry scale is 0.001000
1xN014:
1xN014:



1xN014:  ----------------------
         Acceleration mode: CPU
         ----------------------

1xN014:  Port homogenization method: M2H point index deviation
1xN014:  cccccccccccccccccccccccccccccccccccccccccccccccccccccccccccccccccccc
         FARM/Meshfill cache is set to 8 (local FI domains: 8, dynamic: true)
         cccccccccccccccccccccccccccccccccccccccccccccccccccccccccccccccccccc

1xN014:  =============================================================
         Hex cell analyzer settings:
         	max number of E fields per mesh edge: 2
         	max number of H fields per mesh face: 4
         	supporting dual grid: false
         	performance improvement: ROI limit: true
         	performance improvement: ROI threshold: 2
         	performance improvement: single topology extraction: true
         	performance improvement: pre-categorize cell volume: true
         	periodic align: 0
         	periodic cells: true
         	homogenization version: pid
         =============================================================

1xN014:  -------------------
         TST Statistics:
         E Split (0 | 0 | 0)
         E Adapt (0 | 0 | 0)
         B Split (0 | 0 | 0)
         B Adapt (0 | 0 | 0)
         -------------------

1xN014:  -------------------------------------------------------------
         TST Version 2.20240218, tst tiny faces fix: on, TST1 BWC: off
         -------------------------------------------------------------

1xN014:  ssssssssssssssssssssssssssssssssssssssssss
         # of curls with SI accuracy enhancement: 0
         ssssssssssssssssssssssssssssssssssssssssss

1xN014:  ------------------------------------------------------------------------------
         PBA fill limit is applied in inverse mode.
         PBA fill limit is applied on faces filled with at least 93.77% metal material.
         --------------------------------------------------------------
         detailed accuracy settings:
         --------------------------------------------------------------
         augmented fill limit:       true
         augmented fill limit value: 93.77
         automatic fill limit:       true
         early fill limit:           true
         inverse fill limit:         true
         model complexity:           0.00
         legacy 2015:                false
         fixed point accuracy:       false
         minimum point accuracy:     0
         mesh step inheritance:      false
         accuracy mode:
         ------------------------------------------------------------------------------

1xN014:  -------------------------------------------------------------------------------
         TST aware field source monitor processing forced by environment variable: false
         No TST aware field source monitors to be processed
         -------------------------------------------------------------------------------

1xN014:  =================================
         Finished matrix computation (PBA)
         =================================

1xN014:  <<<<<<<<<<<<<<<<<<<<<<<<<<<<<<<<<<<<<<<<<<<<<<<<<<<<<<<<<<<<
         Sat Sat Aug 29 15:49:56 2026
         Resource usage for calculating matrix coefficients per node:
         	Runtime                          00:00:09.00106 s
         	Peak Memory Estimation:                   88 MB
         	Peak Memory Usage:                        45 MB
         <<<<<<<<<<<<<<<<<<<<<<<<<<<<<<<<<<<<<<<<<<<<<<<<<<<<<<<<<<<<



1xN015:  =============================================================
         [Boundaries] - MCalc
         open-add-space, mpi, mpi, mpi, open-add-space, open-add-space
         =============================================================

1xN015:  ========================================
         [Mesh] Matrix calculation - NO ACIS mode
         [Mesh] 1xN MPI or parallelization mode
         ========================================

1xN015:  ==============================
         [Mesh] Expansion: 0 2 -2 2 0 0
         ==============================

1xN015:  ==================================================
         [Mesh] world: o(0000,0000,0000) e(0071,0201,0033)
         [Mesh] l-1xN: o(0000,0139,0000) e(0044,0160,0033)
         [Mesh] e-1xN: o(0000,0137,0000) e(0046,0162,0033)
         [Mesh] g-MPI: not available
         [Mesh] bound offset: (0 | 2 | -2)
         ==================================================

1xN015:  =================================================================================
          - hardware info
            + cpu name                    : Intel(R) Core(TM) 5 120U
            + sockets                     : 1
            + cores per socket            : 2
            + hyperthreading              : on
            + ht-units                    : 2
            + efficiency cores            : 8, not used
            + max cpuid level             : 32
            + max cpuid ext. level        : 8
            + numa nodes                  : 1
            + Numa Memory Info
              numa node     installed     available    (MByte)
                0                 0          7203
            + internal cpu info           : CPUID: selected engine is 'Leaf 0xB detection'
         performance cores:
         apic ids           : 0, 1, 8, 9
         apic ids (fallback): 0, 1, 8, 9
         from cpu registers: 0, 1, 8, 9
         fallback: 0, 1, 8, 9
         combined: 0, 1, 8, 9
         core 0 type: Intel Core
         core 1 type: Intel Core
         core 2 type: Intel Core
         core 3 type: Intel Core
         max id per cpu: 64
         SMT mask: 1
         Core mask: 3e
         Package mask: ffffffc0
         set results:
           - packages: 1
           - cores: 2
           - smts: 2
         generate core map, new implementation
         0, 1, 2, 3
         packages: 1
         cores   : 2
         ht units: 2
         efficiency cores:
         apic ids           : 16, 18, 20, 22, 24, 26, 28, 30
         apic ids (fallback): 16, 18, 20, 22, 24, 26, 28, 30
         from cpu registers: 16, 18, 20, 22, 24, 26, 28, 30
         fallback: 16, 18, 20, 22, 24, 26, 28, 30
         combined: 16, 18, 20, 22, 24, 26, 28, 30
         core 0 type: Intel Atom
         core 1 type: Intel Atom
         core 2 type: Intel Atom
         core 3 type: Intel Atom
         core 4 type: Intel Atom
         core 5 type: Intel Atom
         core 6 type: Intel Atom
         core 7 type: Intel Atom
         max id per cpu: 64
         SMT mask: 1
         Core mask: 3e
         Package mask: ffffffc0
         set results:
           - packages: 1
           - cores: 8
           - smts: 1
         generate core map, new implementation
         0, 1, 2, 3, 4, 5, 6, 7
         packages: 1
         cores   : 8
         ht units: 1
         CPU sockets: 1 != 3
          - pinning rule in use   : PINNING_RULE_MCALC_SKIP_ALL
          - desired group         : 0
          - num cores available   : 12
          - efficiency cores      : 8, not used
          - active core list from affinity:
            + num accessible procs          : 12
            + num logical procs             : 12
            + current affinity (env)        : 0,1,2,3,4,5,6,7,8,9,10,11
            + sockets ids in                : 0
            + core list                  (1): 0,1,2,3,4,5,6,7,8,9,10,11
          - active cores          : 0,1,2,3,4,5,6,7,8,9,10,11
          - hyperthreading        : on
          - skip pinning: + allowed number of sockets = available number of sockets
                          + hyperthreading allowed by solver
         =================================================================================

1xN015:  ===================================================================================================
         Version: 2025.0 Release from 2024-08-30 (change 1315043) [Release]
         Workflow: PBA matrix coefficients
         Operation: [fpba, meshfill, bg, port-path, tst, tst-nextgen, coeff, surface-imp, connectivity-tree]
         Architecture: Windows, ID: AMD64
         System Windows-64bit
         Using processor group 0/1
         Matrix calculation information:
         # of Nodes: 20
         Concurrency: 4
         Start ID: 4
         Node ID: 15
         HEX Mesh information:
         Hex mesh: node: [hxr o(0 | 139 | 0) s(44 | 21 | 33) np (no TSTs): 30492]
         Hex mesh: extended: [hxr o(0 | 137 | 0) s(46 | 25 | 33) np (no TSTs): 37950]
         ===================================================================================================

1xN015:  -----------------------------------------------------
         Memory status on node "1xN015" for matrix calculation
         	Estimated memory consumption: 0.0829198 GB
         	Physical memory installed: 16.8062 GB
         	Available physical memory: 7.59576 GB
         	Available relative memory: 45.1961 %
         -----------------------------------------------------

1xN015:  >>>>>>>>>>>>>>>>>>>>>>>>>>>>>>>>>>>>>>>>>>>>>>>>>
         Sat Sat Aug 29 15:49:38 2026
         started: calculating matrix coefficients per node
         >>>>>>>>>>>>>>>>>>>>>>>>>>>>>>>>>>>>>>>>>>>>>>>>>

1xN015:  ============================================================
         Matrix computation (PBA)
         	[Perfect Boundary Approximation (PBA), version: default]
         	[GPU acceleration: off (by user)]
         Version: 2025.0 Release from 2024-08-30 (change 1315043)
         PBA version: default, 2.20240218
         Model compatibility: 2025.20240830
         Sub-Workflow: FARM-1xN-TST2-Node
         Workflow updated: -
         Sat Sat Aug 29 15:49:38 2026
         ============================================================

1xN015:  ---------------------------------------------
         Used point accuracy enhancement value: 0.00%.
         ---------------------------------------------

1xN015:  -------------------------------------------------
         Geometry representation: shared-attached
         Shared memory: read-only
         FARM allocation scheme: PA
         Parallelization: on, used

1xN015:  Gap-Detection activated for FARM-topology. Gaps are resolved, even partially.: gap tolerance value is 0.001000 and mesh geometry scale is 0.001000
1xN015:
1xN015:



1xN015:  ----------------------
         Acceleration mode: CPU
         ----------------------

1xN015:  Port homogenization method: M2H point index deviation
1xN015:  cccccccccccccccccccccccccccccccccccccccccccccccccccccccccccccccccccc
         FARM/Meshfill cache is set to 8 (local FI domains: 8, dynamic: true)
         cccccccccccccccccccccccccccccccccccccccccccccccccccccccccccccccccccc

1xN015:  =============================================================
         Hex cell analyzer settings:
         	max number of E fields per mesh edge: 2
         	max number of H fields per mesh face: 4
         	supporting dual grid: false
         	performance improvement: ROI limit: true
         	performance improvement: ROI threshold: 2
         	performance improvement: single topology extraction: true
         	performance improvement: pre-categorize cell volume: true
         	periodic align: 0
         	periodic cells: true
         	homogenization version: pid
         =============================================================

1xN015:  -------------------
         TST Statistics:
         E Split (0 | 0 | 0)
         E Adapt (0 | 0 | 0)
         B Split (0 | 0 | 0)
         B Adapt (0 | 0 | 0)
         -------------------

1xN015:  -------------------------------------------------------------
         TST Version 2.20240218, tst tiny faces fix: on, TST1 BWC: off
         -------------------------------------------------------------

1xN015:  ssssssssssssssssssssssssssssssssssssssssss
         # of curls with SI accuracy enhancement: 0
         ssssssssssssssssssssssssssssssssssssssssss

1xN015:  ------------------------------------------------------------------------------
         PBA fill limit is applied in inverse mode.
         PBA fill limit is applied on faces filled with at least 93.77% metal material.
         --------------------------------------------------------------
         detailed accuracy settings:
         --------------------------------------------------------------
         augmented fill limit:       true
         augmented fill limit value: 93.77
         automatic fill limit:       true
         early fill limit:           true
         inverse fill limit:         true
         model complexity:           0.00
         legacy 2015:                false
         fixed point accuracy:       false
         minimum point accuracy:     0
         mesh step inheritance:      false
         accuracy mode:
         ------------------------------------------------------------------------------

1xN015:  -------------------------------------------------------------------------------
         TST aware field source monitor processing forced by environment variable: false
         No TST aware field source monitors to be processed
         -------------------------------------------------------------------------------

1xN015:  =================================
         Finished matrix computation (PBA)
         =================================

1xN015:  <<<<<<<<<<<<<<<<<<<<<<<<<<<<<<<<<<<<<<<<<<<<<<<<<<<<<<<<<<<<
         Sat Sat Aug 29 15:49:47 2026
         Resource usage for calculating matrix coefficients per node:
         	Runtime                          00:00:08.00827 s
         	Peak Memory Estimation:                   83 MB
         	Peak Memory Usage:                        45 MB
         <<<<<<<<<<<<<<<<<<<<<<<<<<<<<<<<<<<<<<<<<<<<<<<<<<<<<<<<<<<<



1xN016:  ========================================================================
         [Boundaries] - MCalc
         open-add-space, mpi, mpi, open-add-space, open-add-space, open-add-space
         ========================================================================

1xN016:  ========================================
         [Mesh] Matrix calculation - NO ACIS mode
         [Mesh] 1xN MPI or parallelization mode
         ========================================

1xN016:  ==============================
         [Mesh] Expansion: 0 2 -2 0 0 0
         ==============================

1xN016:  ==================================================
         [Mesh] world: o(0000,0000,0000) e(0071,0201,0033)
         [Mesh] l-1xN: o(0000,0158,0000) e(0023,0201,0033)
         [Mesh] e-1xN: o(0000,0156,0000) e(0025,0201,0033)
         [Mesh] g-MPI: not available
         [Mesh] bound offset: (0 | 2 | -2)
         ==================================================

1xN016:  =================================================================================
          - hardware info
            + cpu name                    : Intel(R) Core(TM) 5 120U
            + sockets                     : 1
            + cores per socket            : 2
            + hyperthreading              : on
            + ht-units                    : 2
            + efficiency cores            : 8, not used
            + max cpuid level             : 32
            + max cpuid ext. level        : 8
            + numa nodes                  : 1
            + Numa Memory Info
              numa node     installed     available    (MByte)
                0                 0          7221
            + internal cpu info           : CPUID: selected engine is 'Leaf 0xB detection'
         performance cores:
         apic ids           : 0, 1, 8, 9
         apic ids (fallback): 0, 1, 8, 9
         from cpu registers: 0, 1, 8, 9
         fallback: 0, 1, 8, 9
         combined: 0, 1, 8, 9
         core 0 type: Intel Core
         core 1 type: Intel Core
         core 2 type: Intel Core
         core 3 type: Intel Core
         max id per cpu: 64
         SMT mask: 1
         Core mask: 3e
         Package mask: ffffffc0
         set results:
           - packages: 1
           - cores: 2
           - smts: 2
         generate core map, new implementation
         0, 1, 2, 3
         packages: 1
         cores   : 2
         ht units: 2
         efficiency cores:
         apic ids           : 16, 18, 20, 22, 24, 26, 28, 30
         apic ids (fallback): 16, 18, 20, 22, 24, 26, 28, 30
         from cpu registers: 16, 18, 20, 22, 24, 26, 28, 30
         fallback: 16, 18, 20, 22, 24, 26, 28, 30
         combined: 16, 18, 20, 22, 24, 26, 28, 30
         core 0 type: Intel Atom
         core 1 type: Intel Atom
         core 2 type: Intel Atom
         core 3 type: Intel Atom
         core 4 type: Intel Atom
         core 5 type: Intel Atom
         core 6 type: Intel Atom
         core 7 type: Intel Atom
         max id per cpu: 64
         SMT mask: 1
         Core mask: 3e
         Package mask: ffffffc0
         set results:
           - packages: 1
           - cores: 8
           - smts: 1
         generate core map, new implementation
         0, 1, 2, 3, 4, 5, 6, 7
         packages: 1
         cores   : 8
         ht units: 1
         CPU sockets: 1 != 3
          - pinning rule in use   : PINNING_RULE_MCALC_SKIP_ALL
          - desired group         : 0
          - num cores available   : 12
          - efficiency cores      : 8, not used
          - active core list from affinity:
            + num accessible procs          : 12
            + num logical procs             : 12
            + current affinity (env)        : 0,1,2,3,4,5,6,7,8,9,10,11
            + sockets ids in                : 0
            + core list                  (1): 0,1,2,3,4,5,6,7,8,9,10,11
          - active cores          : 0,1,2,3,4,5,6,7,8,9,10,11
          - hyperthreading        : on
          - skip pinning: + allowed number of sockets = available number of sockets
                          + hyperthreading allowed by solver
         =================================================================================

1xN016:  ===================================================================================================
         Version: 2025.0 Release from 2024-08-30 (change 1315043) [Release]
         Workflow: PBA matrix coefficients
         Operation: [fpba, meshfill, bg, port-path, tst, tst-nextgen, coeff, surface-imp, connectivity-tree]
         Architecture: Windows, ID: AMD64
         System Windows-64bit
         Using processor group 0/1
         Matrix calculation information:
         # of Nodes: 20
         Concurrency: 4
         Start ID: 16
         Node ID: 16
         HEX Mesh information:
         Hex mesh: node: [hxr o(0 | 158 | 0) s(23 | 43 | 33) np (no TSTs): 32637]
         Hex mesh: extended: [hxr o(0 | 156 | 0) s(25 | 45 | 33) np (no TSTs): 37125]
         ===================================================================================================

1xN016:  -----------------------------------------------------
         Memory status on node "1xN016" for matrix calculation
         	Estimated memory consumption: 0.0493043 GB
         	Physical memory installed: 16.8062 GB
         	Available physical memory: 7.59895 GB
         	Available relative memory: 45.2151 %
         -----------------------------------------------------

1xN016:  >>>>>>>>>>>>>>>>>>>>>>>>>>>>>>>>>>>>>>>>>>>>>>>>>
         Sat Sat Aug 29 15:50:03 2026
         started: calculating matrix coefficients per node
         >>>>>>>>>>>>>>>>>>>>>>>>>>>>>>>>>>>>>>>>>>>>>>>>>

1xN016:  ============================================================
         Matrix computation (PBA)
         	[Perfect Boundary Approximation (PBA), version: default]
         	[GPU acceleration: off (by user)]
         Version: 2025.0 Release from 2024-08-30 (change 1315043)
         PBA version: default, 2.20240218
         Model compatibility: 2025.20240830
         Sub-Workflow: FARM-1xN-TST2-Node
         Workflow updated: -
         Sat Sat Aug 29 15:50:03 2026
         ============================================================

1xN016:  ---------------------------------------------
         Used point accuracy enhancement value: 0.00%.
         ---------------------------------------------

1xN016:  -------------------------------------------------
         Geometry representation: shared-attached
         Shared memory: read-only
         FARM allocation scheme: PA
         Parallelization: on, used

1xN016:  Gap-Detection activated for FARM-topology. Gaps are resolved, even partially.: gap tolerance value is 0.001000 and mesh geometry scale is 0.001000
1xN016:
1xN016:



1xN016:  ----------------------
         Acceleration mode: CPU
         ----------------------

1xN016:  Port homogenization method: M2H point index deviation
1xN016:  cccccccccccccccccccccccccccccccccccccccccccccccccccccccccccccccccccc
         FARM/Meshfill cache is set to 8 (local FI domains: 4, dynamic: true)
         cccccccccccccccccccccccccccccccccccccccccccccccccccccccccccccccccccc

1xN016:  =============================================================
         Hex cell analyzer settings:
         	max number of E fields per mesh edge: 2
         	max number of H fields per mesh face: 4
         	supporting dual grid: false
         	performance improvement: ROI limit: true
         	performance improvement: ROI threshold: 2
         	performance improvement: single topology extraction: true
         	performance improvement: pre-categorize cell volume: true
         	periodic align: 0
         	periodic cells: true
         	homogenization version: pid
         =============================================================

1xN016:  -------------------
         TST Statistics:
         E Split (0 | 0 | 0)
         E Adapt (0 | 0 | 0)
         B Split (0 | 0 | 0)
         B Adapt (0 | 0 | 0)
         -------------------

1xN016:  -------------------------------------------------------------
         TST Version 2.20240218, tst tiny faces fix: on, TST1 BWC: off
         -------------------------------------------------------------

1xN016:  ssssssssssssssssssssssssssssssssssssssssss
         # of curls with SI accuracy enhancement: 0
         ssssssssssssssssssssssssssssssssssssssssss

1xN016:  ------------------------------------------------------------------------------
         PBA fill limit is applied in inverse mode.
         PBA fill limit is applied on faces filled with at least 93.77% metal material.
         --------------------------------------------------------------
         detailed accuracy settings:
         --------------------------------------------------------------
         augmented fill limit:       true
         augmented fill limit value: 93.77
         automatic fill limit:       true
         early fill limit:           true
         inverse fill limit:         true
         model complexity:           0.00
         legacy 2015:                false
         fixed point accuracy:       false
         minimum point accuracy:     0
         mesh step inheritance:      false
         accuracy mode:
         ------------------------------------------------------------------------------

1xN016:  -------------------------------------------------------------------------------
         TST aware field source monitor processing forced by environment variable: false
         No TST aware field source monitors to be processed
         -------------------------------------------------------------------------------

1xN016:  =================================
         Finished matrix computation (PBA)
         =================================

1xN016:  <<<<<<<<<<<<<<<<<<<<<<<<<<<<<<<<<<<<<<<<<<<<<<<<<<<<<<<<<<<<
         Sat Sat Aug 29 15:50:08 2026
         Resource usage for calculating matrix coefficients per node:
         	Runtime                          00:00:05.00547 s
         	Peak Memory Estimation:                   49 MB
         	Peak Memory Usage:                        31 MB
         <<<<<<<<<<<<<<<<<<<<<<<<<<<<<<<<<<<<<<<<<<<<<<<<<<<<<<<<<<<<



1xN017:  =============================================================
         [Boundaries] - MCalc
         mpi, mpi, mpi, open-add-space, open-add-space, open-add-space
         =============================================================

1xN017:  ========================================
         [Mesh] Matrix calculation - NO ACIS mode
         [Mesh] 1xN MPI or parallelization mode
         ========================================

1xN017:  ===============================
         [Mesh] Expansion: -2 2 -2 0 0 0
         ===============================

1xN017:  ==================================================
         [Mesh] world: o(0000,0000,0000) e(0071,0201,0033)
         [Mesh] l-1xN: o(0021,0158,0000) e(0044,0201,0033)
         [Mesh] e-1xN: o(0019,0156,0000) e(0046,0201,0033)
         [Mesh] g-MPI: not available
         [Mesh] bound offset: (-2 | 2 | -2)
         ==================================================

1xN017:  =================================================================================
          - hardware info
            + cpu name                    : Intel(R) Core(TM) 5 120U
            + sockets                     : 1
            + cores per socket            : 2
            + hyperthreading              : on
            + ht-units                    : 2
            + efficiency cores            : 8, not used
            + max cpuid level             : 32
            + max cpuid ext. level        : 8
            + numa nodes                  : 1
            + Numa Memory Info
              numa node     installed     available    (MByte)
                0                 0          7276
            + internal cpu info           : CPUID: selected engine is 'Leaf 0xB detection'
         performance cores:
         apic ids           : 0, 1, 8, 9
         apic ids (fallback): 0, 1, 8, 9
         from cpu registers: 0, 1, 8, 9
         fallback: 0, 1, 8, 9
         combined: 0, 1, 8, 9
         core 0 type: Intel Core
         core 1 type: Intel Core
         core 2 type: Intel Core
         core 3 type: Intel Core
         max id per cpu: 64
         SMT mask: 1
         Core mask: 3e
         Package mask: ffffffc0
         set results:
           - packages: 1
           - cores: 2
           - smts: 2
         generate core map, new implementation
         0, 1, 2, 3
         packages: 1
         cores   : 2
         ht units: 2
         efficiency cores:
         apic ids           : 16, 18, 20, 22, 24, 26, 28, 30
         apic ids (fallback): 16, 18, 20, 22, 24, 26, 28, 30
         from cpu registers: 16, 18, 20, 22, 24, 26, 28, 30
         fallback: 16, 18, 20, 22, 24, 26, 28, 30
         combined: 16, 18, 20, 22, 24, 26, 28, 30
         core 0 type: Intel Atom
         core 1 type: Intel Atom
         core 2 type: Intel Atom
         core 3 type: Intel Atom
         core 4 type: Intel Atom
         core 5 type: Intel Atom
         core 6 type: Intel Atom
         core 7 type: Intel Atom
         max id per cpu: 64
         SMT mask: 1
         Core mask: 3e
         Package mask: ffffffc0
         set results:
           - packages: 1
           - cores: 8
           - smts: 1
         generate core map, new implementation
         0, 1, 2, 3, 4, 5, 6, 7
         packages: 1
         cores   : 8
         ht units: 1
         CPU sockets: 1 != 3
          - pinning rule in use   : PINNING_RULE_MCALC_SKIP_ALL
          - desired group         : 0
          - num cores available   : 12
          - efficiency cores      : 8, not used
          - active core list from affinity:
            + num accessible procs          : 12
            + num logical procs             : 12
            + current affinity (env)        : 0,1,2,3,4,5,6,7,8,9,10,11
            + sockets ids in                : 0
            + core list                  (1): 0,1,2,3,4,5,6,7,8,9,10,11
          - active cores          : 0,1,2,3,4,5,6,7,8,9,10,11
          - hyperthreading        : on
          - skip pinning: + allowed number of sockets = available number of sockets
                          + hyperthreading allowed by solver
         =================================================================================

1xN017:  ===================================================================================================
         Version: 2025.0 Release from 2024-08-30 (change 1315043) [Release]
         Workflow: PBA matrix coefficients
         Operation: [fpba, meshfill, bg, port-path, tst, tst-nextgen, coeff, surface-imp, connectivity-tree]
         Architecture: Windows, ID: AMD64
         System Windows-64bit
         Using processor group 0/1
         Matrix calculation information:
         # of Nodes: 20
         Concurrency: 4
         Start ID: 13
         Node ID: 17
         HEX Mesh information:
         Hex mesh: node: [hxr o(21 | 158 | 0) s(23 | 43 | 33) np (no TSTs): 32637]
         Hex mesh: extended: [hxr o(19 | 156 | 0) s(27 | 45 | 33) np (no TSTs): 40095]
         ===================================================================================================

1xN017:  -----------------------------------------------------
         Memory status on node "1xN017" for matrix calculation
         	Estimated memory consumption: 0.060748 GB
         	Physical memory installed: 16.8062 GB
         	Available physical memory: 7.63853 GB
         	Available relative memory: 45.4506 %
         -----------------------------------------------------

1xN017:  >>>>>>>>>>>>>>>>>>>>>>>>>>>>>>>>>>>>>>>>>>>>>>>>>
         Sat Sat Aug 29 15:49:53 2026
         started: calculating matrix coefficients per node
         >>>>>>>>>>>>>>>>>>>>>>>>>>>>>>>>>>>>>>>>>>>>>>>>>

1xN017:  ============================================================
         Matrix computation (PBA)
         	[Perfect Boundary Approximation (PBA), version: default]
         	[GPU acceleration: off (by user)]
         Version: 2025.0 Release from 2024-08-30 (change 1315043)
         PBA version: default, 2.20240218
         Model compatibility: 2025.20240830
         Sub-Workflow: FARM-1xN-TST2-Node
         Workflow updated: -
         Sat Sat Aug 29 15:49:53 2026
         ============================================================

1xN017:  ---------------------------------------------
         Used point accuracy enhancement value: 0.00%.
         ---------------------------------------------

1xN017:  -------------------------------------------------
         Geometry representation: shared-attached
         Shared memory: read-only
         FARM allocation scheme: PA
         Parallelization: on, used

1xN017:  Gap-Detection activated for FARM-topology. Gaps are resolved, even partially.: gap tolerance value is 0.001000 and mesh geometry scale is 0.001000
1xN017:
1xN017:



1xN017:  ----------------------
         Acceleration mode: CPU
         ----------------------

1xN017:  Port homogenization method: M2H point index deviation
1xN017:  cccccccccccccccccccccccccccccccccccccccccccccccccccccccccccccccccccc
         FARM/Meshfill cache is set to 8 (local FI domains: 8, dynamic: true)
         cccccccccccccccccccccccccccccccccccccccccccccccccccccccccccccccccccc

1xN017:  =============================================================
         Hex cell analyzer settings:
         	max number of E fields per mesh edge: 2
         	max number of H fields per mesh face: 4
         	supporting dual grid: false
         	performance improvement: ROI limit: true
         	performance improvement: ROI threshold: 2
         	performance improvement: single topology extraction: true
         	performance improvement: pre-categorize cell volume: true
         	periodic align: 0
         	periodic cells: true
         	homogenization version: pid
         =============================================================

1xN017:  -------------------
         TST Statistics:
         E Split (0 | 0 | 0)
         E Adapt (0 | 0 | 0)
         B Split (0 | 0 | 0)
         B Adapt (0 | 0 | 0)
         -------------------

1xN017:  -------------------------------------------------------------
         TST Version 2.20240218, tst tiny faces fix: on, TST1 BWC: off
         -------------------------------------------------------------

1xN017:  ssssssssssssssssssssssssssssssssssssssssss
         # of curls with SI accuracy enhancement: 0
         ssssssssssssssssssssssssssssssssssssssssss

1xN017:  ------------------------------------------------------------------------------
         PBA fill limit is applied in inverse mode.
         PBA fill limit is applied on faces filled with at least 93.77% metal material.
         --------------------------------------------------------------
         detailed accuracy settings:
         --------------------------------------------------------------
         augmented fill limit:       true
         augmented fill limit value: 93.77
         automatic fill limit:       true
         early fill limit:           true
         inverse fill limit:         true
         model complexity:           0.00
         legacy 2015:                false
         fixed point accuracy:       false
         minimum point accuracy:     0
         mesh step inheritance:      false
         accuracy mode:
         ------------------------------------------------------------------------------

1xN017:  -------------------------------------------------------------------------------
         TST aware field source monitor processing forced by environment variable: false
         No TST aware field source monitors to be processed
         -------------------------------------------------------------------------------

1xN017:  =================================
         Finished matrix computation (PBA)
         =================================

1xN017:  <<<<<<<<<<<<<<<<<<<<<<<<<<<<<<<<<<<<<<<<<<<<<<<<<<<<<<<<<<<<
         Sat Sat Aug 29 15:50:02 2026
         Resource usage for calculating matrix coefficients per node:
         	Runtime                          00:00:09.00140 s
         	Peak Memory Estimation:                   61 MB
         	Peak Memory Usage:                        46 MB
         <<<<<<<<<<<<<<<<<<<<<<<<<<<<<<<<<<<<<<<<<<<<<<<<<<<<<<<<<<<<



1xN018:  =============================================================
         [Boundaries] - MCalc
         mpi, open-add-space, mpi, mpi, open-add-space, open-add-space
         =============================================================

1xN018:  ========================================
         [Mesh] Matrix calculation - NO ACIS mode
         [Mesh] 1xN MPI or parallelization mode
         ========================================

1xN018:  ===============================
         [Mesh] Expansion: -2 0 -2 2 0 0
         ===============================

1xN018:  ==================================================
         [Mesh] world: o(0000,0000,0000) e(0071,0201,0033)
         [Mesh] l-1xN: o(0042,0139,0000) e(0071,0171,0033)
         [Mesh] e-1xN: o(0040,0137,0000) e(0071,0173,0033)
         [Mesh] g-MPI: not available
         [Mesh] bound offset: (-2 | 0 | -2)
         ==================================================

1xN018:  =================================================================================
          - hardware info
            + cpu name                    : Intel(R) Core(TM) 5 120U
            + sockets                     : 1
            + cores per socket            : 2
            + hyperthreading              : on
            + ht-units                    : 2
            + efficiency cores            : 8, not used
            + max cpuid level             : 32
            + max cpuid ext. level        : 8
            + numa nodes                  : 1
            + Numa Memory Info
              numa node     installed     available    (MByte)
                0                 0          7216
            + internal cpu info           : CPUID: selected engine is 'Leaf 0xB detection'
         performance cores:
         apic ids           : 0, 1, 8, 9
         apic ids (fallback): 0, 1, 8, 9
         from cpu registers: 0, 1, 8, 9
         fallback: 0, 1, 8, 9
         combined: 0, 1, 8, 9
         core 0 type: Intel Core
         core 1 type: Intel Core
         core 2 type: Intel Core
         core 3 type: Intel Core
         max id per cpu: 64
         SMT mask: 1
         Core mask: 3e
         Package mask: ffffffc0
         set results:
           - packages: 1
           - cores: 2
           - smts: 2
         generate core map, new implementation
         0, 1, 2, 3
         packages: 1
         cores   : 2
         ht units: 2
         efficiency cores:
         apic ids           : 16, 18, 20, 22, 24, 26, 28, 30
         apic ids (fallback): 16, 18, 20, 22, 24, 26, 28, 30
         from cpu registers: 16, 18, 20, 22, 24, 26, 28, 30
         fallback: 16, 18, 20, 22, 24, 26, 28, 30
         combined: 16, 18, 20, 22, 24, 26, 28, 30
         core 0 type: Intel Atom
         core 1 type: Intel Atom
         core 2 type: Intel Atom
         core 3 type: Intel Atom
         core 4 type: Intel Atom
         core 5 type: Intel Atom
         core 6 type: Intel Atom
         core 7 type: Intel Atom
         max id per cpu: 64
         SMT mask: 1
         Core mask: 3e
         Package mask: ffffffc0
         set results:
           - packages: 1
           - cores: 8
           - smts: 1
         generate core map, new implementation
         0, 1, 2, 3, 4, 5, 6, 7
         packages: 1
         cores   : 8
         ht units: 1
         CPU sockets: 1 != 3
          - pinning rule in use   : PINNING_RULE_MCALC_SKIP_ALL
          - desired group         : 0
          - num cores available   : 12
          - efficiency cores      : 8, not used
          - active core list from affinity:
            + num accessible procs          : 12
            + num logical procs             : 12
            + current affinity (env)        : 0,1,2,3,4,5,6,7,8,9,10,11
            + sockets ids in                : 0
            + core list                  (1): 0,1,2,3,4,5,6,7,8,9,10,11
          - active cores          : 0,1,2,3,4,5,6,7,8,9,10,11
          - hyperthreading        : on
          - skip pinning: + allowed number of sockets = available number of sockets
                          + hyperthreading allowed by solver
         =================================================================================

1xN018:  ===================================================================================================
         Version: 2025.0 Release from 2024-08-30 (change 1315043) [Release]
         Workflow: PBA matrix coefficients
         Operation: [fpba, meshfill, bg, port-path, tst, tst-nextgen, coeff, surface-imp, connectivity-tree]
         Architecture: Windows, ID: AMD64
         System Windows-64bit
         Using processor group 0/1
         Matrix calculation information:
         # of Nodes: 20
         Concurrency: 4
         Start ID: 6
         Node ID: 18
         HEX Mesh information:
         Hex mesh: node: [hxr o(42 | 139 | 0) s(29 | 32 | 33) np (no TSTs): 30624]
         Hex mesh: extended: [hxr o(40 | 137 | 0) s(31 | 36 | 33) np (no TSTs): 36828]
         ===================================================================================================

1xN018:  -----------------------------------------------------
         Memory status on node "1xN018" for matrix calculation
         	Estimated memory consumption: 0.0844945 GB
         	Physical memory installed: 16.8062 GB
         	Available physical memory: 7.49756 GB
         	Available relative memory: 44.6118 %
         -----------------------------------------------------

1xN018:  >>>>>>>>>>>>>>>>>>>>>>>>>>>>>>>>>>>>>>>>>>>>>>>>>
         Sat Sat Aug 29 15:49:39 2026
         started: calculating matrix coefficients per node
         >>>>>>>>>>>>>>>>>>>>>>>>>>>>>>>>>>>>>>>>>>>>>>>>>

1xN018:  ============================================================
         Matrix computation (PBA)
         	[Perfect Boundary Approximation (PBA), version: default]
         	[GPU acceleration: off (by user)]
         Version: 2025.0 Release from 2024-08-30 (change 1315043)
         PBA version: default, 2.20240218
         Model compatibility: 2025.20240830
         Sub-Workflow: FARM-1xN-TST2-Node
         Workflow updated: -
         Sat Sat Aug 29 15:49:39 2026
         ============================================================

1xN018:  ---------------------------------------------
         Used point accuracy enhancement value: 0.00%.
         ---------------------------------------------

1xN018:  -------------------------------------------------
         Geometry representation: shared-attached
         Shared memory: read-only
         FARM allocation scheme: PA
         Parallelization: on, used

1xN018:  Gap-Detection activated for FARM-topology. Gaps are resolved, even partially.: gap tolerance value is 0.001000 and mesh geometry scale is 0.001000
1xN018:
1xN018:



1xN018:  ----------------------
         Acceleration mode: CPU
         ----------------------

1xN018:  Port homogenization method: M2H point index deviation
1xN018:  cccccccccccccccccccccccccccccccccccccccccccccccccccccccccccccccccccc
         FARM/Meshfill cache is set to 8 (local FI domains: 4, dynamic: true)
         cccccccccccccccccccccccccccccccccccccccccccccccccccccccccccccccccccc

1xN018:  =============================================================
         Hex cell analyzer settings:
         	max number of E fields per mesh edge: 2
         	max number of H fields per mesh face: 4
         	supporting dual grid: false
         	performance improvement: ROI limit: true
         	performance improvement: ROI threshold: 2
         	performance improvement: single topology extraction: true
         	performance improvement: pre-categorize cell volume: true
         	periodic align: 0
         	periodic cells: true
         	homogenization version: pid
         =============================================================

1xN018:  -------------------
         TST Statistics:
         E Split (0 | 0 | 0)
         E Adapt (0 | 0 | 0)
         B Split (0 | 0 | 0)
         B Adapt (0 | 0 | 0)
         -------------------

1xN018:  -------------------------------------------------------------
         TST Version 2.20240218, tst tiny faces fix: on, TST1 BWC: off
         -------------------------------------------------------------

1xN018:  ssssssssssssssssssssssssssssssssssssssssss
         # of curls with SI accuracy enhancement: 0
         ssssssssssssssssssssssssssssssssssssssssss

1xN018:  ------------------------------------------------------------------------------
         PBA fill limit is applied in inverse mode.
         PBA fill limit is applied on faces filled with at least 93.77% metal material.
         --------------------------------------------------------------
         detailed accuracy settings:
         --------------------------------------------------------------
         augmented fill limit:       true
         augmented fill limit value: 93.77
         automatic fill limit:       true
         early fill limit:           true
         inverse fill limit:         true
         model complexity:           0.00
         legacy 2015:                false
         fixed point accuracy:       false
         minimum point accuracy:     0
         mesh step inheritance:      false
         accuracy mode:
         ------------------------------------------------------------------------------

1xN018:  -------------------------------------------------------------------------------
         TST aware field source monitor processing forced by environment variable: false
         No TST aware field source monitors to be processed
         -------------------------------------------------------------------------------

1xN018:  =================================
         Finished matrix computation (PBA)
         =================================

1xN018:  <<<<<<<<<<<<<<<<<<<<<<<<<<<<<<<<<<<<<<<<<<<<<<<<<<<<<<<<<<<<
         Sat Sat Aug 29 15:49:46 2026
         Resource usage for calculating matrix coefficients per node:
         	Runtime                          00:00:07.00550 s
         	Peak Memory Estimation:                   84 MB
         	Peak Memory Usage:                        38 MB
         <<<<<<<<<<<<<<<<<<<<<<<<<<<<<<<<<<<<<<<<<<<<<<<<<<<<<<<<<<<<



1xN019:  ========================================================================
         [Boundaries] - MCalc
         mpi, open-add-space, mpi, open-add-space, open-add-space, open-add-space
         ========================================================================

1xN019:  ========================================
         [Mesh] Matrix calculation - NO ACIS mode
         [Mesh] 1xN MPI or parallelization mode
         ========================================

1xN019:  ===============================
         [Mesh] Expansion: -2 0 -2 0 0 0
         ===============================

1xN019:  ==================================================
         [Mesh] world: o(0000,0000,0000) e(0071,0201,0033)
         [Mesh] l-1xN: o(0042,0169,0000) e(0071,0201,0033)
         [Mesh] e-1xN: o(0040,0167,0000) e(0071,0201,0033)
         [Mesh] g-MPI: not available
         [Mesh] bound offset: (-2 | 0 | -2)
         ==================================================

1xN019:  =================================================================================
          - hardware info
            + cpu name                    : Intel(R) Core(TM) 5 120U
            + sockets                     : 1
            + cores per socket            : 2
            + hyperthreading              : on
            + ht-units                    : 2
            + efficiency cores            : 8, not used
            + max cpuid level             : 32
            + max cpuid ext. level        : 8
            + numa nodes                  : 1
            + Numa Memory Info
              numa node     installed     available    (MByte)
                0                 0          7247
            + internal cpu info           : CPUID: selected engine is 'Leaf 0xB detection'
         performance cores:
         apic ids           : 0, 1, 8, 9
         apic ids (fallback): 0, 1, 8, 9
         from cpu registers: 0, 1, 8, 9
         fallback: 0, 1, 8, 9
         combined: 0, 1, 8, 9
         core 0 type: Intel Core
         core 1 type: Intel Core
         core 2 type: Intel Core
         core 3 type: Intel Core
         max id per cpu: 64
         SMT mask: 1
         Core mask: 3e
         Package mask: ffffffc0
         set results:
           - packages: 1
           - cores: 2
           - smts: 2
         generate core map, new implementation
         0, 1, 2, 3
         packages: 1
         cores   : 2
         ht units: 2
         efficiency cores:
         apic ids           : 16, 18, 20, 22, 24, 26, 28, 30
         apic ids (fallback): 16, 18, 20, 22, 24, 26, 28, 30
         from cpu registers: 16, 18, 20, 22, 24, 26, 28, 30
         fallback: 16, 18, 20, 22, 24, 26, 28, 30
         combined: 16, 18, 20, 22, 24, 26, 28, 30
         core 0 type: Intel Atom
         core 1 type: Intel Atom
         core 2 type: Intel Atom
         core 3 type: Intel Atom
         core 4 type: Intel Atom
         core 5 type: Intel Atom
         core 6 type: Intel Atom
         core 7 type: Intel Atom
         max id per cpu: 64
         SMT mask: 1
         Core mask: 3e
         Package mask: ffffffc0
         set results:
           - packages: 1
           - cores: 8
           - smts: 1
         generate core map, new implementation
         0, 1, 2, 3, 4, 5, 6, 7
         packages: 1
         cores   : 8
         ht units: 1
         CPU sockets: 1 != 3
          - pinning rule in use   : PINNING_RULE_MCALC_SKIP_ALL
          - desired group         : 0
          - num cores available   : 12
          - efficiency cores      : 8, not used
          - active core list from affinity:
            + num accessible procs          : 12
            + num logical procs             : 12
            + current affinity (env)        : 0,1,2,3,4,5,6,7,8,9,10,11
            + sockets ids in                : 0
            + core list                  (1): 0,1,2,3,4,5,6,7,8,9,10,11
          - active cores          : 0,1,2,3,4,5,6,7,8,9,10,11
          - hyperthreading        : on
          - skip pinning: + allowed number of sockets = available number of sockets
                          + hyperthreading allowed by solver
         =================================================================================

1xN019:  ===================================================================================================
         Version: 2025.0 Release from 2024-08-30 (change 1315043) [Release]
         Workflow: PBA matrix coefficients
         Operation: [fpba, meshfill, bg, port-path, tst, tst-nextgen, coeff, surface-imp, connectivity-tree]
         Architecture: Windows, ID: AMD64
         System Windows-64bit
         Using processor group 0/1
         Matrix calculation information:
         # of Nodes: 20
         Concurrency: 4
         Start ID: 17
         Node ID: 19
         HEX Mesh information:
         Hex mesh: node: [hxr o(42 | 169 | 0) s(29 | 32 | 33) np (no TSTs): 30624]
         Hex mesh: extended: [hxr o(40 | 167 | 0) s(31 | 34 | 33) np (no TSTs): 34782]
         ===================================================================================================

1xN019:  -----------------------------------------------------
         Memory status on node "1xN019" for matrix calculation
         	Estimated memory consumption: 0.0481721 GB
         	Physical memory installed: 16.8062 GB
         	Available physical memory: 7.57969 GB
         	Available relative memory: 45.1005 %
         -----------------------------------------------------

1xN019:  >>>>>>>>>>>>>>>>>>>>>>>>>>>>>>>>>>>>>>>>>>>>>>>>>
         Sat Sat Aug 29 15:50:03 2026
         started: calculating matrix coefficients per node
         >>>>>>>>>>>>>>>>>>>>>>>>>>>>>>>>>>>>>>>>>>>>>>>>>

1xN019:  ============================================================
         Matrix computation (PBA)
         	[Perfect Boundary Approximation (PBA), version: default]
         	[GPU acceleration: off (by user)]
         Version: 2025.0 Release from 2024-08-30 (change 1315043)
         PBA version: default, 2.20240218
         Model compatibility: 2025.20240830
         Sub-Workflow: FARM-1xN-TST2-Node
         Workflow updated: -
         Sat Sat Aug 29 15:50:03 2026
         ============================================================

1xN019:  ---------------------------------------------
         Used point accuracy enhancement value: 0.00%.
         ---------------------------------------------

1xN019:  -------------------------------------------------
         Geometry representation: shared-attached
         Shared memory: read-only
         FARM allocation scheme: PA
         Parallelization: on, used

1xN019:  Gap-Detection activated for FARM-topology. Gaps are resolved, even partially.: gap tolerance value is 0.001000 and mesh geometry scale is 0.001000
1xN019:
1xN019:



1xN019:  ----------------------
         Acceleration mode: CPU
         ----------------------

1xN019:  Port homogenization method: M2H point index deviation
1xN019:  cccccccccccccccccccccccccccccccccccccccccccccccccccccccccccccccccccc
         FARM/Meshfill cache is set to 8 (local FI domains: 2, dynamic: true)
         cccccccccccccccccccccccccccccccccccccccccccccccccccccccccccccccccccc

1xN019:  =============================================================
         Hex cell analyzer settings:
         	max number of E fields per mesh edge: 2
         	max number of H fields per mesh face: 4
         	supporting dual grid: false
         	performance improvement: ROI limit: true
         	performance improvement: ROI threshold: 2
         	performance improvement: single topology extraction: true
         	performance improvement: pre-categorize cell volume: true
         	periodic align: 0
         	periodic cells: true
         	homogenization version: pid
         =============================================================

1xN019:  -------------------
         TST Statistics:
         E Split (0 | 0 | 0)
         E Adapt (0 | 0 | 0)
         B Split (0 | 0 | 0)
         B Adapt (0 | 0 | 0)
         -------------------

1xN019:  -------------------------------------------------------------
         TST Version 2.20240218, tst tiny faces fix: on, TST1 BWC: off
         -------------------------------------------------------------

1xN019:  ssssssssssssssssssssssssssssssssssssssssss
         # of curls with SI accuracy enhancement: 0
         ssssssssssssssssssssssssssssssssssssssssss

1xN019:  ------------------------------------------------------------------------------
         PBA fill limit is applied in inverse mode.
         PBA fill limit is applied on faces filled with at least 93.77% metal material.
         --------------------------------------------------------------
         detailed accuracy settings:
         --------------------------------------------------------------
         augmented fill limit:       true
         augmented fill limit value: 93.77
         automatic fill limit:       true
         early fill limit:           true
         inverse fill limit:         true
         model complexity:           0.00
         legacy 2015:                false
         fixed point accuracy:       false
         minimum point accuracy:     0
         mesh step inheritance:      false
         accuracy mode:
         ------------------------------------------------------------------------------

1xN019:  -------------------------------------------------------------------------------
         TST aware field source monitor processing forced by environment variable: false
         No TST aware field source monitors to be processed
         -------------------------------------------------------------------------------

1xN019:  =================================
         Finished matrix computation (PBA)
         =================================

1xN019:  <<<<<<<<<<<<<<<<<<<<<<<<<<<<<<<<<<<<<<<<<<<<<<<<<<<<<<<<<<<<
         Sat Sat Aug 29 15:50:08 2026
         Resource usage for calculating matrix coefficients per node:
         	Runtime                          00:00:05.00423 s
         	Peak Memory Estimation:                   48 MB
         	Peak Memory Usage:                        31 MB
         <<<<<<<<<<<<<<<<<<<<<<<<<<<<<<<<<<<<<<<<<<<<<<<<<<<<<<<<<<<<



<<<<<<<<<<<<<<<<<<<<<<<<<<<<<<<<<<<<<<<<<<<<<<<<<
Sat Sat Aug 29 15:50:13 2026
Resource usage for parallelization control:
	Runtime                      00:00:45.00104 s
<<<<<<<<<<<<<<<<<<<<<<<<<<<<<<<<<<<<<<<<<<<<<<<<<

------------------------------------------------------------------------------------------------------------------------------
PBAMeshFeedback - InfoMap: 0[ms] - SBCell navigation: Using legacy edges - CornerCorrectionLinesAndWires: 0[ms] - Write: 0[ms]
ConnectivityAXG - Load: 11[ms] - Setup: 0[ms] - Convert: 0[ms] ( Groups: 2 - Shapes: 3 - Threads: 10 ) - Write: 1[ms]
ConnectivityAXG - Load: 11[ms] - Setup: 0[ms] - Convert: 0[ms] ( Groups: 2 - Shapes: 3 - Threads: 10 ) - Write: 1[ms]
------------------------------------------------------------------------------------------------------------------------------

--------------------------------
# of staircase filled cells: 0
# of staircase filled areas: 0
# of staircase filled edges: 0
# of faces above fill limit: 0
# of edges with FPBA topology: 0
--------------------------------

